solid OpenSCAD_Model
  facet normal 0 0 -1
    outer loop
      vertex 9.99101436430589 -0.19444958155686076 1
      vertex 9.990407078044662 -0.19526841229093309 1
      vertex 10 0 1
    endloop
  endfacet
  facet normal 0 0 -1
    outer loop
      vertex 9.99101436430589 -0.19444958155686076 1
      vertex 10.008672442521924 0.16498885788909917 1
      vertex 10.008672442521924 -0.16498885788909917 1
    endloop
  endfacet
  facet normal 0 0 -1
    outer loop
      vertex 9.99101436430589 -0.19444958155686076 1
      vertex 10 0 1
      vertex 10.008672442521924 0.16498885788909917 1
    endloop
  endfacet
  facet normal 0 0 -1
    outer loop
      vertex 10.008672442521924 -0.16498885788909917 1
      vertex 10.023357836378949 0.13393920132778142 1
      vertex 10.023357836378949 -0.13393920132778142 1
    endloop
  endfacet
  facet normal 0 0 -1
    outer loop
      vertex 10.023357836378949 -0.13393920132778142 1
      vertex 10.034929117506273 0.10159963703906182 1
      vertex 10.034929117506273 -0.10159963703906182 1
    endloop
  endfacet
  facet normal 0 0 -1
    outer loop
      vertex 10.034929117506273 -0.10159963703906182 1
      vertex 10.04327484814113 0.06828161270564488 1
      vertex 10.04327484814113 -0.06828161270564488 1
    endloop
  endfacet
  facet normal 0 0 -1
    outer loop
      vertex 10.04327484814113 -0.06828161270564488 1
      vertex 10.048314654335268 0.03430599911534621 1
      vertex 10.048314654335268 -0.03430599911534621 1
    endloop
  endfacet
  facet normal 0.8032075314809015 -0.5956993044920873 3.897699560712026e-21
    outer loop
      vertex 9.99101436430589 -0.19444958155686076 1
      vertex 9.990407078044662 -0.19526841229093309 13
      vertex 9.990407078044662 -0.19526841229093309 1
    endloop
  endfacet
  facet normal 0.8577286100002697 -0.5141027441932255 0
    outer loop
      vertex 9.99101436430589 -0.19444958155686076 1
      vertex 10.008672442521924 -0.16498885788909917 1
      vertex 9.99101436430589 -0.19444958155686076 13
    endloop
  endfacet
  facet normal 0.9039892931234526 -0.42755509343026243 0
    outer loop
      vertex 10.008672442521924 -0.16498885788909917 1
      vertex 10.023357836378949 -0.13393920132778142 1
      vertex 10.008672442521924 -0.16498885788909917 13
    endloop
  endfacet
  facet normal 0.9415440651830085 -0.3368898533922547 0
    outer loop
      vertex 10.023357836378949 -0.13393920132778142 1
      vertex 10.034929117506273 -0.10159963703906182 1
      vertex 10.023357836378949 -0.13393920132778142 13
    endloop
  endfacet
  facet normal 0.9700312531945546 -0.2429801799032212 0
    outer loop
      vertex 10.034929117506273 -0.10159963703906182 1
      vertex 10.04327484814113 -0.06828161270564488 1
      vertex 10.034929117506273 -0.10159963703906182 13
    endloop
  endfacet
  facet normal 0.9891765099647777 -0.1467304744553836 0
    outer loop
      vertex 10.04327484814113 -0.06828161270564488 1
      vertex 10.048314654335268 -0.03430599911534621 1
      vertex 10.04327484814113 -0.06828161270564488 13
    endloop
  endfacet
  facet normal 0.9987954562051728 -0.049067674327408876 0
    outer loop
      vertex 10.048314654335268 -0.03430599911534621 1
      vertex 10.049999999999999 0 1
      vertex 10.048314654335268 -0.03430599911534621 13
    endloop
  endfacet
  facet normal 0.8032075314809015 -0.5956993044920873 0
    outer loop
      vertex 9.99101436430589 -0.19444958155686076 1
      vertex 9.99101436430589 -0.19444958155686076 13
      vertex 9.990407078044662 -0.19526841229093309 13
    endloop
  endfacet
  facet normal 0.8577286100002697 -0.5141027441932255 0
    outer loop
      vertex 10.008672442521924 -0.16498885788909917 1
      vertex 10.008672442521924 -0.16498885788909917 13
      vertex 9.99101436430589 -0.19444958155686076 13
    endloop
  endfacet
  facet normal 0.9039892931234526 -0.42755509343026243 0
    outer loop
      vertex 10.023357836378949 -0.13393920132778142 1
      vertex 10.023357836378949 -0.13393920132778142 13
      vertex 10.008672442521924 -0.16498885788909917 13
    endloop
  endfacet
  facet normal 0.9415440651830085 -0.3368898533922547 0
    outer loop
      vertex 10.034929117506273 -0.10159963703906182 1
      vertex 10.034929117506273 -0.10159963703906182 13
      vertex 10.023357836378949 -0.13393920132778142 13
    endloop
  endfacet
  facet normal 0.9700312531945546 -0.2429801799032212 0
    outer loop
      vertex 10.04327484814113 -0.06828161270564488 1
      vertex 10.04327484814113 -0.06828161270564488 13
      vertex 10.034929117506273 -0.10159963703906182 13
    endloop
  endfacet
  facet normal 0.9891765099647777 -0.1467304744553836 0
    outer loop
      vertex 10.048314654335268 -0.03430599911534621 1
      vertex 10.048314654335268 -0.03430599911534621 13
      vertex 10.04327484814113 -0.06828161270564488 13
    endloop
  endfacet
  facet normal 0.9987954562051728 -0.049067674327408876 -6.884836709212231e-21
    outer loop
      vertex 10.048314654335268 -0.03430599911534621 13
      vertex 10.049999999999999 0 1
      vertex 10.049999999999999 0 13
    endloop
  endfacet
  facet normal 0 0 1
    outer loop
      vertex 9.99101436430589 -0.19444958155686076 13
      vertex 10 0 13
      vertex 9.990407078044662 -0.19526841229093309 13
    endloop
  endfacet
  facet normal 0 0 1
    outer loop
      vertex 9.99101436430589 -0.19444958155686076 13
      vertex 10.008672442521924 -0.16498885788909917 13
      vertex 10 0 13
    endloop
  endfacet
  facet normal 0 0 1
    outer loop
      vertex 10.008672442521924 -0.16498885788909917 13
      vertex 10.023357836378949 -0.13393920132778142 13
      vertex 10.008672442521924 0.16498885788909917 13
    endloop
  endfacet
  facet normal 0 0 1
    outer loop
      vertex 10.023357836378949 -0.13393920132778142 13
      vertex 10.034929117506273 -0.10159963703906182 13
      vertex 10.023357836378949 0.13393920132778142 13
    endloop
  endfacet
  facet normal 0 0 1
    outer loop
      vertex 10.034929117506273 -0.10159963703906182 13
      vertex 10.04327484814113 -0.06828161270564488 13
      vertex 10.034929117506273 0.10159963703906182 13
    endloop
  endfacet
  facet normal 0 0 1
    outer loop
      vertex 10.04327484814113 -0.06828161270564488 13
      vertex 10.048314654335268 -0.03430599911534621 13
      vertex 10.04327484814113 0.06828161270564488 13
    endloop
  endfacet
  facet normal 0 0 -1
    outer loop
      vertex 10.023357836378949 -0.13393920132778142 1
      vertex 10.023357836378949 0.13393920132778142 1
      vertex 10.034929117506273 0.10159963703906182 1
    endloop
  endfacet
  facet normal 0 0 -1
    outer loop
      vertex 10.048314654335268 -0.03430599911534621 1
      vertex 10.048314654335268 0.03430599911534621 1
      vertex 10.049999999999999 0 1
    endloop
  endfacet
  facet normal 0 0 -1
    outer loop
      vertex 10.04327484814113 -0.06828161270564488 1
      vertex 10.04327484814113 0.06828161270564488 1
      vertex 10.048314654335268 0.03430599911534621 1
    endloop
  endfacet
  facet normal 0 0 -1
    outer loop
      vertex 10.034929117506273 -0.10159963703906182 1
      vertex 10.034929117506273 0.10159963703906182 1
      vertex 10.04327484814113 0.06828161270564488 1
    endloop
  endfacet
  facet normal 0 0 -1
    outer loop
      vertex 10.008672442521924 -0.16498885788909917 1
      vertex 10.008672442521924 0.16498885788909917 1
      vertex 10.023357836378949 0.13393920132778142 1
    endloop
  endfacet
  facet normal 0 0 -1
    outer loop
      vertex 10 0 1
      vertex 9.990407078044662 0.19526841229093309 1
      vertex 9.99101436430589 0.19444958155686076 1
    endloop
  endfacet
  facet normal 0 0 -1
    outer loop
      vertex 10 0 1
      vertex 9.99101436430589 0.19444958155686076 1
      vertex 10.008672442521924 0.16498885788909917 1
    endloop
  endfacet
  facet normal 0.9987954562051728 0.049067674327408876 0
    outer loop
      vertex 10.049999999999999 0 1
      vertex 10.048314654335268 0.03430599911534621 1
      vertex 10.049999999999999 0 13
    endloop
  endfacet
  facet normal 0.9891765099647777 0.1467304744553836 0
    outer loop
      vertex 10.048314654335268 0.03430599911534621 1
      vertex 10.04327484814113 0.06828161270564488 1
      vertex 10.048314654335268 0.03430599911534621 13
    endloop
  endfacet
  facet normal 0.9700312531945546 0.2429801799032212 0
    outer loop
      vertex 10.04327484814113 0.06828161270564488 1
      vertex 10.034929117506273 0.10159963703906182 1
      vertex 10.04327484814113 0.06828161270564488 13
    endloop
  endfacet
  facet normal 0.9415440651830085 0.3368898533922547 0
    outer loop
      vertex 10.034929117506273 0.10159963703906182 1
      vertex 10.023357836378949 0.13393920132778142 1
      vertex 10.034929117506273 0.10159963703906182 13
    endloop
  endfacet
  facet normal 0.9039892931234526 0.42755509343026243 0
    outer loop
      vertex 10.023357836378949 0.13393920132778142 1
      vertex 10.008672442521924 0.16498885788909917 1
      vertex 10.023357836378949 0.13393920132778142 13
    endloop
  endfacet
  facet normal 0.8032075314809015 0.5956993044920873 0
    outer loop
      vertex 9.99101436430589 0.19444958155686076 1
      vertex 9.990407078044662 0.19526841229093309 1
      vertex 9.99101436430589 0.19444958155686076 13
    endloop
  endfacet
  facet normal 0.8577286100002697 0.5141027441932255 -8.107730267326126e-20
    outer loop
      vertex 9.99101436430589 0.19444958155686076 1
      vertex 10.008672442521924 0.16498885788909917 13
      vertex 10.008672442521924 0.16498885788909917 1
    endloop
  endfacet
  facet normal 0.9987954562051728 0.049067674327408876 0
    outer loop
      vertex 10.048314654335268 0.03430599911534621 1
      vertex 10.048314654335268 0.03430599911534621 13
      vertex 10.049999999999999 0 13
    endloop
  endfacet
  facet normal 0.9891765099647777 0.1467304744553836 0
    outer loop
      vertex 10.04327484814113 0.06828161270564488 1
      vertex 10.04327484814113 0.06828161270564488 13
      vertex 10.048314654335268 0.03430599911534621 13
    endloop
  endfacet
  facet normal 0.9700312531945546 0.2429801799032212 0
    outer loop
      vertex 10.034929117506273 0.10159963703906182 1
      vertex 10.034929117506273 0.10159963703906182 13
      vertex 10.04327484814113 0.06828161270564488 13
    endloop
  endfacet
  facet normal 0.9415440651830085 0.3368898533922547 0
    outer loop
      vertex 10.023357836378949 0.13393920132778142 1
      vertex 10.023357836378949 0.13393920132778142 13
      vertex 10.034929117506273 0.10159963703906182 13
    endloop
  endfacet
  facet normal 0.9039892931234526 0.42755509343026243 0
    outer loop
      vertex 10.008672442521924 0.16498885788909917 1
      vertex 10.008672442521924 0.16498885788909917 13
      vertex 10.023357836378949 0.13393920132778142 13
    endloop
  endfacet
  facet normal 0.8032075314809015 0.5956993044920873 0
    outer loop
      vertex 9.990407078044662 0.19526841229093309 1
      vertex 9.990407078044662 0.19526841229093309 13
      vertex 9.99101436430589 0.19444958155686076 13
    endloop
  endfacet
  facet normal 0.8577286100002697 0.5141027441932255 0
    outer loop
      vertex 9.99101436430589 0.19444958155686076 1
      vertex 9.99101436430589 0.19444958155686076 13
      vertex 10.008672442521924 0.16498885788909917 13
    endloop
  endfacet
  facet normal 0 0 1
    outer loop
      vertex 10.008672442521924 -0.16498885788909917 13
      vertex 9.99101436430589 0.19444958155686076 13
      vertex 10 0 13
    endloop
  endfacet
  facet normal 0 0 1
    outer loop
      vertex 10.008672442521924 -0.16498885788909917 13
      vertex 10.008672442521924 0.16498885788909917 13
      vertex 9.99101436430589 0.19444958155686076 13
    endloop
  endfacet
  facet normal 0 0 1
    outer loop
      vertex 10.048314654335268 -0.03430599911534621 13
      vertex 10.049999999999999 0 13
      vertex 10.048314654335268 0.03430599911534621 13
    endloop
  endfacet
  facet normal 0 0 1
    outer loop
      vertex 10.048314654335268 -0.03430599911534621 13
      vertex 10.048314654335268 0.03430599911534621 13
      vertex 10.04327484814113 0.06828161270564488 13
    endloop
  endfacet
  facet normal 0 0 1
    outer loop
      vertex 10.04327484814113 -0.06828161270564488 13
      vertex 10.04327484814113 0.06828161270564488 13
      vertex 10.034929117506273 0.10159963703906182 13
    endloop
  endfacet
  facet normal 0 0 1
    outer loop
      vertex 10.023357836378949 -0.13393920132778142 13
      vertex 10.023357836378949 0.13393920132778142 13
      vertex 10.008672442521924 0.16498885788909917 13
    endloop
  endfacet
  facet normal 0 0 1
    outer loop
      vertex 10.034929117506273 -0.10159963703906182 13
      vertex 10.034929117506273 0.10159963703906182 13
      vertex 10.023357836378949 0.13393920132778142 13
    endloop
  endfacet
  facet normal 0 0 1
    outer loop
      vertex 10 0 13
      vertex 9.99101436430589 0.19444958155686076 13
      vertex 9.990407078044662 0.19526841229093309 13
    endloop
  endfacet
  facet normal 0 0 -1
    outer loop
      vertex 9.807852804032304 1.9509032201612824 1
      vertex 9.809608650670027 2.154903750666759 1
      vertex 9.816054138529518 1.8956143139874293 1
    endloop
  endfacet
  facet normal 0 0 -1
    outer loop
      vertex 9.816054138529518 1.8956143139874293 1
      vertex 9.821602252275119 2.1227184203771663 1
      vertex 9.824262048593193 1.919536554873813 1
    endloop
  endfacet
  facet normal 0 0 -1
    outer loop
      vertex 9.824262048593193 1.919536554873813 1
      vertex 9.830383387374747 2.089512492718481 1
      vertex 9.832170944765299 1.9529609670100136 1
    endloop
  endfacet
  facet normal 0 0 -1
    outer loop
      vertex 9.832170944765299 1.9529609670100136 1
      vertex 9.835867488837648 2.0556057589262626 1
      vertex 9.836765592145829 1.9869996388519109 1
    endloop
  endfacet
  facet normal 0 0 -1
    outer loop
      vertex 9.836765592145829 1.9869996388519109 1
      vertex 9.835867488837648 2.0556057589262626 1
      vertex 9.838001741768815 2.021324759382236 1
    endloop
  endfacet
  facet normal 0 0 -1
    outer loop
      vertex 9.807852804032304 1.9509032201612824 1
      vertex 9.794518087499304 2.1857585212622785 1
      vertex 9.809608650670027 2.154903750666759 1
    endloop
  endfacet
  facet normal 0 0 -1
    outer loop
      vertex 9.732258388062503 2.2674490811308945 1
      vertex 9.807852804032304 1.9509032201612824 1
      vertex 9.727512829572374 2.2716383769876938 1
    endloop
  endfacet
  facet normal 0 0 -1
    outer loop
      vertex 9.732258388062503 2.2674490811308945 1
      vertex 9.755655823773564 2.2423034658578795 1
      vertex 9.807852804032304 1.9509032201612824 1
    endloop
  endfacet
  facet normal 0 0 -1
    outer loop
      vertex 9.807852804032304 1.9509032201612824 1
      vertex 9.776475893135618 2.214985583855957 1
      vertex 9.794518087499304 2.1857585212622785 1
    endloop
  endfacet
  facet normal 0 0 -1
    outer loop
      vertex 9.807852804032304 1.9509032201612824 1
      vertex 9.755655823773564 2.2423034658578795 1
      vertex 9.776475893135618 2.214985583855957 1
    endloop
  endfacet
  facet normal 0 0 -1
    outer loop
      vertex 9.832170944765299 1.9529609670100136 1
      vertex 9.830383387374747 2.089512492718481 1
      vertex 9.835867488837648 2.0556057589262626 1
    endloop
  endfacet
  facet normal 0 0 -1
    outer loop
      vertex 9.824262048593193 1.919536554873813 1
      vertex 9.821602252275119 2.1227184203771663 1
      vertex 9.830383387374747 2.089512492718481 1
    endloop
  endfacet
  facet normal 0 0 -1
    outer loop
      vertex 9.816054138529518 1.8956143139874293 1
      vertex 9.809608650670027 2.154903750666759 1
      vertex 9.821602252275119 2.1227184203771663 1
    endloop
  endfacet
  facet normal 0.6618026701931012 0.7496780813957958 0
    outer loop
      vertex 9.732258388062503 2.2674490811308945 1
      vertex 9.727512829572374 2.2716383769876938 1
      vertex 9.732258388062503 2.2674490811308945 13
    endloop
  endfacet
  facet normal 0.9458731527517755 -0.32453656019532895 0
    outer loop
      vertex 9.816054138529518 1.8956143139874293 1
      vertex 9.824262048593193 1.919536554873813 1
      vertex 9.816054138529518 1.8956143139874293 13
    endloop
  endfacet
  facet normal 0.9731286605505856 -0.230262046405879 0
    outer loop
      vertex 9.824262048593193 1.919536554873813 1
      vertex 9.832170944765299 1.9529609670100136 1
      vertex 9.824262048593193 1.919536554873813 13
    endloop
  endfacet
  facet normal 0.9910124073820465 -0.1337699832355549 0
    outer loop
      vertex 9.832170944765299 1.9529609670100136 1
      vertex 9.836765592145829 1.9869996388519109 1
      vertex 9.832170944765299 1.9529609670100136 13
    endloop
  endfacet
  facet normal 0.9993521629879432 -0.03598964200043684 0
    outer loop
      vertex 9.836765592145829 1.9869996388519109 1
      vertex 9.838001741768815 2.021324759382236 1
      vertex 9.836765592145829 1.9869996388519109 13
    endloop
  endfacet
  facet normal 0.898315322910174 0.4393513179959631 3.869848701753092e-20
    outer loop
      vertex 9.794518087499304 2.1857585212622785 1
      vertex 9.809608650670027 2.154903750666759 13
      vertex 9.809608650670027 2.154903750666759 1
    endloop
  endfacet
  facet normal 0.9871711222448208 0.15966582416378633 0
    outer loop
      vertex 9.835867488837648 2.0556057589262626 1
      vertex 9.830383387374747 2.089512492718481 1
      vertex 9.835867488837648 2.0556057589262626 13
    endloop
  endfacet
  facet normal 0.998067610962801 0.06213729916086423 0
    outer loop
      vertex 9.838001741768815 2.021324759382236 1
      vertex 9.835867488837648 2.0556057589262626 1
      vertex 9.838001741768815 2.021324759382236 13
    endloop
  endfacet
  facet normal 0.9667676359770051 0.2556566799976734 0
    outer loop
      vertex 9.830383387374747 2.089512492718481 1
      vertex 9.821602252275119 2.1227184203771663 1
      vertex 9.830383387374747 2.089512492718481 13
    endloop
  endfacet
  facet normal 0.9370536488857665 0.3491854222470788 3.99080644269615e-20
    outer loop
      vertex 9.809608650670027 2.154903750666759 1
      vertex 9.821602252275119 2.1227184203771663 13
      vertex 9.821602252275119 2.1227184203771663 1
    endloop
  endfacet
  facet normal 0.7953412557649242 0.6061619312347759 1.245745145548919e-19
    outer loop
      vertex 9.755655823773564 2.2423034658578795 1
      vertex 9.776475893135618 2.214985583855957 13
      vertex 9.776475893135618 2.214985583855957 1
    endloop
  endfacet
  facet normal 0.73209721115326 0.6812001713311727 -6.608893792056513e-20
    outer loop
      vertex 9.732258388062503 2.2674490811308945 1
      vertex 9.755655823773564 2.2423034658578795 13
      vertex 9.755655823773564 2.2423034658578795 1
    endloop
  endfacet
  facet normal 0.8509257293057877 0.5252860203788154 0
    outer loop
      vertex 9.794518087499304 2.1857585212622785 1
      vertex 9.776475893135618 2.214985583855957 1
      vertex 9.794518087499304 2.1857585212622785 13
    endloop
  endfacet
  facet normal 0.6618026701931012 0.7496780813957958 0
    outer loop
      vertex 9.727512829572374 2.2716383769876938 1
      vertex 9.727512829572374 2.2716383769876938 13
      vertex 9.732258388062503 2.2674490811308945 13
    endloop
  endfacet
  facet normal 0.9458731527517755 -0.32453656019532895 0
    outer loop
      vertex 9.824262048593193 1.919536554873813 1
      vertex 9.824262048593193 1.919536554873813 13
      vertex 9.816054138529518 1.8956143139874293 13
    endloop
  endfacet
  facet normal 0.9731286605505856 -0.230262046405879 0
    outer loop
      vertex 9.832170944765299 1.9529609670100136 1
      vertex 9.832170944765299 1.9529609670100136 13
      vertex 9.824262048593193 1.919536554873813 13
    endloop
  endfacet
  facet normal 0.9910124073820465 -0.1337699832355549 0
    outer loop
      vertex 9.836765592145829 1.9869996388519109 1
      vertex 9.836765592145829 1.9869996388519109 13
      vertex 9.832170944765299 1.9529609670100136 13
    endloop
  endfacet
  facet normal 0.9993521629879432 -0.03598964200043684 0
    outer loop
      vertex 9.838001741768815 2.021324759382236 1
      vertex 9.838001741768815 2.021324759382236 13
      vertex 9.836765592145829 1.9869996388519109 13
    endloop
  endfacet
  facet normal 0.9370536488857665 0.3491854222470788 0
    outer loop
      vertex 9.809608650670027 2.154903750666759 1
      vertex 9.809608650670027 2.154903750666759 13
      vertex 9.821602252275119 2.1227184203771663 13
    endloop
  endfacet
  facet normal 0.898315322910174 0.4393513179959631 0
    outer loop
      vertex 9.794518087499304 2.1857585212622785 1
      vertex 9.794518087499304 2.1857585212622785 13
      vertex 9.809608650670027 2.154903750666759 13
    endloop
  endfacet
  facet normal 0.998067610962801 0.06213729916086423 0
    outer loop
      vertex 9.835867488837648 2.0556057589262626 1
      vertex 9.835867488837648 2.0556057589262626 13
      vertex 9.838001741768815 2.021324759382236 13
    endloop
  endfacet
  facet normal 0.9871711222448208 0.15966582416378633 0
    outer loop
      vertex 9.830383387374747 2.089512492718481 1
      vertex 9.830383387374747 2.089512492718481 13
      vertex 9.835867488837648 2.0556057589262626 13
    endloop
  endfacet
  facet normal 0.9667676359770051 0.2556566799976734 0
    outer loop
      vertex 9.821602252275119 2.1227184203771663 1
      vertex 9.821602252275119 2.1227184203771663 13
      vertex 9.830383387374747 2.089512492718481 13
    endloop
  endfacet
  facet normal 0.73209721115326 0.6812001713311727 0
    outer loop
      vertex 9.732258388062503 2.2674490811308945 1
      vertex 9.732258388062503 2.2674490811308945 13
      vertex 9.755655823773564 2.2423034658578795 13
    endloop
  endfacet
  facet normal 0.7953412557649242 0.6061619312347759 0
    outer loop
      vertex 9.755655823773564 2.2423034658578795 1
      vertex 9.755655823773564 2.2423034658578795 13
      vertex 9.776475893135618 2.214985583855957 13
    endloop
  endfacet
  facet normal 0.8509257293057877 0.5252860203788154 0
    outer loop
      vertex 9.776475893135618 2.214985583855957 1
      vertex 9.776475893135618 2.214985583855957 13
      vertex 9.794518087499304 2.1857585212622785 13
    endloop
  endfacet
  facet normal 0 0 1
    outer loop
      vertex 9.807852804032304 1.9509032201612824 13
      vertex 9.816054138529518 1.8956143139874293 13
      vertex 9.824262048593193 1.919536554873813 13
    endloop
  endfacet
  facet normal 0 0 1
    outer loop
      vertex 9.824262048593193 1.919536554873813 13
      vertex 9.832170944765299 1.9529609670100136 13
      vertex 9.830383387374747 2.089512492718481 13
    endloop
  endfacet
  facet normal 0 0 1
    outer loop
      vertex 9.807852804032304 1.9509032201612824 13
      vertex 9.824262048593193 1.919536554873813 13
      vertex 9.821602252275119 2.1227184203771663 13
    endloop
  endfacet
  facet normal 0 0 1
    outer loop
      vertex 9.832170944765299 1.9529609670100136 13
      vertex 9.836765592145829 1.9869996388519109 13
      vertex 9.835867488837648 2.0556057589262626 13
    endloop
  endfacet
  facet normal 0 0 1
    outer loop
      vertex 9.836765592145829 1.9869996388519109 13
      vertex 9.838001741768815 2.021324759382236 13
      vertex 9.835867488837648 2.0556057589262626 13
    endloop
  endfacet
  facet normal 0 0 1
    outer loop
      vertex 9.807852804032304 1.9509032201612824 13
      vertex 9.821602252275119 2.1227184203771663 13
      vertex 9.809608650670027 2.154903750666759 13
    endloop
  endfacet
  facet normal 0 0 1
    outer loop
      vertex 9.727512829572374 2.2716383769876938 13
      vertex 9.807852804032304 1.9509032201612824 13
      vertex 9.809608650670027 2.154903750666759 13
    endloop
  endfacet
  facet normal 0 0 1
    outer loop
      vertex 9.832170944765299 1.9529609670100136 13
      vertex 9.835867488837648 2.0556057589262626 13
      vertex 9.830383387374747 2.089512492718481 13
    endloop
  endfacet
  facet normal 0 0 1
    outer loop
      vertex 9.824262048593193 1.919536554873813 13
      vertex 9.830383387374747 2.089512492718481 13
      vertex 9.821602252275119 2.1227184203771663 13
    endloop
  endfacet
  facet normal 0 0 1
    outer loop
      vertex 9.727512829572374 2.2716383769876938 13
      vertex 9.794518087499304 2.1857585212622785 13
      vertex 9.776475893135618 2.214985583855957 13
    endloop
  endfacet
  facet normal 0 0 1
    outer loop
      vertex 9.727512829572374 2.2716383769876938 13
      vertex 9.776475893135618 2.214985583855957 13
      vertex 9.755655823773564 2.2423034658578795 13
    endloop
  endfacet
  facet normal 0 0 1
    outer loop
      vertex 9.732258388062503 2.2674490811308945 13
      vertex 9.727512829572374 2.2716383769876938 13
      vertex 9.755655823773564 2.2423034658578795 13
    endloop
  endfacet
  facet normal 0 0 1
    outer loop
      vertex 9.727512829572374 2.2716383769876938 13
      vertex 9.809608650670027 2.154903750666759 13
      vertex 9.794518087499304 2.1857585212622785 13
    endloop
  endfacet
  facet normal 0 0 -1
    outer loop
      vertex 9.048156019703692 4.241350175431653 1
      vertex 9.207244475491594 3.8935429904048133 1
      vertex 9.040773445782623 4.245516410402635 1
    endloop
  endfacet
  facet normal 0 0 -1
    outer loop
      vertex 9.207244475491594 3.8935429904048133 1
      vertex 9.165638702514027 4.118357860735412 1
      vertex 9.181131849308137 4.087703262911791 1
    endloop
  endfacet
  facet normal 0 0 -1
    outer loop
      vertex 9.207244475491594 3.8935429904048133 1
      vertex 9.147215483439815 4.147346254348293 1
      vertex 9.165638702514027 4.118357860735412 1
    endloop
  endfacet
  facet normal 0 0 -1
    outer loop
      vertex 9.207244475491594 3.8935429904048133 1
      vertex 9.208688208370317 3.988757495842932 1
      vertex 9.210484261101302 3.9201690092304102 1
    endloop
  endfacet
  facet normal 0 0 -1
    outer loop
      vertex 9.210484261101302 3.9201690092304102 1
      vertex 9.208688208370317 3.988757495842932 1
      vertex 9.211271002874673 3.954507369743017 1
    endloop
  endfacet
  facet normal 0 0 -1
    outer loop
      vertex 9.207244475491594 3.8935429904048133 1
      vertex 9.202760751311207 4.022589540092787 1
      vertex 9.208688208370317 3.988757495842932 1
    endloop
  endfacet
  facet normal 0 0 -1
    outer loop
      vertex 9.207244475491594 3.8935429904048133 1
      vertex 9.193545716349103 4.055677681411981 1
      vertex 9.202760751311207 4.022589540092787 1
    endloop
  endfacet
  facet normal 0 0 -1
    outer loop
      vertex 9.207244475491594 3.8935429904048133 1
      vertex 9.181131849308137 4.087703262911791 1
      vertex 9.193545716349103 4.055677681411981 1
    endloop
  endfacet
  facet normal 0 0 -1
    outer loop
      vertex 9.10231504062604 4.199226467689562 1
      vertex 9.126039617756343 4.174389269673276 1
      vertex 9.207244475491594 3.8935429904048133 1
    endloop
  endfacet
  facet normal 0 0 -1
    outer loop
      vertex 9.048156019703692 4.241350175431653 1
      vertex 9.076270232695856 4.2216186526028645 1
      vertex 9.207244475491594 3.8935429904048133 1
    endloop
  endfacet
  facet normal 0 0 -1
    outer loop
      vertex 9.10231504062604 4.199226467689562 1
      vertex 9.207244475491594 3.8935429904048133 1
      vertex 9.076270232695856 4.2216186526028645 1
    endloop
  endfacet
  facet normal 0 0 -1
    outer loop
      vertex 9.207244475491594 3.8935429904048133 1
      vertex 9.126039617756343 4.174389269673276 1
      vertex 9.147215483439815 4.147346254348293 1
    endloop
  endfacet
  facet normal 0.6519329890587099 0.7582765839566563 1.2510059856630654e-19
    outer loop
      vertex 9.10231504062604 4.199226467689562 1
      vertex 9.076270232695856 4.2216186526028645 1
      vertex 9.076270232695856 4.2216186526028645 13
    endloop
  endfacet
  facet normal 0.4914738565366515 0.8708923287875434 0
    outer loop
      vertex 9.048156019703692 4.241350175431653 1
      vertex 9.040773445782623 4.245516410402635 1
      vertex 9.048156019703692 4.241350175431653 13
    endloop
  endfacet
  facet normal 0.5744696511866412 0.8185258822208976 0
    outer loop
      vertex 9.048156019703692 4.241350175431653 1
      vertex 9.048156019703692 4.241350175431653 13
      vertex 9.076270232695856 4.2216186526028645 1
    endloop
  endfacet
  facet normal 0.9926784999250545 -0.12078657121776237 0
    outer loop
      vertex 9.207244475491594 3.8935429904048133 1
      vertex 9.210484261101302 3.9201690092304102 1
      vertex 9.207244475491594 3.8935429904048133 13
    endloop
  endfacet
  facet normal 0.9997376359222607 -0.022905443033682152 0
    outer loop
      vertex 9.210484261101302 3.9201690092304102 1
      vertex 9.211271002874673 3.954507369743017 1
      vertex 9.210484261101302 3.9201690092304102 13
    endloop
  endfacet
  facet normal 0.9971687519733492 0.07519627708811938 0
    outer loop
      vertex 9.211271002874673 3.954507369743017 1
      vertex 9.208688208370317 3.988757495842932 1
      vertex 9.211271002874673 3.954507369743017 13
    endloop
  endfacet
  facet normal 0.984996587835036 0.17257381595519117 1.9821132028602177e-20
    outer loop
      vertex 9.202760751311207 4.022589540092787 1
      vertex 9.208688208370317 3.988757495842932 13
      vertex 9.208688208370317 3.988757495842932 1
    endloop
  endfacet
  facet normal 0.9633383681019868 0.2682893746360465 0
    outer loop
      vertex 9.202760751311207 4.022589540092787 1
      vertex 9.193545716349103 4.055677681411981 1
      vertex 9.202760751311207 4.022589540092787 13
    endloop
  endfacet
  facet normal 0.8924874309908323 0.4510722619751566 0
    outer loop
      vertex 9.181131849308137 4.087703262911791 1
      vertex 9.165638702514027 4.118357860735412 1
      vertex 9.181131849308137 4.087703262911791 13
    endloop
  endfacet
  facet normal 0.8439770468682068 0.5363792915089289 0
    outer loop
      vertex 9.165638702514027 4.118357860735412 1
      vertex 9.147215483439815 4.147346254348293 1
      vertex 9.165638702514027 4.118357860735412 13
    endloop
  endfacet
  facet normal 0.7873387024194657 0.6165206952507206 -4.61879536952664e-20
    outer loop
      vertex 9.126039617756343 4.174389269673276 1
      vertex 9.147215483439815 4.147346254348293 13
      vertex 9.147215483439815 4.147346254348293 1
    endloop
  endfacet
  facet normal 0.7231178558631837 0.6907246676728955 8.468861002854672e-20
    outer loop
      vertex 9.10231504062604 4.199226467689562 1
      vertex 9.126039617756343 4.174389269673276 13
      vertex 9.126039617756343 4.174389269673276 1
    endloop
  endfacet
  facet normal 0.9324026732697615 0.3614211599773903 0
    outer loop
      vertex 9.193545716349103 4.055677681411981 1
      vertex 9.181131849308137 4.087703262911791 1
      vertex 9.193545716349103 4.055677681411981 13
    endloop
  endfacet
  facet normal 0.6519329890587099 0.7582765839566563 0
    outer loop
      vertex 9.10231504062604 4.199226467689562 1
      vertex 9.076270232695856 4.2216186526028645 13
      vertex 9.10231504062604 4.199226467689562 13
    endloop
  endfacet
  facet normal 0.4914738565366515 0.8708923287875434 0
    outer loop
      vertex 9.040773445782623 4.245516410402635 1
      vertex 9.040773445782623 4.245516410402635 13
      vertex 9.048156019703692 4.241350175431653 13
    endloop
  endfacet
  facet normal 0.5744696511866412 0.8185258822208976 0
    outer loop
      vertex 9.076270232695856 4.2216186526028645 1
      vertex 9.048156019703692 4.241350175431653 13
      vertex 9.076270232695856 4.2216186526028645 13
    endloop
  endfacet
  facet normal 0.9926784999250545 -0.12078657121776237 0
    outer loop
      vertex 9.210484261101302 3.9201690092304102 1
      vertex 9.210484261101302 3.9201690092304102 13
      vertex 9.207244475491594 3.8935429904048133 13
    endloop
  endfacet
  facet normal 0.9997376359222607 -0.022905443033682152 0
    outer loop
      vertex 9.211271002874673 3.954507369743017 1
      vertex 9.211271002874673 3.954507369743017 13
      vertex 9.210484261101302 3.9201690092304102 13
    endloop
  endfacet
  facet normal 0.9971687519733492 0.07519627708811938 0
    outer loop
      vertex 9.208688208370317 3.988757495842932 1
      vertex 9.208688208370317 3.988757495842932 13
      vertex 9.211271002874673 3.954507369743017 13
    endloop
  endfacet
  facet normal 0.984996587835036 0.17257381595519117 0
    outer loop
      vertex 9.202760751311207 4.022589540092787 1
      vertex 9.202760751311207 4.022589540092787 13
      vertex 9.208688208370317 3.988757495842932 13
    endloop
  endfacet
  facet normal 0.9633383681019868 0.2682893746360465 0
    outer loop
      vertex 9.193545716349103 4.055677681411981 1
      vertex 9.193545716349103 4.055677681411981 13
      vertex 9.202760751311207 4.022589540092787 13
    endloop
  endfacet
  facet normal 0.9324026732697615 0.3614211599773903 0
    outer loop
      vertex 9.181131849308137 4.087703262911791 1
      vertex 9.181131849308137 4.087703262911791 13
      vertex 9.193545716349103 4.055677681411981 13
    endloop
  endfacet
  facet normal 0.8439770468682068 0.5363792915089289 0
    outer loop
      vertex 9.147215483439815 4.147346254348293 1
      vertex 9.147215483439815 4.147346254348293 13
      vertex 9.165638702514027 4.118357860735412 13
    endloop
  endfacet
  facet normal 0.8924874309908323 0.4510722619751566 0
    outer loop
      vertex 9.165638702514027 4.118357860735412 1
      vertex 9.165638702514027 4.118357860735412 13
      vertex 9.181131849308137 4.087703262911791 13
    endloop
  endfacet
  facet normal 0.7873387024194657 0.6165206952507206 0
    outer loop
      vertex 9.126039617756343 4.174389269673276 1
      vertex 9.126039617756343 4.174389269673276 13
      vertex 9.147215483439815 4.147346254348293 13
    endloop
  endfacet
  facet normal 0.7231178558631837 0.6907246676728955 0
    outer loop
      vertex 9.10231504062604 4.199226467689562 1
      vertex 9.10231504062604 4.199226467689562 13
      vertex 9.126039617756343 4.174389269673276 13
    endloop
  endfacet
  facet normal 0 0 1
    outer loop
      vertex 9.040773445782623 4.245516410402635 13
      vertex 9.147215483439815 4.147346254348293 13
      vertex 9.126039617756343 4.174389269673276 13
    endloop
  endfacet
  facet normal 0 0 1
    outer loop
      vertex 9.10231504062604 4.199226467689562 13
      vertex 9.040773445782623 4.245516410402635 13
      vertex 9.126039617756343 4.174389269673276 13
    endloop
  endfacet
  facet normal 0 0 1
    outer loop
      vertex 9.048156019703692 4.241350175431653 13
      vertex 9.040773445782623 4.245516410402635 13
      vertex 9.076270232695856 4.2216186526028645 13
    endloop
  endfacet
  facet normal 0 0 1
    outer loop
      vertex 9.10231504062604 4.199226467689562 13
      vertex 9.076270232695856 4.2216186526028645 13
      vertex 9.040773445782623 4.245516410402635 13
    endloop
  endfacet
  facet normal 0 0 1
    outer loop
      vertex 9.040773445782623 4.245516410402635 13
      vertex 9.207244475491594 3.8935429904048133 13
      vertex 9.210484261101302 3.9201690092304102 13
    endloop
  endfacet
  facet normal 0 0 1
    outer loop
      vertex 9.040773445782623 4.245516410402635 13
      vertex 9.210484261101302 3.9201690092304102 13
      vertex 9.208688208370317 3.988757495842932 13
    endloop
  endfacet
  facet normal 0 0 1
    outer loop
      vertex 9.210484261101302 3.9201690092304102 13
      vertex 9.211271002874673 3.954507369743017 13
      vertex 9.208688208370317 3.988757495842932 13
    endloop
  endfacet
  facet normal 0 0 1
    outer loop
      vertex 9.040773445782623 4.245516410402635 13
      vertex 9.202760751311207 4.022589540092787 13
      vertex 9.193545716349103 4.055677681411981 13
    endloop
  endfacet
  facet normal 0 0 1
    outer loop
      vertex 9.040773445782623 4.245516410402635 13
      vertex 9.193545716349103 4.055677681411981 13
      vertex 9.181131849308137 4.087703262911791 13
    endloop
  endfacet
  facet normal 0 0 1
    outer loop
      vertex 9.040773445782623 4.245516410402635 13
      vertex 9.208688208370317 3.988757495842932 13
      vertex 9.202760751311207 4.022589540092787 13
    endloop
  endfacet
  facet normal 0 0 1
    outer loop
      vertex 9.040773445782623 4.245516410402635 13
      vertex 9.165638702514027 4.118357860735412 13
      vertex 9.147215483439815 4.147346254348293 13
    endloop
  endfacet
  facet normal 0 0 1
    outer loop
      vertex 9.040773445782623 4.245516410402635 13
      vertex 9.181131849308137 4.087703262911791 13
      vertex 9.165638702514027 4.118357860735412 13
    endloop
  endfacet
  facet normal 0 0 -1
    outer loop
      vertex 7.968605815414113 6.029883914809858 1
      vertex 8.197184120588886 5.714148923443002 1
      vertex 7.961322403640311 6.032171633915142 1
    endloop
  endfacet
  facet normal 0 0 -1
    outer loop
      vertex 7.968605815414113 6.029883914809858 1
      vertex 8.000208079672658 6.016428846655266 1
      vertex 8.197184120588886 5.714148923443002 1
    endloop
  endfacet
  facet normal 0 0 -1
    outer loop
      vertex 8.000208079672658 6.016428846655266 1
      vertex 8.03033934308757 5.99994100476092 1
      vertex 8.197184120588886 5.714148923443002 1
    endloop
  endfacet
  facet normal 0 0 -1
    outer loop
      vertex 8.109092759838898 5.934005300505937 1
      vertex 8.130620793468221 5.907241785539354 1
      vertex 8.197184120588886 5.714148923443002 1
    endloop
  endfacet
  facet normal 0 0 -1
    outer loop
      vertex 8.149421880529218 5.878497027919284 1
      vertex 8.197184120588886 5.714148923443002 1
      vertex 8.130620793468221 5.907241785539354 1
    endloop
  endfacet
  facet normal 0 0 -1
    outer loop
      vertex 8.03033934308757 5.99994100476092 1
      vertex 8.05870942512074 5.980579176057437 1
      vertex 8.197184120588886 5.714148923443002 1
    endloop
  endfacet
  facet normal 0 0 -1
    outer loop
      vertex 8.085045106373519 5.958529825539478 1
      vertex 8.197184120588886 5.714148923443002 1
      vertex 8.05870942512074 5.980579176057437 1
    endloop
  endfacet
  facet normal 0 0 -1
    outer loop
      vertex 8.109092759838898 5.934005300505937 1
      vertex 8.197184120588886 5.714148923443002 1
      vertex 8.085045106373519 5.958529825539478 1
    endloop
  endfacet
  facet normal 0 0 -1
    outer loop
      vertex 8.197195008121243 5.715257882752663 1
      vertex 8.197184120588886 5.714148923443002 1
      vertex 8.194164114592242 5.749471266825678 1
    endloop
  endfacet
  facet normal 0 0 -1
    outer loop
      vertex 8.197184120588886 5.714148923443002 1
      vertex 8.187794317576175 5.783222824586556 1
      vertex 8.194164114592242 5.749471266825678 1
    endloop
  endfacet
  facet normal 0 0 -1
    outer loop
      vertex 8.197184120588886 5.714148923443002 1
      vertex 8.178146961700397 5.816187510083583 1
      vertex 8.187794317576175 5.783222824586556 1
    endloop
  endfacet
  facet normal 0 0 -1
    outer loop
      vertex 8.165314956275767 5.848047855375088 1
      vertex 8.178146961700397 5.816187510083583 1
      vertex 8.197184120588886 5.714148923443002 1
    endloop
  endfacet
  facet normal 0 0 -1
    outer loop
      vertex 8.165314956275767 5.848047855375088 1
      vertex 8.197184120588886 5.714148923443002 1
      vertex 8.149421880529218 5.878497027919284 1
    endloop
  endfacet
  facet normal 0.8865066159447833 0.4627159170442794 0
    outer loop
      vertex 8.165314956275767 5.848047855375088 1
      vertex 8.149421880529218 5.878497027919284 1
      vertex 8.165314956275767 5.848047855375088 13
    endloop
  endfacet
  facet normal 0.7792012426405085 0.6267738216194798 8.94940411028121e-20
    outer loop
      vertex 8.109092759838898 5.934005300505937 1
      vertex 8.130620793468221 5.907241785539354 13
      vertex 8.130620793468221 5.907241785539354 1
    endloop
  endfacet
  facet normal 0.836883753308391 0.5473806568088244 0
    outer loop
      vertex 8.149421880529218 5.878497027919284 1
      vertex 8.130620793468221 5.907241785539354 1
      vertex 8.149421880529218 5.878497027919284 13
    endloop
  endfacet
  facet normal 0.29966527699621603 0.9540444024062931 0
    outer loop
      vertex 7.968605815414113 6.029883914809858 1
      vertex 7.961322403640311 6.032171633915142 1
      vertex 7.968605815414113 6.029883914809858 13
    endloop
  endfacet
  facet normal 0.39173501085197227 0.9200780843345879 0
    outer loop
      vertex 7.968605815414113 6.029883914809858 1
      vertex 7.968605815414113 6.029883914809858 13
      vertex 8.000208079672658 6.016428846655266 1
    endloop
  endfacet
  facet normal 0.4800321224090313 0.8772509113449132 0
    outer loop
      vertex 8.000208079672658 6.016428846655266 1
      vertex 8.000208079672658 6.016428846655266 13
      vertex 8.03033934308757 5.99994100476092 1
    endloop
  endfacet
  facet normal 0.5637062622149607 0.8259753325249115 0
    outer loop
      vertex 8.03033934308757 5.99994100476092 1
      vertex 8.03033934308757 5.99994100476092 13
      vertex 8.05870942512074 5.980579176057437 1
    endloop
  endfacet
  facet normal 0.6419516025627421 0.7667451597285289 8.58715209576683e-20
    outer loop
      vertex 8.085045106373519 5.958529825539478 1
      vertex 8.05870942512074 5.980579176057437 1
      vertex 8.05870942512074 5.980579176057437 13
    endloop
  endfacet
  facet normal 0.714014598051261 0.7001308118985309 0
    outer loop
      vertex 8.109092759838898 5.934005300505937 1
      vertex 8.085045106373519 5.958529825539478 1
      vertex 8.109092759838898 5.934005300505937 13
    endloop
  endfacet
  facet normal 0.9999518089593262 -0.00981731933732761 -3.986985675308247e-23
    outer loop
      vertex 8.197195008121243 5.715257882752663 1
      vertex 8.197184120588886 5.714148923443002 13
      vertex 8.197184120588886 5.714148923443002 1
    endloop
  endfacet
  facet normal 0.9960990332516875 0.08824237052036689 0
    outer loop
      vertex 8.197195008121243 5.715257882752663 1
      vertex 8.194164114592242 5.749471266825678 1
      vertex 8.197195008121243 5.715257882752663 13
    endloop
  endfacet
  facet normal 0.9826532793307036 0.18545223811163467 0
    outer loop
      vertex 8.194164114592242 5.749471266825678 1
      vertex 8.187794317576175 5.783222824586556 1
      vertex 8.194164114592242 5.749471266825678 13
    endloop
  endfacet
  facet normal 0.9597440371568723 0.2808760992712411 1.9709991777342374e-20
    outer loop
      vertex 8.178146961700397 5.816187510083583 1
      vertex 8.187794317576175 5.783222824586556 13
      vertex 8.187794317576175 5.783222824586556 1
    endloop
  endfacet
  facet normal 0.9275919352556972 0.37359497005258324 5.472212019767987e-20
    outer loop
      vertex 8.165314956275767 5.848047855375088 1
      vertex 8.178146961700397 5.816187510083583 13
      vertex 8.178146961700397 5.816187510083583 1
    endloop
  endfacet
  facet normal 0.7792012426405085 0.6267738216194798 0
    outer loop
      vertex 8.109092759838898 5.934005300505937 1
      vertex 8.109092759838898 5.934005300505937 13
      vertex 8.130620793468221 5.907241785539354 13
    endloop
  endfacet
  facet normal 0.836883753308391 0.5473806568088244 0
    outer loop
      vertex 8.130620793468221 5.907241785539354 1
      vertex 8.130620793468221 5.907241785539354 13
      vertex 8.149421880529218 5.878497027919284 13
    endloop
  endfacet
  facet normal 0.8865066159447833 0.4627159170442794 0
    outer loop
      vertex 8.149421880529218 5.878497027919284 1
      vertex 8.149421880529218 5.878497027919284 13
      vertex 8.165314956275767 5.848047855375088 13
    endloop
  endfacet
  facet normal 0.29966527699621603 0.9540444024062931 0
    outer loop
      vertex 7.961322403640311 6.032171633915142 1
      vertex 7.961322403640311 6.032171633915142 13
      vertex 7.968605815414113 6.029883914809858 13
    endloop
  endfacet
  facet normal 0.39173501085197227 0.9200780843345879 0
    outer loop
      vertex 8.000208079672658 6.016428846655266 1
      vertex 7.968605815414113 6.029883914809858 13
      vertex 8.000208079672658 6.016428846655266 13
    endloop
  endfacet
  facet normal 0.4800321224090313 0.8772509113449132 0
    outer loop
      vertex 8.03033934308757 5.99994100476092 1
      vertex 8.000208079672658 6.016428846655266 13
      vertex 8.03033934308757 5.99994100476092 13
    endloop
  endfacet
  facet normal 0.6419516025627421 0.7667451597285289 0
    outer loop
      vertex 8.085045106373519 5.958529825539478 1
      vertex 8.05870942512074 5.980579176057437 13
      vertex 8.085045106373519 5.958529825539478 13
    endloop
  endfacet
  facet normal 0.5637062622149607 0.8259753325249115 0
    outer loop
      vertex 8.05870942512074 5.980579176057437 1
      vertex 8.03033934308757 5.99994100476092 13
      vertex 8.05870942512074 5.980579176057437 13
    endloop
  endfacet
  facet normal 0.714014598051261 0.7001308118985309 0
    outer loop
      vertex 8.085045106373519 5.958529825539478 1
      vertex 8.085045106373519 5.958529825539478 13
      vertex 8.109092759838898 5.934005300505937 13
    endloop
  endfacet
  facet normal 0.9999518089593262 -0.00981731933732761 0
    outer loop
      vertex 8.197195008121243 5.715257882752663 1
      vertex 8.197195008121243 5.715257882752663 13
      vertex 8.197184120588886 5.714148923443002 13
    endloop
  endfacet
  facet normal 0.9960990332516875 0.08824237052036689 0
    outer loop
      vertex 8.194164114592242 5.749471266825678 1
      vertex 8.194164114592242 5.749471266825678 13
      vertex 8.197195008121243 5.715257882752663 13
    endloop
  endfacet
  facet normal 0.9826532793307036 0.18545223811163467 0
    outer loop
      vertex 8.187794317576175 5.783222824586556 1
      vertex 8.187794317576175 5.783222824586556 13
      vertex 8.194164114592242 5.749471266825678 13
    endloop
  endfacet
  facet normal 0.9597440371568723 0.2808760992712411 0
    outer loop
      vertex 8.178146961700397 5.816187510083583 1
      vertex 8.178146961700397 5.816187510083583 13
      vertex 8.187794317576175 5.783222824586556 13
    endloop
  endfacet
  facet normal 0.9275919352556972 0.37359497005258324 0
    outer loop
      vertex 8.165314956275767 5.848047855375088 1
      vertex 8.165314956275767 5.848047855375088 13
      vertex 8.178146961700397 5.816187510083583 13
    endloop
  endfacet
  facet normal 0 0 1
    outer loop
      vertex 7.961322403640311 6.032171633915142 13
      vertex 8.197195008121243 5.715257882752663 13
      vertex 8.194164114592242 5.749471266825678 13
    endloop
  endfacet
  facet normal 0 0 1
    outer loop
      vertex 7.961322403640311 6.032171633915142 13
      vertex 8.197184120588886 5.714148923443002 13
      vertex 8.197195008121243 5.715257882752663 13
    endloop
  endfacet
  facet normal 0 0 1
    outer loop
      vertex 7.961322403640311 6.032171633915142 13
      vertex 8.194164114592242 5.749471266825678 13
      vertex 8.187794317576175 5.783222824586556 13
    endloop
  endfacet
  facet normal 0 0 1
    outer loop
      vertex 7.961322403640311 6.032171633915142 13
      vertex 8.187794317576175 5.783222824586556 13
      vertex 8.178146961700397 5.816187510083583 13
    endloop
  endfacet
  facet normal 0 0 1
    outer loop
      vertex 8.165314956275767 5.848047855375088 13
      vertex 7.961322403640311 6.032171633915142 13
      vertex 8.178146961700397 5.816187510083583 13
    endloop
  endfacet
  facet normal 0 0 1
    outer loop
      vertex 8.165314956275767 5.848047855375088 13
      vertex 8.149421880529218 5.878497027919284 13
      vertex 7.961322403640311 6.032171633915142 13
    endloop
  endfacet
  facet normal 0 0 1
    outer loop
      vertex 7.968605815414113 6.029883914809858 13
      vertex 7.961322403640311 6.032171633915142 13
      vertex 8.000208079672658 6.016428846655266 13
    endloop
  endfacet
  facet normal 0 0 1
    outer loop
      vertex 7.961322403640311 6.032171633915142 13
      vertex 8.03033934308757 5.99994100476092 13
      vertex 8.000208079672658 6.016428846655266 13
    endloop
  endfacet
  facet normal 0 0 1
    outer loop
      vertex 7.961322403640311 6.032171633915142 13
      vertex 8.05870942512074 5.980579176057437 13
      vertex 8.03033934308757 5.99994100476092 13
    endloop
  endfacet
  facet normal 0 0 1
    outer loop
      vertex 7.961322403640311 6.032171633915142 13
      vertex 8.085045106373519 5.958529825539478 13
      vertex 8.05870942512074 5.980579176057437 13
    endloop
  endfacet
  facet normal 0 0 1
    outer loop
      vertex 8.109092759838898 5.934005300505937 13
      vertex 7.961322403640311 6.032171633915142 13
      vertex 8.130620793468221 5.907241785539354 13
    endloop
  endfacet
  facet normal 0 0 1
    outer loop
      vertex 8.109092759838898 5.934005300505937 13
      vertex 8.085045106373519 5.958529825539478 13
      vertex 7.961322403640311 6.032171633915142 13
    endloop
  endfacet
  facet normal 0 0 1
    outer loop
      vertex 8.149421880529218 5.878497027919284 13
      vertex 8.130620793468221 5.907241785539354 13
      vertex 7.961322403640311 6.032171633915142 13
    endloop
  endfacet
  facet normal 0 0 -1
    outer loop
      vertex 6.831015657387615 7.288638402493431 1
      vertex 6.574498444310181 7.548292230080149 1
      vertex 6.607399282412744 7.5384293290129865 1
    endloop
  endfacet
  facet normal 0 0 -1
    outer loop
      vertex 6.831015657387615 7.288638402493431 1
      vertex 6.536846111588659 7.555258137539964 1
      vertex 6.540789299377837 7.554882792517609 1
    endloop
  endfacet
  facet normal 0 0 -1
    outer loop
      vertex 6.831015657387615 7.288638402493431 1
      vertex 6.540789299377837 7.554882792517609 1
      vertex 6.574498444310181 7.548292230080149 1
    endloop
  endfacet
  facet normal 0 0 -1
    outer loop
      vertex 6.698140551814557 7.490308234127724 1
      vertex 6.724762593906525 7.468605496047811 1
      vertex 6.831015657387615 7.288638402493431 1
    endloop
  endfacet
  facet normal 0 0 -1
    outer loop
      vertex 6.831015657387615 7.288638402493431 1
      vertex 6.607399282412744 7.5384293290129865 1
      vertex 6.639174960629175 7.525389074445008 1
    endloop
  endfacet
  facet normal 0 0 -1
    outer loop
      vertex 6.831015657387615 7.288638402493431 1
      vertex 6.639174960629175 7.525389074445008 1
      vertex 6.669519461807893 7.509297051156231 1
    endloop
  endfacet
  facet normal 0 0 -1
    outer loop
      vertex 6.698140551814557 7.490308234127724 1
      vertex 6.831015657387615 7.288638402493431 1
      vertex 6.669519461807893 7.509297051156231 1
    endloop
  endfacet
  facet normal 0 0 -1
    outer loop
      vertex 6.829797700078289 7.294658459690871 1
      vertex 6.831015657387615 7.288638402493431 1
      vertex 6.819719676313599 7.327494041036571 1
    endloop
  endfacet
  facet normal 0 0 -1
    outer loop
      vertex 6.819719676313599 7.327494041036571 1
      vertex 6.831015657387615 7.288638402493431 1
      vertex 6.8064717312033745 7.359183691013627 1
    endloop
  endfacet
  facet normal 0 0 -1
    outer loop
      vertex 6.74912920326536 7.444397846148128 1
      vertex 6.831015657387615 7.288638402493431 1
      vertex 6.724762593906525 7.468605496047811 1
    endloop
  endfacet
  facet normal 0 0 -1
    outer loop
      vertex 6.74912920326536 7.444397846148128 1
      vertex 6.7710057161227954 7.417918417330453 1
      vertex 6.831015657387615 7.288638402493431 1
    endloop
  endfacet
  facet normal 0 0 -1
    outer loop
      vertex 6.831015657387615 7.288638402493431 1
      vertex 6.790181449701095 7.389422220969434 1
      vertex 6.8064717312033745 7.359183691013627 1
    endloop
  endfacet
  facet normal 0 0 -1
    outer loop
      vertex 6.831015657387615 7.288638402493431 1
      vertex 6.7710057161227954 7.417918417330453 1
      vertex 6.790181449701095 7.389422220969434 1
    endloop
  endfacet
  facet normal 0.6318602209644143 0.7750823576645269 0
    outer loop
      vertex 6.698140551814557 7.490308234127724 1
      vertex 6.698140551814557 7.490308234127724 13
      vertex 6.724762593906525 7.468605496047811 1
    endloop
  endfacet
  facet normal 0.7047889975136711 0.709416992313882 -9.124973273114502e-20
    outer loop
      vertex 6.74912920326536 7.444397846148128 1
      vertex 6.724762593906525 7.468605496047811 1
      vertex 6.724762593906525 7.468605496047811 13
    endloop
  endfacet
  facet normal 0.9801415982456904 0.1982988839816897 4.553049936973437e-21
    outer loop
      vertex 6.829797700078289 7.294658459690871 1
      vertex 6.831015657387615 7.288638402493431 13
      vertex 6.831015657387615 7.288638402493431 1
    endloop
  endfacet
  facet normal 0.955985259011743 0.2934146972328594 0
    outer loop
      vertex 6.829797700078289 7.294658459690871 1
      vertex 6.819719676313599 7.327494041036571 1
      vertex 6.829797700078289 7.294658459690871 13
    endloop
  endfacet
  facet normal 0.9226222591388075 0.3857047665528692 0
    outer loop
      vertex 6.819719676313599 7.327494041036571 1
      vertex 6.8064717312033745 7.359183691013627 1
      vertex 6.819719676313599 7.327494041036571 13
    endloop
  endfacet
  facet normal 0.8296470640257663 0.5582882312510501 1.7957962607836813e-20
    outer loop
      vertex 6.7710057161227954 7.417918417330453 1
      vertex 6.790181449701095 7.389422220969434 13
      vertex 6.790181449701095 7.389422220969434 1
    endloop
  endfacet
  facet normal 0.8803739025537863 0.4742802881231903 -8.259222242203255e-20
    outer loop
      vertex 6.790181449701095 7.389422220969434 1
      vertex 6.8064717312033745 7.359183691013627 13
      vertex 6.8064717312033745 7.359183691013627 1
    endloop
  endfacet
  facet normal 0.7709302707400276 0.6369195535204644 1.0955924860966391e-19
    outer loop
      vertex 6.74912920326536 7.444397846148128 1
      vertex 6.7710057161227954 7.417918417330453 13
      vertex 6.7710057161227954 7.417918417330453 1
    endloop
  endfacet
  facet normal 0.19187967078991341 0.9814184591383812 0
    outer loop
      vertex 6.540789299377837 7.554882792517609 1
      vertex 6.540789299377837 7.554882792517609 13
      vertex 6.574498444310181 7.548292230080149 1
    endloop
  endfacet
  facet normal 0.09475988689760581 0.995500157626885 0
    outer loop
      vertex 6.540789299377837 7.554882792517609 1
      vertex 6.536846111588659 7.555258137539964 1
      vertex 6.540789299377837 7.554882792517609 13
    endloop
  endfacet
  facet normal 0.2871515485603916 0.957885164390476 0
    outer loop
      vertex 6.574498444310181 7.548292230080149 1
      vertex 6.574498444310181 7.548292230080149 13
      vertex 6.607399282412744 7.5384293290129865 1
    endloop
  endfacet
  facet normal 0.3796579999452268 0.9251269118761978 0
    outer loop
      vertex 6.607399282412744 7.5384293290129865 1
      vertex 6.607399282412744 7.5384293290129865 13
      vertex 6.639174960629175 7.525389074445008 1
    endloop
  endfacet
  facet normal 0.46850813724846196 0.8834591814747167 0
    outer loop
      vertex 6.639174960629175 7.525389074445008 1
      vertex 6.639174960629175 7.525389074445008 13
      vertex 6.669519461807893 7.509297051156231 1
    endloop
  endfacet
  facet normal 0.5528462850773151 0.8332832562077629 -1.1913993167581948e-19
    outer loop
      vertex 6.698140551814557 7.490308234127724 1
      vertex 6.669519461807893 7.509297051156231 1
      vertex 6.669519461807893 7.509297051156231 13
    endloop
  endfacet
  facet normal 0.5528462850773151 0.8332832562077629 0
    outer loop
      vertex 6.698140551814557 7.490308234127724 1
      vertex 6.669519461807893 7.509297051156231 13
      vertex 6.698140551814557 7.490308234127724 13
    endloop
  endfacet
  facet normal 0.7047889975136711 0.709416992313882 0
    outer loop
      vertex 6.74912920326536 7.444397846148128 1
      vertex 6.724762593906525 7.468605496047811 13
      vertex 6.74912920326536 7.444397846148128 13
    endloop
  endfacet
  facet normal 0.6318602209644143 0.7750823576645269 0
    outer loop
      vertex 6.724762593906525 7.468605496047811 1
      vertex 6.698140551814557 7.490308234127724 13
      vertex 6.724762593906525 7.468605496047811 13
    endloop
  endfacet
  facet normal 0.9801415982456904 0.1982988839816897 0
    outer loop
      vertex 6.829797700078289 7.294658459690871 1
      vertex 6.829797700078289 7.294658459690871 13
      vertex 6.831015657387615 7.288638402493431 13
    endloop
  endfacet
  facet normal 0.955985259011743 0.2934146972328594 0
    outer loop
      vertex 6.819719676313599 7.327494041036571 1
      vertex 6.819719676313599 7.327494041036571 13
      vertex 6.829797700078289 7.294658459690871 13
    endloop
  endfacet
  facet normal 0.8296470640257663 0.5582882312510501 0
    outer loop
      vertex 6.7710057161227954 7.417918417330453 1
      vertex 6.7710057161227954 7.417918417330453 13
      vertex 6.790181449701095 7.389422220969434 13
    endloop
  endfacet
  facet normal 0.9226222591388075 0.3857047665528692 0
    outer loop
      vertex 6.8064717312033745 7.359183691013627 1
      vertex 6.8064717312033745 7.359183691013627 13
      vertex 6.819719676313599 7.327494041036571 13
    endloop
  endfacet
  facet normal 0.8803739025537863 0.4742802881231903 0
    outer loop
      vertex 6.790181449701095 7.389422220969434 1
      vertex 6.790181449701095 7.389422220969434 13
      vertex 6.8064717312033745 7.359183691013627 13
    endloop
  endfacet
  facet normal 0.7709302707400276 0.6369195535204644 0
    outer loop
      vertex 6.74912920326536 7.444397846148128 1
      vertex 6.74912920326536 7.444397846148128 13
      vertex 6.7710057161227954 7.417918417330453 13
    endloop
  endfacet
  facet normal 0.09475988689760581 0.995500157626885 0
    outer loop
      vertex 6.536846111588659 7.555258137539964 1
      vertex 6.536846111588659 7.555258137539964 13
      vertex 6.540789299377837 7.554882792517609 13
    endloop
  endfacet
  facet normal 0.19187967078991341 0.9814184591383812 0
    outer loop
      vertex 6.574498444310181 7.548292230080149 1
      vertex 6.540789299377837 7.554882792517609 13
      vertex 6.574498444310181 7.548292230080149 13
    endloop
  endfacet
  facet normal 0.3796579999452268 0.9251269118761978 0
    outer loop
      vertex 6.639174960629175 7.525389074445008 1
      vertex 6.607399282412744 7.5384293290129865 13
      vertex 6.639174960629175 7.525389074445008 13
    endloop
  endfacet
  facet normal 0.2871515485603916 0.957885164390476 0
    outer loop
      vertex 6.607399282412744 7.5384293290129865 1
      vertex 6.574498444310181 7.548292230080149 13
      vertex 6.607399282412744 7.5384293290129865 13
    endloop
  endfacet
  facet normal 0.46850813724846196 0.8834591814747167 0
    outer loop
      vertex 6.669519461807893 7.509297051156231 1
      vertex 6.639174960629175 7.525389074445008 13
      vertex 6.669519461807893 7.509297051156231 13
    endloop
  endfacet
  facet normal 0 0 1
    outer loop
      vertex 6.74912920326536 7.444397846148128 13
      vertex 6.724762593906525 7.468605496047811 13
      vertex 6.536846111588659 7.555258137539964 13
    endloop
  endfacet
  facet normal 0 0 1
    outer loop
      vertex 6.829797700078289 7.294658459690871 13
      vertex 6.536846111588659 7.555258137539964 13
      vertex 6.831015657387615 7.288638402493431 13
    endloop
  endfacet
  facet normal 0 0 1
    outer loop
      vertex 6.829797700078289 7.294658459690871 13
      vertex 6.819719676313599 7.327494041036571 13
      vertex 6.536846111588659 7.555258137539964 13
    endloop
  endfacet
  facet normal 0 0 1
    outer loop
      vertex 6.819719676313599 7.327494041036571 13
      vertex 6.8064717312033745 7.359183691013627 13
      vertex 6.536846111588659 7.555258137539964 13
    endloop
  endfacet
  facet normal 0 0 1
    outer loop
      vertex 6.790181449701095 7.389422220969434 13
      vertex 6.536846111588659 7.555258137539964 13
      vertex 6.8064717312033745 7.359183691013627 13
    endloop
  endfacet
  facet normal 0 0 1
    outer loop
      vertex 6.7710057161227954 7.417918417330453 13
      vertex 6.536846111588659 7.555258137539964 13
      vertex 6.790181449701095 7.389422220969434 13
    endloop
  endfacet
  facet normal 0 0 1
    outer loop
      vertex 6.74912920326536 7.444397846148128 13
      vertex 6.536846111588659 7.555258137539964 13
      vertex 6.7710057161227954 7.417918417330453 13
    endloop
  endfacet
  facet normal 0 0 1
    outer loop
      vertex 6.540789299377837 7.554882792517609 13
      vertex 6.536846111588659 7.555258137539964 13
      vertex 6.574498444310181 7.548292230080149 13
    endloop
  endfacet
  facet normal 0 0 1
    outer loop
      vertex 6.536846111588659 7.555258137539964 13
      vertex 6.607399282412744 7.5384293290129865 13
      vertex 6.574498444310181 7.548292230080149 13
    endloop
  endfacet
  facet normal 0 0 1
    outer loop
      vertex 6.536846111588659 7.555258137539964 13
      vertex 6.639174960629175 7.525389074445008 13
      vertex 6.607399282412744 7.5384293290129865 13
    endloop
  endfacet
  facet normal 0 0 1
    outer loop
      vertex 6.536846111588659 7.555258137539964 13
      vertex 6.669519461807893 7.509297051156231 13
      vertex 6.639174960629175 7.525389074445008 13
    endloop
  endfacet
  facet normal 0 0 1
    outer loop
      vertex 6.698140551814557 7.490308234127724 13
      vertex 6.536846111588659 7.555258137539964 13
      vertex 6.724762593906525 7.468605496047811 13
    endloop
  endfacet
  facet normal 0 0 1
    outer loop
      vertex 6.698140551814557 7.490308234127724 13
      vertex 6.669519461807893 7.509297051156231 13
      vertex 6.536846111588659 7.555258137539964 13
    endloop
  endfacet
  facet normal 0 0 -1
    outer loop
      vertex 4.829871717078891 8.74974225028807 1
      vertex 4.861451678987621 8.750259022325782 1
      vertex 5.1672541287476506 8.547523014903836 1
    endloop
  endfacet
  facet normal 0 0 -1
    outer loop
      vertex 4.895684167277017 8.747452118189887 1
      vertex 5.1672541287476506 8.547523014903836 1
      vertex 4.861451678987621 8.750259022325782 1
    endloop
  endfacet
  facet normal 0 0 -1
    outer loop
      vertex 4.895684167277017 8.747452118189887 1
      vertex 4.929476692062031 8.74130335945612 1
      vertex 5.1672541287476506 8.547523014903836 1
    endloop
  endfacet
  facet normal 0 0 -1
    outer loop
      vertex 4.929476692062031 8.74130335945612 1
      vertex 4.962503812856106 8.73187196203234 1
      vertex 5.1672541287476506 8.547523014903836 1
    endloop
  endfacet
  facet normal 0.08172107413367972 0.9966552393091793 1.4861449497819802e-20
    outer loop
      vertex 4.895684167277017 8.747452118189887 1
      vertex 4.861451678987621 8.750259022325782 1
      vertex 4.861451678987621 8.750259022325782 13
    endloop
  endfacet
  facet normal 0.17901686127662966 0.9838460059270779 0
    outer loop
      vertex 4.895684167277017 8.747452118189887 1
      vertex 4.895684167277017 8.747452118189887 13
      vertex 4.929476692062031 8.74130335945612 1
    endloop
  endfacet
  facet normal 0.2745886181849539 0.9615617976829557 0
    outer loop
      vertex 4.929476692062031 8.74130335945612 1
      vertex 4.929476692062031 8.74130335945612 13
      vertex 4.962503812856106 8.73187196203234 1
    endloop
  endfacet
  facet normal 0.3675159365946848 0.9300172236840195 0
    outer loop
      vertex 4.962503812856106 8.73187196203234 1
      vertex 4.962503812856106 8.73187196203234 13
      vertex 4.994447460431537 8.719248755431465 1
    endloop
  endfacet
  facet normal 0.4569038756304192 0.8895160754218567 0
    outer loop
      vertex 4.994447460431537 8.719248755431465 1
      vertex 4.994447460431537 8.719248755431465 13
      vertex 5.0249999999999995 8.703555308033607 1
    endloop
  endfacet
  facet normal -0.016361731626509245 0.9998661379095614 -5.255159294141666e-22
    outer loop
      vertex 4.829871717078891 8.74974225028807 1
      vertex 4.861451678987621 8.750259022325782 13
      vertex 4.861451678987621 8.750259022325782 1
    endloop
  endfacet
  facet normal 0 0 -1
    outer loop
      vertex 5.1672541287476506 8.547523014903836 1
      vertex 5.147220763534302 8.585270164436682 1
      vertex 5.163905459536441 8.555247458285704 1
    endloop
  endfacet
  facet normal 0 0 -1
    outer loop
      vertex 5.1672541287476506 8.547523014903836 1
      vertex 5.127673669101932 8.613512916862106 1
      vertex 5.147220763534302 8.585270164436682 1
    endloop
  endfacet
  facet normal 0 0 -1
    outer loop
      vertex 4.962503812856106 8.73187196203234 1
      vertex 4.994447460431537 8.719248755431465 1
      vertex 5.1672541287476506 8.547523014903836 1
    endloop
  endfacet
  facet normal 0 0 -1
    outer loop
      vertex 4.994447460431537 8.719248755431465 1
      vertex 5.0249999999999995 8.703555308033607 1
      vertex 5.1672541287476506 8.547523014903836 1
    endloop
  endfacet
  facet normal 0 0 -1
    outer loop
      vertex 5.1672541287476506 8.547523014903836 1
      vertex 5.053867193903731 8.684942756316119 1
      vertex 5.080771035285023 8.663590349326697 1
    endloop
  endfacet
  facet normal 0 0 -1
    outer loop
      vertex 5.1672541287476506 8.547523014903836 1
      vertex 5.0249999999999995 8.703555308033607 1
      vertex 5.053867193903731 8.684942756316119 1
    endloop
  endfacet
  facet normal 0 0 -1
    outer loop
      vertex 5.1672541287476506 8.547523014903836 1
      vertex 5.080771035285023 8.663590349326697 1
      vertex 5.105452425444242 8.639703722417059 1
    endloop
  endfacet
  facet normal 0 0 -1
    outer loop
      vertex 5.1672541287476506 8.547523014903836 1
      vertex 5.105452425444242 8.639703722417059 1
      vertex 5.127673669101932 8.613512916862106 1
    endloop
  endfacet
  facet normal 0.9174944964474866 0.3977484745270217 0
    outer loop
      vertex 5.1672541287476506 8.547523014903836 1
      vertex 5.163905459536441 8.555247458285704 1
      vertex 5.1672541287476506 8.547523014903836 13
    endloop
  endfacet
  facet normal 0.8740903416267589 0.48576339371633986 -4.464853627188003e-20
    outer loop
      vertex 5.147220763534302 8.585270164436682 1
      vertex 5.163905459536441 8.555247458285704 13
      vertex 5.163905459536441 8.555247458285704 1
    endloop
  endfacet
  facet normal 0.695442635009618 0.718581617779692 0
    outer loop
      vertex 5.080771035285023 8.663590349326697 1
      vertex 5.080771035285023 8.663590349326697 13
      vertex 5.105452425444242 8.639703722417059 1
    endloop
  endfacet
  facet normal 0.5418915805747543 0.8404484010944364 0
    outer loop
      vertex 5.0249999999999995 8.703555308033607 1
      vertex 5.0249999999999995 8.703555308033607 13
      vertex 5.053867193903731 8.684942756316119 1
    endloop
  endfacet
  facet normal 0.6216605733700664 0.7832867492286589 -1.1709918010392774e-20
    outer loop
      vertex 5.080771035285023 8.663590349326697 1
      vertex 5.053867193903731 8.684942756316119 1
      vertex 5.053867193903731 8.684942756316119 13
    endloop
  endfacet
  facet normal 0.762527203906385 0.6469561525348609 0
    outer loop
      vertex 5.127673669101932 8.613512916862106 1
      vertex 5.105452425444242 8.639703722417059 1
      vertex 5.127673669101932 8.613512916862106 13
    endloop
  endfacet
  facet normal 0.8222682189897754 0.5691001458788978 0
    outer loop
      vertex 5.147220763534302 8.585270164436682 1
      vertex 5.127673669101932 8.613512916862106 1
      vertex 5.147220763534302 8.585270164436682 13
    endloop
  endfacet
  facet normal -0.016361731626509245 0.9998661379095614 0
    outer loop
      vertex 4.829871717078891 8.74974225028807 1
      vertex 4.829871717078891 8.74974225028807 13
      vertex 4.861451678987621 8.750259022325782 13
    endloop
  endfacet
  facet normal 0.08172107413367972 0.9966552393091793 0
    outer loop
      vertex 4.895684167277017 8.747452118189887 1
      vertex 4.861451678987621 8.750259022325782 13
      vertex 4.895684167277017 8.747452118189887 13
    endloop
  endfacet
  facet normal 0.17901686127662966 0.9838460059270779 0
    outer loop
      vertex 4.929476692062031 8.74130335945612 1
      vertex 4.895684167277017 8.747452118189887 13
      vertex 4.929476692062031 8.74130335945612 13
    endloop
  endfacet
  facet normal 0.2745886181849539 0.9615617976829557 0
    outer loop
      vertex 4.962503812856106 8.73187196203234 1
      vertex 4.929476692062031 8.74130335945612 13
      vertex 4.962503812856106 8.73187196203234 13
    endloop
  endfacet
  facet normal 0.3675159365946848 0.9300172236840195 0
    outer loop
      vertex 4.994447460431537 8.719248755431465 1
      vertex 4.962503812856106 8.73187196203234 13
      vertex 4.994447460431537 8.719248755431465 13
    endloop
  endfacet
  facet normal 0.4569038756304192 0.8895160754218567 0
    outer loop
      vertex 5.0249999999999995 8.703555308033607 1
      vertex 4.994447460431537 8.719248755431465 13
      vertex 5.0249999999999995 8.703555308033607 13
    endloop
  endfacet
  facet normal 0 0 1
    outer loop
      vertex 4.829871717078891 8.74974225028807 13
      vertex 4.895684167277017 8.747452118189887 13
      vertex 4.861451678987621 8.750259022325782 13
    endloop
  endfacet
  facet normal 0 0 1
    outer loop
      vertex 4.829871717078891 8.74974225028807 13
      vertex 4.929476692062031 8.74130335945612 13
      vertex 4.895684167277017 8.747452118189887 13
    endloop
  endfacet
  facet normal 0 0 1
    outer loop
      vertex 4.829871717078891 8.74974225028807 13
      vertex 4.962503812856106 8.73187196203234 13
      vertex 4.929476692062031 8.74130335945612 13
    endloop
  endfacet
  facet normal 0 0 1
    outer loop
      vertex 4.829871717078891 8.74974225028807 13
      vertex 4.994447460431537 8.719248755431465 13
      vertex 4.962503812856106 8.73187196203234 13
    endloop
  endfacet
  facet normal 0 0 1
    outer loop
      vertex 4.829871717078891 8.74974225028807 13
      vertex 5.127673669101932 8.613512916862106 13
      vertex 5.105452425444242 8.639703722417059 13
    endloop
  endfacet
  facet normal 0 0 1
    outer loop
      vertex 4.829871717078891 8.74974225028807 13
      vertex 5.0249999999999995 8.703555308033607 13
      vertex 4.994447460431537 8.719248755431465 13
    endloop
  endfacet
  facet normal 0 0 1
    outer loop
      vertex 4.829871717078891 8.74974225028807 13
      vertex 5.053867193903731 8.684942756316119 13
      vertex 5.0249999999999995 8.703555308033607 13
    endloop
  endfacet
  facet normal 0 0 1
    outer loop
      vertex 4.829871717078891 8.74974225028807 13
      vertex 5.105452425444242 8.639703722417059 13
      vertex 5.080771035285023 8.663590349326697 13
    endloop
  endfacet
  facet normal 0 0 1
    outer loop
      vertex 4.829871717078891 8.74974225028807 13
      vertex 5.080771035285023 8.663590349326697 13
      vertex 5.053867193903731 8.684942756316119 13
    endloop
  endfacet
  facet normal 0.9174944964474866 0.3977484745270217 0
    outer loop
      vertex 5.163905459536441 8.555247458285704 1
      vertex 5.163905459536441 8.555247458285704 13
      vertex 5.1672541287476506 8.547523014903836 13
    endloop
  endfacet
  facet normal 0.8740903416267589 0.48576339371633986 0
    outer loop
      vertex 5.147220763534302 8.585270164436682 1
      vertex 5.147220763534302 8.585270164436682 13
      vertex 5.163905459536441 8.555247458285704 13
    endloop
  endfacet
  facet normal 0.6216605733700664 0.7832867492286589 0
    outer loop
      vertex 5.080771035285023 8.663590349326697 1
      vertex 5.053867193903731 8.684942756316119 13
      vertex 5.080771035285023 8.663590349326697 13
    endloop
  endfacet
  facet normal 0.695442635009618 0.718581617779692 0
    outer loop
      vertex 5.105452425444242 8.639703722417059 1
      vertex 5.080771035285023 8.663590349326697 13
      vertex 5.105452425444242 8.639703722417059 13
    endloop
  endfacet
  facet normal 0.5418915805747543 0.8404484010944364 0
    outer loop
      vertex 5.053867193903731 8.684942756316119 1
      vertex 5.0249999999999995 8.703555308033607 13
      vertex 5.053867193903731 8.684942756316119 13
    endloop
  endfacet
  facet normal 0.762527203906385 0.6469561525348609 0
    outer loop
      vertex 5.105452425444242 8.639703722417059 1
      vertex 5.105452425444242 8.639703722417059 13
      vertex 5.127673669101932 8.613512916862106 13
    endloop
  endfacet
  facet normal 0.8222682189897754 0.5691001458788978 0
    outer loop
      vertex 5.127673669101932 8.613512916862106 1
      vertex 5.127673669101932 8.613512916862106 13
      vertex 5.147220763534302 8.585270164436682 13
    endloop
  endfacet
  facet normal 0 0 1
    outer loop
      vertex 4.829871717078891 8.74974225028807 13
      vertex 5.163905459536441 8.555247458285704 13
      vertex 5.147220763534302 8.585270164436682 13
    endloop
  endfacet
  facet normal 0 0 1
    outer loop
      vertex 4.829871717078891 8.74974225028807 13
      vertex 5.1672541287476506 8.547523014903836 13
      vertex 5.163905459536441 8.555247458285704 13
    endloop
  endfacet
  facet normal 0 0 1
    outer loop
      vertex 4.829871717078891 8.74974225028807 13
      vertex 5.147220763534302 8.585270164436682 13
      vertex 5.127673669101932 8.613512916862106 13
    endloop
  endfacet
  facet normal 0 0 -1
    outer loop
      vertex 2.9151136931610373 9.565014182942624 1
      vertex 2.9359361474599655 9.569797506894451 1
      vertex 3.276841249925715 9.435585993575097 1
    endloop
  endfacet
  facet normal 0 0 -1
    outer loop
      vertex 2.9359361474599655 9.569797506894451 1
      vertex 2.9700041619322435 9.574169274869583 1
      vertex 3.276841249925715 9.435585993575097 1
    endloop
  endfacet
  facet normal 0 0 -1
    outer loop
      vertex 2.9700041619322435 9.574169274869583 1
      vertex 3.0043366377982093 9.575180742231712 1
      vertex 3.276841249925715 9.435585993575097 1
    endloop
  endfacet
  facet normal 0 0 -1
    outer loop
      vertex 3.0043366377982093 9.575180742231712 1
      vertex 3.0386029345472325 9.572822167997213 1
      vertex 3.276841249925715 9.435585993575097 1
    endloop
  endfacet
  facet normal 0 0 -1
    outer loop
      vertex 3.0386029345472325 9.572822167997213 1
      vertex 3.072473049009757 9.567116266525293 1
      vertex 3.276841249925715 9.435585993575097 1
    endloop
  endfacet
  facet normal 0 0 -1
    outer loop
      vertex 3.072473049009757 9.567116266525293 1
      vertex 3.105620793468221 9.558117988766291 1
      vertex 3.276841249925715 9.435585993575097 1
    endloop
  endfacet
  facet normal 0 0 -1
    outer loop
      vertex 3.105620793468221 9.558117988766291 1
      vertex 3.1377269370230887 9.545913993053986 1
      vertex 3.276841249925715 9.435585993575097 1
    endloop
  endfacet
  facet normal 0 0 -1
    outer loop
      vertex 3.1377269370230887 9.545913993053986 1
      vertex 3.168482279960924 9.530621810538467 1
      vertex 3.276841249925715 9.435585993575097 1
    endloop
  endfacet
  facet normal 0 0 -1
    outer loop
      vertex 3.168482279960924 9.530621810538467 1
      vertex 3.197590631516654 9.512388713296918 1
      vertex 3.276841249925715 9.435585993575097 1
    endloop
  endfacet
  facet normal 0 0 -1
    outer loop
      vertex 3.2723257712452503 9.44193109032143 1
      vertex 3.276841249925715 9.435585993575097 1
      vertex 3.2497636042830114 9.46782878495396 1
    endloop
  endfacet
  facet normal 0 0 -1
    outer loop
      vertex 3.197590631516654 9.512388713296918 1
      vertex 3.2247716623525533 9.491390296022999 1
      vertex 3.276841249925715 9.435585993575097 1
    endloop
  endfacet
  facet normal 0 0 -1
    outer loop
      vertex 3.276841249925715 9.435585993575097 1
      vertex 3.2247716623525533 9.491390296022999 1
      vertex 3.2497636042830114 9.46782878495396 1
    endloop
  endfacet
  facet normal -0.223888047858462 0.9746148685640533 -1.910901348059725e-20
    outer loop
      vertex 2.9151136931610373 9.565014182942624 1
      vertex 2.9359361474599655 9.569797506894451 13
      vertex 2.9359361474599655 9.569797506894451 1
    endloop
  endfacet
  facet normal -0.12728100337387638 0.9918666977876307 0
    outer loop
      vertex 2.9359361474599655 9.569797506894451 1
      vertex 2.9359361474599655 9.569797506894451 13
      vertex 2.9700041619322435 9.574169274869583 1
    endloop
  endfacet
  facet normal -0.029448173248010422 0.9995663085020199 0
    outer loop
      vertex 2.9700041619322435 9.574169274869583 1
      vertex 2.9700041619322435 9.574169274869583 13
      vertex 3.0043366377982093 9.575180742231712 1
    endloop
  endfacet
  facet normal 0.06866825888439257 0.9976395492470145 0
    outer loop
      vertex 3.0043366377982093 9.575180742231712 1
      vertex 3.0043366377982093 9.575180742231712 13
      vertex 3.0386029345472325 9.572822167997213 1
    endloop
  endfacet
  facet normal 0.16612337814579978 0.986104975767503 0
    outer loop
      vertex 3.0386029345472325 9.572822167997213 1
      vertex 3.0386029345472325 9.572822167997213 13
      vertex 3.072473049009757 9.567116266525293 1
    endloop
  endfacet
  facet normal 0.26197863846333874 0.9650736723115471 0
    outer loop
      vertex 3.072473049009757 9.567116266525293 1
      vertex 3.072473049009757 9.567116266525293 13
      vertex 3.105620793468221 9.558117988766291 1
    endloop
  endfacet
  facet normal 0.35531090128038645 0.9347481818283037 0
    outer loop
      vertex 3.105620793468221 9.558117988766291 1
      vertex 3.105620793468221 9.558117988766291 13
      vertex 3.1377269370230887 9.545913993053986 1
    endloop
  endfacet
  facet normal 0.530844025739493 0.8474695394742447 0
    outer loop
      vertex 3.168482279960924 9.530621810538467 1
      vertex 3.168482279960924 9.530621810538467 13
      vertex 3.197590631516654 9.512388713296918 1
    endloop
  endfacet
  facet normal 0.6113544074368282 0.791356928640651 0
    outer loop
      vertex 3.197590631516654 9.512388713296918 1
      vertex 3.197590631516654 9.512388713296918 13
      vertex 3.2247716623525533 9.491390296022999 1
    endloop
  endfacet
  facet normal 0.8147484825275194 0.5798145481264716 -6.1028442239724485e-21
    outer loop
      vertex 3.2723257712452503 9.44193109032143 1
      vertex 3.276841249925715 9.435585993575097 13
      vertex 3.276841249925715 9.435585993575097 1
    endloop
  endfacet
  facet normal 0.7539934819618621 0.6568818989430499 0
    outer loop
      vertex 3.2723257712452503 9.44193109032143 1
      vertex 3.2497636042830114 9.46782878495396 1
      vertex 3.2723257712452503 9.44193109032143 13
    endloop
  endfacet
  facet normal 0.6859771119901865 0.7276231179845807 0
    outer loop
      vertex 3.2247716623525533 9.491390296022999 1
      vertex 3.2247716623525533 9.491390296022999 13
      vertex 3.2497636042830114 9.46782878495396 1
    endloop
  endfacet
  facet normal 0.44522132588549124 0.8954205553686856 0
    outer loop
      vertex 3.1377269370230887 9.545913993053986 1
      vertex 3.1377269370230887 9.545913993053986 13
      vertex 3.168482279960924 9.530621810538467 1
    endloop
  endfacet
  facet normal -0.223888047858462 0.9746148685640533 0
    outer loop
      vertex 2.9151136931610373 9.565014182942624 1
      vertex 2.9151136931610373 9.565014182942624 13
      vertex 2.9359361474599655 9.569797506894451 13
    endloop
  endfacet
  facet normal -0.12728100337387638 0.9918666977876307 0
    outer loop
      vertex 2.9700041619322435 9.574169274869583 1
      vertex 2.9359361474599655 9.569797506894451 13
      vertex 2.9700041619322435 9.574169274869583 13
    endloop
  endfacet
  facet normal -0.029448173248010422 0.9995663085020199 0
    outer loop
      vertex 3.0043366377982093 9.575180742231712 1
      vertex 2.9700041619322435 9.574169274869583 13
      vertex 3.0043366377982093 9.575180742231712 13
    endloop
  endfacet
  facet normal 0.16612337814579978 0.986104975767503 0
    outer loop
      vertex 3.072473049009757 9.567116266525293 1
      vertex 3.0386029345472325 9.572822167997213 13
      vertex 3.072473049009757 9.567116266525293 13
    endloop
  endfacet
  facet normal 0.06866825888439257 0.9976395492470145 0
    outer loop
      vertex 3.0386029345472325 9.572822167997213 1
      vertex 3.0043366377982093 9.575180742231712 13
      vertex 3.0386029345472325 9.572822167997213 13
    endloop
  endfacet
  facet normal 0.26197863846333874 0.9650736723115471 0
    outer loop
      vertex 3.105620793468221 9.558117988766291 1
      vertex 3.072473049009757 9.567116266525293 13
      vertex 3.105620793468221 9.558117988766291 13
    endloop
  endfacet
  facet normal 0.35531090128038645 0.9347481818283037 0
    outer loop
      vertex 3.1377269370230887 9.545913993053986 1
      vertex 3.105620793468221 9.558117988766291 13
      vertex 3.1377269370230887 9.545913993053986 13
    endloop
  endfacet
  facet normal 0.530844025739493 0.8474695394742447 0
    outer loop
      vertex 3.197590631516654 9.512388713296918 1
      vertex 3.168482279960924 9.530621810538467 13
      vertex 3.197590631516654 9.512388713296918 13
    endloop
  endfacet
  facet normal 0.6113544074368282 0.791356928640651 0
    outer loop
      vertex 3.2247716623525533 9.491390296022999 1
      vertex 3.197590631516654 9.512388713296918 13
      vertex 3.2247716623525533 9.491390296022999 13
    endloop
  endfacet
  facet normal 0.8147484825275194 0.5798145481264716 0
    outer loop
      vertex 3.2723257712452503 9.44193109032143 1
      vertex 3.2723257712452503 9.44193109032143 13
      vertex 3.276841249925715 9.435585993575097 13
    endloop
  endfacet
  facet normal 0.7539934819618621 0.6568818989430499 0
    outer loop
      vertex 3.2497636042830114 9.46782878495396 1
      vertex 3.2497636042830114 9.46782878495396 13
      vertex 3.2723257712452503 9.44193109032143 13
    endloop
  endfacet
  facet normal 0.6859771119901865 0.7276231179845807 0
    outer loop
      vertex 3.2497636042830114 9.46782878495396 1
      vertex 3.2247716623525533 9.491390296022999 13
      vertex 3.2497636042830114 9.46782878495396 13
    endloop
  endfacet
  facet normal 0.44522132588549124 0.8954205553686856 0
    outer loop
      vertex 3.168482279960924 9.530621810538467 1
      vertex 3.1377269370230887 9.545913993053986 13
      vertex 3.168482279960924 9.530621810538467 13
    endloop
  endfacet
  facet normal 0 0 1
    outer loop
      vertex 2.9151136931610373 9.565014182942624 13
      vertex 2.9700041619322435 9.574169274869583 13
      vertex 2.9359361474599655 9.569797506894451 13
    endloop
  endfacet
  facet normal 0 0 1
    outer loop
      vertex 2.9151136931610373 9.565014182942624 13
      vertex 3.0043366377982093 9.575180742231712 13
      vertex 2.9700041619322435 9.574169274869583 13
    endloop
  endfacet
  facet normal 0 0 1
    outer loop
      vertex 2.9151136931610373 9.565014182942624 13
      vertex 3.2247716623525533 9.491390296022999 13
      vertex 3.197590631516654 9.512388713296918 13
    endloop
  endfacet
  facet normal 0 0 1
    outer loop
      vertex 2.9151136931610373 9.565014182942624 13
      vertex 3.2497636042830114 9.46782878495396 13
      vertex 3.2247716623525533 9.491390296022999 13
    endloop
  endfacet
  facet normal 0 0 1
    outer loop
      vertex 2.9151136931610373 9.565014182942624 13
      vertex 3.072473049009757 9.567116266525293 13
      vertex 3.0386029345472325 9.572822167997213 13
    endloop
  endfacet
  facet normal 0 0 1
    outer loop
      vertex 2.9151136931610373 9.565014182942624 13
      vertex 3.0386029345472325 9.572822167997213 13
      vertex 3.0043366377982093 9.575180742231712 13
    endloop
  endfacet
  facet normal 0 0 1
    outer loop
      vertex 2.9151136931610373 9.565014182942624 13
      vertex 3.105620793468221 9.558117988766291 13
      vertex 3.072473049009757 9.567116266525293 13
    endloop
  endfacet
  facet normal 0 0 1
    outer loop
      vertex 2.9151136931610373 9.565014182942624 13
      vertex 3.1377269370230887 9.545913993053986 13
      vertex 3.105620793468221 9.558117988766291 13
    endloop
  endfacet
  facet normal 0 0 1
    outer loop
      vertex 2.9151136931610373 9.565014182942624 13
      vertex 3.168482279960924 9.530621810538467 13
      vertex 3.1377269370230887 9.545913993053986 13
    endloop
  endfacet
  facet normal 0 0 1
    outer loop
      vertex 2.9151136931610373 9.565014182942624 13
      vertex 3.197590631516654 9.512388713296918 13
      vertex 3.168482279960924 9.530621810538467 13
    endloop
  endfacet
  facet normal 0 0 1
    outer loop
      vertex 2.9151136931610373 9.565014182942624 13
      vertex 3.276841249925715 9.435585993575097 13
      vertex 3.2723257712452503 9.44193109032143 13
    endloop
  endfacet
  facet normal 0 0 1
    outer loop
      vertex 2.9151136931610373 9.565014182942624 13
      vertex 3.2723257712452503 9.44193109032143 13
      vertex 3.2497636042830114 9.46782878495396 13
    endloop
  endfacet
  facet normal 0 0 -1
    outer loop
      vertex 0.8540477377909933 9.958043325089589 1
      vertex 0.8821061181036148 9.971089919428543 1
      vertex 0.980171403295606 9.95184726672197 1
    endloop
  endfacet
  facet normal 0 0 -1
    outer loop
      vertex 0.8821061181036148 9.971089919428543 1
      vertex 0.9145207230498655 9.982449292276117 1
      vertex 0.980171403295606 9.95184726672197 1
    endloop
  endfacet
  facet normal 0 0 -1
    outer loop
      vertex 0.9145207230498655 9.982449292276117 1
      vertex 0.9478926560559443 9.990576779756857 1
      vertex 0.980171403295606 9.95184726672197 1
    endloop
  endfacet
  facet normal 0 0 -1
    outer loop
      vertex 0.980171403295606 9.95184726672197 1
      vertex 0.9478926560559443 9.990576779756857 1
      vertex 0.9819005271640477 9.995394109723382 1
    endloop
  endfacet
  facet normal 0 0 -1
    outer loop
      vertex 0.980171403295606 9.95184726672197 1
      vertex 0.9819005271640477 9.995394109723382 1
      vertex 1.2407361321266028 9.913196140353163 1
    endloop
  endfacet
  facet normal 0 0 -1
    outer loop
      vertex 0.9819005271640477 9.995394109723382 1
      vertex 1.0162168219848118 9.996854888654696 1
      vertex 1.2407361321266028 9.913196140353163 1
    endloop
  endfacet
  facet normal 0 0 -1
    outer loop
      vertex 1.0162168219848118 9.996854888654696 1
      vertex 1.0505110558399173 9.994945048451145 1
      vertex 1.2407361321266028 9.913196140353163 1
    endloop
  endfacet
  facet normal 0 0 -1
    outer loop
      vertex 1.0505110558399173 9.994945048451145 1
      vertex 1.0844529565102046 9.98968298191792 1
      vertex 1.2407361321266028 9.913196140353163 1
    endloop
  endfacet
  facet normal 0 0 -1
    outer loop
      vertex 1.1177156449376884 9.981119365632264 1
      vertex 1.1499787832495771 9.969336671900368 1
      vertex 1.2407361321266028 9.913196140353163 1
    endloop
  endfacet
  facet normal 0 0 -1
    outer loop
      vertex 1.0844529565102046 9.98968298191792 1
      vertex 1.1177156449376884 9.981119365632264 1
      vertex 1.2407361321266028 9.913196140353163 1
    endloop
  endfacet
  facet normal 0 0 -1
    outer loop
      vertex 1.1499787832495771 9.969336671900368 1
      vertex 1.1809316597871014 9.954448374503938 1
      vertex 1.2407361321266028 9.913196140353163 1
    endloop
  endfacet
  facet normal 0 0 -1
    outer loop
      vertex 1.2407361321266028 9.913196140353163 1
      vertex 1.1809316597871014 9.954448374503938 1
      vertex 1.210276181428642 9.936597855885676 1
    endloop
  endfacet
  facet normal 0 0 -1
    outer loop
      vertex 1.2377297443894433 9.91595702629796 1
      vertex 1.2407361321266028 9.913196140353163 1
      vertex 1.210276181428642 9.936597855885676 1
    endloop
  endfacet
  facet normal -0.42162938206507194 0.9067682527412535 2.11164736623237e-20
    outer loop
      vertex 0.8540477377909933 9.958043325089589 1
      vertex 0.8821061181036148 9.971089919428543 13
      vertex 0.8821061181036148 9.971089919428543 1
    endloop
  endfacet
  facet normal -0.3307202902719762 0.9437288220682993 0
    outer loop
      vertex 0.8821061181036148 9.971089919428543 1
      vertex 0.8821061181036148 9.971089919428543 13
      vertex 0.9145207230498655 9.982449292276117 1
    endloop
  endfacet
  facet normal -0.23662618129364762 0.9716007669441117 0
    outer loop
      vertex 0.9145207230498655 9.982449292276117 1
      vertex 0.9145207230498655 9.982449292276117 13
      vertex 0.9478926560559443 9.990576779756857 1
    endloop
  endfacet
  facet normal -0.14025323283627245 0.990115665303289 0
    outer loop
      vertex 0.9478926560559443 9.990576779756857 1
      vertex 0.9478926560559443 9.990576779756857 13
      vertex 0.9819005271640477 9.995394109723382 1
    endloop
  endfacet
  facet normal -0.042529569076561635 0.9990952085533 0
    outer loop
      vertex 0.9819005271640477 9.995394109723382 1
      vertex 0.9819005271640477 9.995394109723382 13
      vertex 1.0162168219848118 9.996854888654696 1
    endloop
  endfacet
  facet normal 0.05560367768245714 0.9984529187839482 0
    outer loop
      vertex 1.0162168219848118 9.996854888654696 1
      vertex 1.0162168219848118 9.996854888654696 13
      vertex 1.0505110558399173 9.994945048451145 1
    endloop
  endfacet
  facet normal 0.15320143062918945 0.9881949815968352 0
    outer loop
      vertex 1.0505110558399173 9.994945048451145 1
      vertex 1.0505110558399173 9.994945048451145 13
      vertex 1.0844529565102046 9.98968298191792 1
    endloop
  endfacet
  facet normal 0.2493237700508013 0.968420186534572 0
    outer loop
      vertex 1.0844529565102046 9.98968298191792 1
      vertex 1.0844529565102046 9.98968298191792 13
      vertex 1.1177156449376884 9.981119365632264 1
    endloop
  endfacet
  facet normal 0.3430449852722683 0.9393189756837392 0
    outer loop
      vertex 1.1177156449376884 9.981119365632264 1
      vertex 1.1177156449376884 9.981119365632264 13
      vertex 1.1499787832495771 9.969336671900368 1
    endloop
  endfacet
  facet normal 0.4334624897583501 0.9011716096130038 0
    outer loop
      vertex 1.1499787832495771 9.969336671900368 1
      vertex 1.1499787832495771 9.969336671900368 13
      vertex 1.1809316597871014 9.954448374503938 1
    endloop
  endfacet
  facet normal 0.676394050323982 0.7365399437140654 -6.303273645692382e-21
    outer loop
      vertex 1.2377297443894433 9.91595702629796 1
      vertex 1.2407361321266028 9.913196140353163 13
      vertex 1.2407361321266028 9.913196140353163 1
    endloop
  endfacet
  facet normal 0.5197055135132492 0.854345468311227 0
    outer loop
      vertex 1.1809316597871014 9.954448374503938 1
      vertex 1.1809316597871014 9.954448374503938 13
      vertex 1.210276181428642 9.936597855885676 1
    endloop
  endfacet
  facet normal 0.6009434890731237 0.7992915131168481 -3.7746950232916233e-20
    outer loop
      vertex 1.2377297443894433 9.91595702629796 1
      vertex 1.210276181428642 9.936597855885676 1
      vertex 1.210276181428642 9.936597855885676 13
    endloop
  endfacet
  facet normal -0.42162938206507194 0.9067682527412535 0
    outer loop
      vertex 0.8540477377909933 9.958043325089589 1
      vertex 0.8540477377909933 9.958043325089589 13
      vertex 0.8821061181036148 9.971089919428543 13
    endloop
  endfacet
  facet normal -0.3307202902719762 0.9437288220682993 0
    outer loop
      vertex 0.9145207230498655 9.982449292276117 1
      vertex 0.8821061181036148 9.971089919428543 13
      vertex 0.9145207230498655 9.982449292276117 13
    endloop
  endfacet
  facet normal -0.23662618129364762 0.9716007669441117 0
    outer loop
      vertex 0.9478926560559443 9.990576779756857 1
      vertex 0.9145207230498655 9.982449292276117 13
      vertex 0.9478926560559443 9.990576779756857 13
    endloop
  endfacet
  facet normal -0.14025323283627245 0.990115665303289 0
    outer loop
      vertex 0.9819005271640477 9.995394109723382 1
      vertex 0.9478926560559443 9.990576779756857 13
      vertex 0.9819005271640477 9.995394109723382 13
    endloop
  endfacet
  facet normal -0.042529569076561635 0.9990952085533 0
    outer loop
      vertex 1.0162168219848118 9.996854888654696 1
      vertex 0.9819005271640477 9.995394109723382 13
      vertex 1.0162168219848118 9.996854888654696 13
    endloop
  endfacet
  facet normal 0.05560367768245714 0.9984529187839482 0
    outer loop
      vertex 1.0505110558399173 9.994945048451145 1
      vertex 1.0162168219848118 9.996854888654696 13
      vertex 1.0505110558399173 9.994945048451145 13
    endloop
  endfacet
  facet normal 0.15320143062918945 0.9881949815968352 0
    outer loop
      vertex 1.0844529565102046 9.98968298191792 1
      vertex 1.0505110558399173 9.994945048451145 13
      vertex 1.0844529565102046 9.98968298191792 13
    endloop
  endfacet
  facet normal 0.2493237700508013 0.968420186534572 0
    outer loop
      vertex 1.1177156449376884 9.981119365632264 1
      vertex 1.0844529565102046 9.98968298191792 13
      vertex 1.1177156449376884 9.981119365632264 13
    endloop
  endfacet
  facet normal 0.4334624897583501 0.9011716096130038 0
    outer loop
      vertex 1.1809316597871014 9.954448374503938 1
      vertex 1.1499787832495771 9.969336671900368 13
      vertex 1.1809316597871014 9.954448374503938 13
    endloop
  endfacet
  facet normal 0.3430449852722683 0.9393189756837392 0
    outer loop
      vertex 1.1499787832495771 9.969336671900368 1
      vertex 1.1177156449376884 9.981119365632264 13
      vertex 1.1499787832495771 9.969336671900368 13
    endloop
  endfacet
  facet normal 0.676394050323982 0.7365399437140654 0
    outer loop
      vertex 1.2377297443894433 9.91595702629796 1
      vertex 1.2377297443894433 9.91595702629796 13
      vertex 1.2407361321266028 9.913196140353163 13
    endloop
  endfacet
  facet normal 0.5197055135132492 0.854345468311227 0
    outer loop
      vertex 1.210276181428642 9.936597855885676 1
      vertex 1.1809316597871014 9.954448374503938 13
      vertex 1.210276181428642 9.936597855885676 13
    endloop
  endfacet
  facet normal 0.6009434890731237 0.7992915131168481 0
    outer loop
      vertex 1.2377297443894433 9.91595702629796 1
      vertex 1.210276181428642 9.936597855885676 13
      vertex 1.2377297443894433 9.91595702629796 13
    endloop
  endfacet
  facet normal 0 0 1
    outer loop
      vertex 0.8540477377909933 9.958043325089589 13
      vertex 0.9145207230498655 9.982449292276117 13
      vertex 0.8821061181036148 9.971089919428543 13
    endloop
  endfacet
  facet normal 0 0 1
    outer loop
      vertex 0.8540477377909933 9.958043325089589 13
      vertex 0.9478926560559443 9.990576779756857 13
      vertex 0.9145207230498655 9.982449292276117 13
    endloop
  endfacet
  facet normal 0 0 1
    outer loop
      vertex 0.8540477377909933 9.958043325089589 13
      vertex 0.980171403295606 9.95184726672197 13
      vertex 0.9478926560559443 9.990576779756857 13
    endloop
  endfacet
  facet normal 0 0 1
    outer loop
      vertex 0.980171403295606 9.95184726672197 13
      vertex 0.9819005271640477 9.995394109723382 13
      vertex 0.9478926560559443 9.990576779756857 13
    endloop
  endfacet
  facet normal 0 0 1
    outer loop
      vertex 0.980171403295606 9.95184726672197 13
      vertex 1.0162168219848118 9.996854888654696 13
      vertex 0.9819005271640477 9.995394109723382 13
    endloop
  endfacet
  facet normal 0 0 1
    outer loop
      vertex 0.980171403295606 9.95184726672197 13
      vertex 1.0505110558399173 9.994945048451145 13
      vertex 1.0162168219848118 9.996854888654696 13
    endloop
  endfacet
  facet normal 0 0 1
    outer loop
      vertex 0.980171403295606 9.95184726672197 13
      vertex 1.0844529565102046 9.98968298191792 13
      vertex 1.0505110558399173 9.994945048451145 13
    endloop
  endfacet
  facet normal 0 0 1
    outer loop
      vertex 0.980171403295606 9.95184726672197 13
      vertex 1.1177156449376884 9.981119365632264 13
      vertex 1.0844529565102046 9.98968298191792 13
    endloop
  endfacet
  facet normal 0 0 1
    outer loop
      vertex 0.980171403295606 9.95184726672197 13
      vertex 1.1499787832495771 9.969336671900368 13
      vertex 1.1177156449376884 9.981119365632264 13
    endloop
  endfacet
  facet normal 0 0 1
    outer loop
      vertex 0.980171403295606 9.95184726672197 13
      vertex 1.1809316597871014 9.954448374503938 13
      vertex 1.1499787832495771 9.969336671900368 13
    endloop
  endfacet
  facet normal 0 0 1
    outer loop
      vertex 0.980171403295606 9.95184726672197 13
      vertex 1.210276181428642 9.936597855885676 13
      vertex 1.1809316597871014 9.954448374503938 13
    endloop
  endfacet
  facet normal 0 0 1
    outer loop
      vertex 0.980171403295606 9.95184726672197 13
      vertex 1.2377297443894433 9.91595702629796 13
      vertex 1.210276181428642 9.936597855885676 13
    endloop
  endfacet
  facet normal 0 0 1
    outer loop
      vertex 0.980171403295606 9.95184726672197 13
      vertex 1.2407361321266028 9.913196140353163 13
      vertex 1.2377297443894433 9.91595702629796 13
    endloop
  endfacet
  facet normal 0 0 -1
    outer loop
      vertex -1.2377297443894433 9.91595702629796 1
      vertex -0.980171403295606 9.95184726672197 1
      vertex -1.2407361321266028 9.913196140353163 1
    endloop
  endfacet
  facet normal 0 0 -1
    outer loop
      vertex -1.2377297443894433 9.91595702629796 1
      vertex -1.210276181428642 9.936597855885676 1
      vertex -0.980171403295606 9.95184726672197 1
    endloop
  endfacet
  facet normal 0 0 -1
    outer loop
      vertex -1.210276181428642 9.936597855885676 1
      vertex -1.1809316597871014 9.954448374503938 1
      vertex -0.980171403295606 9.95184726672197 1
    endloop
  endfacet
  facet normal 0 0 -1
    outer loop
      vertex -1.1809316597871014 9.954448374503938 1
      vertex -1.1499787832495771 9.969336671900368 1
      vertex -0.980171403295606 9.95184726672197 1
    endloop
  endfacet
  facet normal 0 0 -1
    outer loop
      vertex -1.1499787832495771 9.969336671900368 1
      vertex -1.1177156449376884 9.981119365632264 1
      vertex -0.980171403295606 9.95184726672197 1
    endloop
  endfacet
  facet normal 0 0 -1
    outer loop
      vertex -1.1177156449376884 9.981119365632264 1
      vertex -1.0844529565102046 9.98968298191792 1
      vertex -0.980171403295606 9.95184726672197 1
    endloop
  endfacet
  facet normal 0 0 -1
    outer loop
      vertex -1.0844529565102046 9.98968298191792 1
      vertex -1.0505110558399173 9.994945048451145 1
      vertex -0.980171403295606 9.95184726672197 1
    endloop
  endfacet
  facet normal 0 0 -1
    outer loop
      vertex -1.0505110558399173 9.994945048451145 1
      vertex -1.0162168219848118 9.996854888654696 1
      vertex -0.980171403295606 9.95184726672197 1
    endloop
  endfacet
  facet normal 0 0 -1
    outer loop
      vertex -1.0162168219848118 9.996854888654696 1
      vertex -0.9819005271640477 9.995394109723382 1
      vertex -0.980171403295606 9.95184726672197 1
    endloop
  endfacet
  facet normal 0 0 -1
    outer loop
      vertex -0.9819005271640477 9.995394109723382 1
      vertex -0.9478926560559443 9.990576779756857 1
      vertex -0.980171403295606 9.95184726672197 1
    endloop
  endfacet
  facet normal 0 0 -1
    outer loop
      vertex -0.980171403295606 9.95184726672197 1
      vertex -0.9478926560559443 9.990576779756857 1
      vertex -0.8540477377909933 9.958043325089589 1
    endloop
  endfacet
  facet normal 0 0 -1
    outer loop
      vertex -0.9478926560559443 9.990576779756857 1
      vertex -0.9145207230498655 9.982449292276117 1
      vertex -0.8540477377909933 9.958043325089589 1
    endloop
  endfacet
  facet normal 0 0 -1
    outer loop
      vertex -0.9145207230498655 9.982449292276117 1
      vertex -0.8821061181036148 9.971089919428543 1
      vertex -0.8540477377909933 9.958043325089589 1
    endloop
  endfacet
  facet normal -0.676394050323982 0.7365399437140654 0
    outer loop
      vertex -1.2377297443894433 9.91595702629796 1
      vertex -1.2407361321266028 9.913196140353163 1
      vertex -1.2377297443894433 9.91595702629796 13
    endloop
  endfacet
  facet normal -0.6009434890731237 0.7992915131168481 0
    outer loop
      vertex -1.2377297443894433 9.91595702629796 1
      vertex -1.2377297443894433 9.91595702629796 13
      vertex -1.210276181428642 9.936597855885676 1
    endloop
  endfacet
  facet normal -0.5197055135132492 0.854345468311227 0
    outer loop
      vertex -1.210276181428642 9.936597855885676 1
      vertex -1.210276181428642 9.936597855885676 13
      vertex -1.1809316597871014 9.954448374503938 1
    endloop
  endfacet
  facet normal -0.4334624897583501 0.9011716096130038 0
    outer loop
      vertex -1.1809316597871014 9.954448374503938 1
      vertex -1.1809316597871014 9.954448374503938 13
      vertex -1.1499787832495771 9.969336671900368 1
    endloop
  endfacet
  facet normal -0.3430449852722683 0.9393189756837392 0
    outer loop
      vertex -1.1499787832495771 9.969336671900368 1
      vertex -1.1499787832495771 9.969336671900368 13
      vertex -1.1177156449376884 9.981119365632264 1
    endloop
  endfacet
  facet normal -0.2493237700508013 0.968420186534572 0
    outer loop
      vertex -1.1177156449376884 9.981119365632264 1
      vertex -1.1177156449376884 9.981119365632264 13
      vertex -1.0844529565102046 9.98968298191792 1
    endloop
  endfacet
  facet normal -0.15320143062918945 0.9881949815968352 0
    outer loop
      vertex -1.0844529565102046 9.98968298191792 1
      vertex -1.0844529565102046 9.98968298191792 13
      vertex -1.0505110558399173 9.994945048451145 1
    endloop
  endfacet
  facet normal -0.05560367768245714 0.9984529187839482 0
    outer loop
      vertex -1.0505110558399173 9.994945048451145 1
      vertex -1.0505110558399173 9.994945048451145 13
      vertex -1.0162168219848118 9.996854888654696 1
    endloop
  endfacet
  facet normal 0.042529569076561635 0.9990952085533 0
    outer loop
      vertex -1.0162168219848118 9.996854888654696 1
      vertex -1.0162168219848118 9.996854888654696 13
      vertex -0.9819005271640477 9.995394109723382 1
    endloop
  endfacet
  facet normal 0.14025323283627245 0.990115665303289 0
    outer loop
      vertex -0.9819005271640477 9.995394109723382 1
      vertex -0.9819005271640477 9.995394109723382 13
      vertex -0.9478926560559443 9.990576779756857 1
    endloop
  endfacet
  facet normal 0.23662618129364762 0.9716007669441117 0
    outer loop
      vertex -0.9478926560559443 9.990576779756857 1
      vertex -0.9478926560559443 9.990576779756857 13
      vertex -0.9145207230498655 9.982449292276117 1
    endloop
  endfacet
  facet normal 0.3307202902719762 0.9437288220682993 0
    outer loop
      vertex -0.9145207230498655 9.982449292276117 1
      vertex -0.9145207230498655 9.982449292276117 13
      vertex -0.8821061181036148 9.971089919428543 1
    endloop
  endfacet
  facet normal 0.42162938206507194 0.9067682527412535 -2.11164736623237e-20
    outer loop
      vertex -0.8821061181036148 9.971089919428543 1
      vertex -0.8540477377909933 9.958043325089589 13
      vertex -0.8540477377909933 9.958043325089589 1
    endloop
  endfacet
  facet normal -0.676394050323982 0.7365399437140654 0
    outer loop
      vertex -1.2407361321266028 9.913196140353163 1
      vertex -1.2407361321266028 9.913196140353163 13
      vertex -1.2377297443894433 9.91595702629796 13
    endloop
  endfacet
  facet normal -0.6009434890731237 0.7992915131168481 0
    outer loop
      vertex -1.210276181428642 9.936597855885676 1
      vertex -1.2377297443894433 9.91595702629796 13
      vertex -1.210276181428642 9.936597855885676 13
    endloop
  endfacet
  facet normal -0.5197055135132492 0.854345468311227 0
    outer loop
      vertex -1.1809316597871014 9.954448374503938 1
      vertex -1.210276181428642 9.936597855885676 13
      vertex -1.1809316597871014 9.954448374503938 13
    endloop
  endfacet
  facet normal -0.4334624897583501 0.9011716096130038 0
    outer loop
      vertex -1.1499787832495771 9.969336671900368 1
      vertex -1.1809316597871014 9.954448374503938 13
      vertex -1.1499787832495771 9.969336671900368 13
    endloop
  endfacet
  facet normal -0.3430449852722683 0.9393189756837392 0
    outer loop
      vertex -1.1177156449376884 9.981119365632264 1
      vertex -1.1499787832495771 9.969336671900368 13
      vertex -1.1177156449376884 9.981119365632264 13
    endloop
  endfacet
  facet normal -0.2493237700508013 0.968420186534572 0
    outer loop
      vertex -1.0844529565102046 9.98968298191792 1
      vertex -1.1177156449376884 9.981119365632264 13
      vertex -1.0844529565102046 9.98968298191792 13
    endloop
  endfacet
  facet normal -0.15320143062918945 0.9881949815968352 0
    outer loop
      vertex -1.0505110558399173 9.994945048451145 1
      vertex -1.0844529565102046 9.98968298191792 13
      vertex -1.0505110558399173 9.994945048451145 13
    endloop
  endfacet
  facet normal -0.05560367768245714 0.9984529187839482 0
    outer loop
      vertex -1.0162168219848118 9.996854888654696 1
      vertex -1.0505110558399173 9.994945048451145 13
      vertex -1.0162168219848118 9.996854888654696 13
    endloop
  endfacet
  facet normal 0.042529569076561635 0.9990952085533 0
    outer loop
      vertex -0.9819005271640477 9.995394109723382 1
      vertex -1.0162168219848118 9.996854888654696 13
      vertex -0.9819005271640477 9.995394109723382 13
    endloop
  endfacet
  facet normal 0.14025323283627245 0.990115665303289 0
    outer loop
      vertex -0.9478926560559443 9.990576779756857 1
      vertex -0.9819005271640477 9.995394109723382 13
      vertex -0.9478926560559443 9.990576779756857 13
    endloop
  endfacet
  facet normal 0.23662618129364762 0.9716007669441117 0
    outer loop
      vertex -0.9145207230498655 9.982449292276117 1
      vertex -0.9478926560559443 9.990576779756857 13
      vertex -0.9145207230498655 9.982449292276117 13
    endloop
  endfacet
  facet normal 0.3307202902719762 0.9437288220682993 0
    outer loop
      vertex -0.8821061181036148 9.971089919428543 1
      vertex -0.9145207230498655 9.982449292276117 13
      vertex -0.8821061181036148 9.971089919428543 13
    endloop
  endfacet
  facet normal 0.42162938206507194 0.9067682527412535 0
    outer loop
      vertex -0.8821061181036148 9.971089919428543 1
      vertex -0.8821061181036148 9.971089919428543 13
      vertex -0.8540477377909933 9.958043325089589 13
    endloop
  endfacet
  facet normal 0 0 1
    outer loop
      vertex -1.2377297443894433 9.91595702629796 13
      vertex -1.2407361321266028 9.913196140353163 13
      vertex -1.210276181428642 9.936597855885676 13
    endloop
  endfacet
  facet normal 0 0 1
    outer loop
      vertex -1.2407361321266028 9.913196140353163 13
      vertex -1.1809316597871014 9.954448374503938 13
      vertex -1.210276181428642 9.936597855885676 13
    endloop
  endfacet
  facet normal 0 0 1
    outer loop
      vertex -1.2407361321266028 9.913196140353163 13
      vertex -1.1499787832495771 9.969336671900368 13
      vertex -1.1809316597871014 9.954448374503938 13
    endloop
  endfacet
  facet normal 0 0 1
    outer loop
      vertex -1.2407361321266028 9.913196140353163 13
      vertex -1.1177156449376884 9.981119365632264 13
      vertex -1.1499787832495771 9.969336671900368 13
    endloop
  endfacet
  facet normal 0 0 1
    outer loop
      vertex -1.2407361321266028 9.913196140353163 13
      vertex -1.0844529565102046 9.98968298191792 13
      vertex -1.1177156449376884 9.981119365632264 13
    endloop
  endfacet
  facet normal 0 0 1
    outer loop
      vertex -1.2407361321266028 9.913196140353163 13
      vertex -1.0505110558399173 9.994945048451145 13
      vertex -1.0844529565102046 9.98968298191792 13
    endloop
  endfacet
  facet normal 0 0 1
    outer loop
      vertex -1.2407361321266028 9.913196140353163 13
      vertex -1.0162168219848118 9.996854888654696 13
      vertex -1.0505110558399173 9.994945048451145 13
    endloop
  endfacet
  facet normal 0 0 1
    outer loop
      vertex -1.2407361321266028 9.913196140353163 13
      vertex -0.980171403295606 9.95184726672197 13
      vertex -0.9819005271640477 9.995394109723382 13
    endloop
  endfacet
  facet normal 0 0 1
    outer loop
      vertex -1.2407361321266028 9.913196140353163 13
      vertex -0.9819005271640477 9.995394109723382 13
      vertex -1.0162168219848118 9.996854888654696 13
    endloop
  endfacet
  facet normal 0 0 1
    outer loop
      vertex -0.9819005271640477 9.995394109723382 13
      vertex -0.980171403295606 9.95184726672197 13
      vertex -0.9478926560559443 9.990576779756857 13
    endloop
  endfacet
  facet normal 0 0 1
    outer loop
      vertex -0.980171403295606 9.95184726672197 13
      vertex -0.9145207230498655 9.982449292276117 13
      vertex -0.9478926560559443 9.990576779756857 13
    endloop
  endfacet
  facet normal 0 0 1
    outer loop
      vertex -0.980171403295606 9.95184726672197 13
      vertex -0.8540477377909933 9.958043325089589 13
      vertex -0.8821061181036148 9.971089919428543 13
    endloop
  endfacet
  facet normal 0 0 1
    outer loop
      vertex -0.980171403295606 9.95184726672197 13
      vertex -0.8821061181036148 9.971089919428543 13
      vertex -0.9145207230498655 9.982449292276117 13
    endloop
  endfacet
  facet normal 0 0 -1
    outer loop
      vertex -3.2723257712452503 9.44193109032143 1
      vertex -2.9151136931610373 9.565014182942624 1
      vertex -3.276841249925715 9.435585993575097 1
    endloop
  endfacet
  facet normal 0 0 -1
    outer loop
      vertex -3.2723257712452503 9.44193109032143 1
      vertex -3.2497636042830114 9.46782878495396 1
      vertex -2.9151136931610373 9.565014182942624 1
    endloop
  endfacet
  facet normal 0 0 -1
    outer loop
      vertex -3.2497636042830114 9.46782878495396 1
      vertex -3.2247716623525533 9.491390296022999 1
      vertex -2.9151136931610373 9.565014182942624 1
    endloop
  endfacet
  facet normal 0 0 -1
    outer loop
      vertex -3.2247716623525533 9.491390296022999 1
      vertex -3.197590631516654 9.512388713296918 1
      vertex -2.9151136931610373 9.565014182942624 1
    endloop
  endfacet
  facet normal 0 0 -1
    outer loop
      vertex -3.197590631516654 9.512388713296918 1
      vertex -3.168482279960924 9.530621810538467 1
      vertex -2.9151136931610373 9.565014182942624 1
    endloop
  endfacet
  facet normal 0 0 -1
    outer loop
      vertex -3.168482279960924 9.530621810538467 1
      vertex -3.1377269370230887 9.545913993053986 1
      vertex -2.9151136931610373 9.565014182942624 1
    endloop
  endfacet
  facet normal 0 0 -1
    outer loop
      vertex -3.1377269370230887 9.545913993053986 1
      vertex -3.105620793468221 9.558117988766291 1
      vertex -2.9151136931610373 9.565014182942624 1
    endloop
  endfacet
  facet normal 0 0 -1
    outer loop
      vertex -3.105620793468221 9.558117988766291 1
      vertex -3.072473049009757 9.567116266525293 1
      vertex -2.9151136931610373 9.565014182942624 1
    endloop
  endfacet
  facet normal 0 0 -1
    outer loop
      vertex -3.072473049009757 9.567116266525293 1
      vertex -3.0386029345472325 9.572822167997213 1
      vertex -2.9151136931610373 9.565014182942624 1
    endloop
  endfacet
  facet normal 0 0 -1
    outer loop
      vertex -3.0386029345472325 9.572822167997213 1
      vertex -3.0043366377982093 9.575180742231712 1
      vertex -2.9151136931610373 9.565014182942624 1
    endloop
  endfacet
  facet normal 0 0 -1
    outer loop
      vertex -3.0043366377982093 9.575180742231712 1
      vertex -2.9700041619322435 9.574169274869583 1
      vertex -2.9151136931610373 9.565014182942624 1
    endloop
  endfacet
  facet normal 0 0 -1
    outer loop
      vertex -2.9700041619322435 9.574169274869583 1
      vertex -2.9359361474599655 9.569797506894451 1
      vertex -2.9151136931610373 9.565014182942624 1
    endloop
  endfacet
  facet normal -0.8147484825275194 0.5798145481264716 0
    outer loop
      vertex -3.2723257712452503 9.44193109032143 1
      vertex -3.276841249925715 9.435585993575097 1
      vertex -3.2723257712452503 9.44193109032143 13
    endloop
  endfacet
  facet normal -0.7539934819618621 0.6568818989430499 4.552042542428763e-20
    outer loop
      vertex -3.2723257712452503 9.44193109032143 1
      vertex -3.2497636042830114 9.46782878495396 13
      vertex -3.2497636042830114 9.46782878495396 1
    endloop
  endfacet
  facet normal -0.6859771119901865 0.7276231179845807 0
    outer loop
      vertex -3.2497636042830114 9.46782878495396 1
      vertex -3.2497636042830114 9.46782878495396 13
      vertex -3.2247716623525533 9.491390296022999 1
    endloop
  endfacet
  facet normal -0.6113544074368282 0.791356928640651 0
    outer loop
      vertex -3.2247716623525533 9.491390296022999 1
      vertex -3.2247716623525533 9.491390296022999 13
      vertex -3.197590631516654 9.512388713296918 1
    endloop
  endfacet
  facet normal -0.530844025739493 0.8474695394742447 0
    outer loop
      vertex -3.197590631516654 9.512388713296918 1
      vertex -3.197590631516654 9.512388713296918 13
      vertex -3.168482279960924 9.530621810538467 1
    endloop
  endfacet
  facet normal -0.44522132588549124 0.8954205553686856 0
    outer loop
      vertex -3.168482279960924 9.530621810538467 1
      vertex -3.168482279960924 9.530621810538467 13
      vertex -3.1377269370230887 9.545913993053986 1
    endloop
  endfacet
  facet normal -0.35531090128038645 0.9347481818283037 0
    outer loop
      vertex -3.1377269370230887 9.545913993053986 1
      vertex -3.1377269370230887 9.545913993053986 13
      vertex -3.105620793468221 9.558117988766291 1
    endloop
  endfacet
  facet normal -0.26197863846333874 0.9650736723115471 0
    outer loop
      vertex -3.105620793468221 9.558117988766291 1
      vertex -3.105620793468221 9.558117988766291 13
      vertex -3.072473049009757 9.567116266525293 1
    endloop
  endfacet
  facet normal -0.16612337814579978 0.986104975767503 0
    outer loop
      vertex -3.072473049009757 9.567116266525293 1
      vertex -3.072473049009757 9.567116266525293 13
      vertex -3.0386029345472325 9.572822167997213 1
    endloop
  endfacet
  facet normal -0.06866825888439257 0.9976395492470145 0
    outer loop
      vertex -3.0386029345472325 9.572822167997213 1
      vertex -3.0386029345472325 9.572822167997213 13
      vertex -3.0043366377982093 9.575180742231712 1
    endloop
  endfacet
  facet normal 0.029448173248010422 0.9995663085020199 0
    outer loop
      vertex -3.0043366377982093 9.575180742231712 1
      vertex -3.0043366377982093 9.575180742231712 13
      vertex -2.9700041619322435 9.574169274869583 1
    endloop
  endfacet
  facet normal 0.12728100337387638 0.9918666977876307 0
    outer loop
      vertex -2.9700041619322435 9.574169274869583 1
      vertex -2.9700041619322435 9.574169274869583 13
      vertex -2.9359361474599655 9.569797506894451 1
    endloop
  endfacet
  facet normal 0.223888047858462 0.9746148685640533 1.910901348059725e-20
    outer loop
      vertex -2.9359361474599655 9.569797506894451 1
      vertex -2.9151136931610373 9.565014182942624 13
      vertex -2.9151136931610373 9.565014182942624 1
    endloop
  endfacet
  facet normal -0.8147484825275194 0.5798145481264716 0
    outer loop
      vertex -3.276841249925715 9.435585993575097 1
      vertex -3.276841249925715 9.435585993575097 13
      vertex -3.2723257712452503 9.44193109032143 13
    endloop
  endfacet
  facet normal -0.7539934819618621 0.6568818989430499 0
    outer loop
      vertex -3.2723257712452503 9.44193109032143 1
      vertex -3.2723257712452503 9.44193109032143 13
      vertex -3.2497636042830114 9.46782878495396 13
    endloop
  endfacet
  facet normal -0.6859771119901865 0.7276231179845807 0
    outer loop
      vertex -3.2247716623525533 9.491390296022999 1
      vertex -3.2497636042830114 9.46782878495396 13
      vertex -3.2247716623525533 9.491390296022999 13
    endloop
  endfacet
  facet normal -0.6113544074368282 0.791356928640651 0
    outer loop
      vertex -3.197590631516654 9.512388713296918 1
      vertex -3.2247716623525533 9.491390296022999 13
      vertex -3.197590631516654 9.512388713296918 13
    endloop
  endfacet
  facet normal -0.530844025739493 0.8474695394742447 0
    outer loop
      vertex -3.168482279960924 9.530621810538467 1
      vertex -3.197590631516654 9.512388713296918 13
      vertex -3.168482279960924 9.530621810538467 13
    endloop
  endfacet
  facet normal -0.44522132588549124 0.8954205553686856 0
    outer loop
      vertex -3.1377269370230887 9.545913993053986 1
      vertex -3.168482279960924 9.530621810538467 13
      vertex -3.1377269370230887 9.545913993053986 13
    endloop
  endfacet
  facet normal -0.35531090128038645 0.9347481818283037 0
    outer loop
      vertex -3.105620793468221 9.558117988766291 1
      vertex -3.1377269370230887 9.545913993053986 13
      vertex -3.105620793468221 9.558117988766291 13
    endloop
  endfacet
  facet normal -0.26197863846333874 0.9650736723115471 0
    outer loop
      vertex -3.072473049009757 9.567116266525293 1
      vertex -3.105620793468221 9.558117988766291 13
      vertex -3.072473049009757 9.567116266525293 13
    endloop
  endfacet
  facet normal -0.16612337814579978 0.986104975767503 0
    outer loop
      vertex -3.0386029345472325 9.572822167997213 1
      vertex -3.072473049009757 9.567116266525293 13
      vertex -3.0386029345472325 9.572822167997213 13
    endloop
  endfacet
  facet normal -0.06866825888439257 0.9976395492470145 0
    outer loop
      vertex -3.0043366377982093 9.575180742231712 1
      vertex -3.0386029345472325 9.572822167997213 13
      vertex -3.0043366377982093 9.575180742231712 13
    endloop
  endfacet
  facet normal 0.029448173248010422 0.9995663085020199 0
    outer loop
      vertex -2.9700041619322435 9.574169274869583 1
      vertex -3.0043366377982093 9.575180742231712 13
      vertex -2.9700041619322435 9.574169274869583 13
    endloop
  endfacet
  facet normal 0.12728100337387638 0.9918666977876307 0
    outer loop
      vertex -2.9359361474599655 9.569797506894451 1
      vertex -2.9700041619322435 9.574169274869583 13
      vertex -2.9359361474599655 9.569797506894451 13
    endloop
  endfacet
  facet normal 0.223888047858462 0.9746148685640533 0
    outer loop
      vertex -2.9359361474599655 9.569797506894451 1
      vertex -2.9359361474599655 9.569797506894451 13
      vertex -2.9151136931610373 9.565014182942624 13
    endloop
  endfacet
  facet normal 0 0 1
    outer loop
      vertex -3.2723257712452503 9.44193109032143 13
      vertex -3.276841249925715 9.435585993575097 13
      vertex -3.2497636042830114 9.46782878495396 13
    endloop
  endfacet
  facet normal 0 0 1
    outer loop
      vertex -3.276841249925715 9.435585993575097 13
      vertex -3.2247716623525533 9.491390296022999 13
      vertex -3.2497636042830114 9.46782878495396 13
    endloop
  endfacet
  facet normal 0 0 1
    outer loop
      vertex -3.276841249925715 9.435585993575097 13
      vertex -3.197590631516654 9.512388713296918 13
      vertex -3.2247716623525533 9.491390296022999 13
    endloop
  endfacet
  facet normal 0 0 1
    outer loop
      vertex -3.276841249925715 9.435585993575097 13
      vertex -3.168482279960924 9.530621810538467 13
      vertex -3.197590631516654 9.512388713296918 13
    endloop
  endfacet
  facet normal 0 0 1
    outer loop
      vertex -3.276841249925715 9.435585993575097 13
      vertex -3.1377269370230887 9.545913993053986 13
      vertex -3.168482279960924 9.530621810538467 13
    endloop
  endfacet
  facet normal 0 0 1
    outer loop
      vertex -3.276841249925715 9.435585993575097 13
      vertex -3.105620793468221 9.558117988766291 13
      vertex -3.1377269370230887 9.545913993053986 13
    endloop
  endfacet
  facet normal 0 0 1
    outer loop
      vertex -3.276841249925715 9.435585993575097 13
      vertex -3.072473049009757 9.567116266525293 13
      vertex -3.105620793468221 9.558117988766291 13
    endloop
  endfacet
  facet normal 0 0 1
    outer loop
      vertex -3.276841249925715 9.435585993575097 13
      vertex -3.0386029345472325 9.572822167997213 13
      vertex -3.072473049009757 9.567116266525293 13
    endloop
  endfacet
  facet normal 0 0 1
    outer loop
      vertex -3.276841249925715 9.435585993575097 13
      vertex -3.0043366377982093 9.575180742231712 13
      vertex -3.0386029345472325 9.572822167997213 13
    endloop
  endfacet
  facet normal 0 0 1
    outer loop
      vertex -3.276841249925715 9.435585993575097 13
      vertex -2.9700041619322435 9.574169274869583 13
      vertex -3.0043366377982093 9.575180742231712 13
    endloop
  endfacet
  facet normal 0 0 1
    outer loop
      vertex -3.276841249925715 9.435585993575097 13
      vertex -2.9359361474599655 9.569797506894451 13
      vertex -2.9700041619322435 9.574169274869583 13
    endloop
  endfacet
  facet normal 0 0 1
    outer loop
      vertex -3.276841249925715 9.435585993575097 13
      vertex -2.9151136931610373 9.565014182942624 13
      vertex -2.9359361474599655 9.569797506894451 13
    endloop
  endfacet
  facet normal 0 0 -1
    outer loop
      vertex -5.1672541287476506 8.547523014903836 1
      vertex -5.163905459536441 8.555247458285704 1
      vertex -4.829871717078891 8.74974225028807 1
    endloop
  endfacet
  facet normal 0 0 -1
    outer loop
      vertex -5.163905459536441 8.555247458285704 1
      vertex -5.147220763534302 8.585270164436682 1
      vertex -4.829871717078891 8.74974225028807 1
    endloop
  endfacet
  facet normal 0 0 -1
    outer loop
      vertex -5.147220763534302 8.585270164436682 1
      vertex -5.127673669101932 8.613512916862106 1
      vertex -4.829871717078891 8.74974225028807 1
    endloop
  endfacet
  facet normal -0.9174944964474866 0.3977484745270217 -1.122256113246125e-20
    outer loop
      vertex -5.1672541287476506 8.547523014903836 1
      vertex -5.163905459536441 8.555247458285704 13
      vertex -5.163905459536441 8.555247458285704 1
    endloop
  endfacet
  facet normal -0.8740903416267589 0.48576339371633986 4.464853627188003e-20
    outer loop
      vertex -5.163905459536441 8.555247458285704 1
      vertex -5.147220763534302 8.585270164436682 13
      vertex -5.147220763534302 8.585270164436682 1
    endloop
  endfacet
  facet normal -0.8222682189897754 0.5691001458788978 -8.369383657110307e-20
    outer loop
      vertex -5.147220763534302 8.585270164436682 1
      vertex -5.127673669101932 8.613512916862106 13
      vertex -5.127673669101932 8.613512916862106 1
    endloop
  endfacet
  facet normal -0.762527203906385 0.6469561525348609 9.80441487679702e-20
    outer loop
      vertex -5.127673669101932 8.613512916862106 1
      vertex -5.105452425444242 8.639703722417059 13
      vertex -5.105452425444242 8.639703722417059 1
    endloop
  endfacet
  facet normal -0.695442635009618 0.718581617779692 0
    outer loop
      vertex -5.105452425444242 8.639703722417059 1
      vertex -5.105452425444242 8.639703722417059 13
      vertex -5.080771035285023 8.663590349326697 1
    endloop
  endfacet
  facet normal -0.6216605733700664 0.7832867492286589 0
    outer loop
      vertex -5.080771035285023 8.663590349326697 1
      vertex -5.080771035285023 8.663590349326697 13
      vertex -5.053867193903731 8.684942756316119 1
    endloop
  endfacet
  facet normal -0.5418915805747543 0.8404484010944364 0
    outer loop
      vertex -5.053867193903731 8.684942756316119 1
      vertex -5.053867193903731 8.684942756316119 13
      vertex -5.0249999999999995 8.703555308033607 1
    endloop
  endfacet
  facet normal 0 0 -1
    outer loop
      vertex -5.127673669101932 8.613512916862106 1
      vertex -5.105452425444242 8.639703722417059 1
      vertex -4.829871717078891 8.74974225028807 1
    endloop
  endfacet
  facet normal 0 0 -1
    outer loop
      vertex -5.105452425444242 8.639703722417059 1
      vertex -5.080771035285023 8.663590349326697 1
      vertex -4.829871717078891 8.74974225028807 1
    endloop
  endfacet
  facet normal 0 0 -1
    outer loop
      vertex -5.080771035285023 8.663590349326697 1
      vertex -5.053867193903731 8.684942756316119 1
      vertex -4.829871717078891 8.74974225028807 1
    endloop
  endfacet
  facet normal 0 0 -1
    outer loop
      vertex -5.053867193903731 8.684942756316119 1
      vertex -5.0249999999999995 8.703555308033607 1
      vertex -4.829871717078891 8.74974225028807 1
    endloop
  endfacet
  facet normal 0 0 -1
    outer loop
      vertex -5.0249999999999995 8.703555308033607 1
      vertex -4.994447460431537 8.719248755431465 1
      vertex -4.829871717078891 8.74974225028807 1
    endloop
  endfacet
  facet normal 0 0 -1
    outer loop
      vertex -4.994447460431537 8.719248755431465 1
      vertex -4.962503812856106 8.73187196203234 1
      vertex -4.829871717078891 8.74974225028807 1
    endloop
  endfacet
  facet normal 0 0 -1
    outer loop
      vertex -4.962503812856106 8.73187196203234 1
      vertex -4.929476692062031 8.74130335945612 1
      vertex -4.829871717078891 8.74974225028807 1
    endloop
  endfacet
  facet normal 0 0 -1
    outer loop
      vertex -4.929476692062031 8.74130335945612 1
      vertex -4.895684167277017 8.747452118189887 1
      vertex -4.829871717078891 8.74974225028807 1
    endloop
  endfacet
  facet normal 0 0 -1
    outer loop
      vertex -4.895684167277017 8.747452118189887 1
      vertex -4.861451678987621 8.750259022325782 1
      vertex -4.829871717078891 8.74974225028807 1
    endloop
  endfacet
  facet normal -0.4569038756304192 0.8895160754218567 0
    outer loop
      vertex -5.0249999999999995 8.703555308033607 1
      vertex -5.0249999999999995 8.703555308033607 13
      vertex -4.994447460431537 8.719248755431465 1
    endloop
  endfacet
  facet normal -0.3675159365946848 0.9300172236840195 0
    outer loop
      vertex -4.994447460431537 8.719248755431465 1
      vertex -4.994447460431537 8.719248755431465 13
      vertex -4.962503812856106 8.73187196203234 1
    endloop
  endfacet
  facet normal -0.2745886181849539 0.9615617976829557 0
    outer loop
      vertex -4.962503812856106 8.73187196203234 1
      vertex -4.962503812856106 8.73187196203234 13
      vertex -4.929476692062031 8.74130335945612 1
    endloop
  endfacet
  facet normal -0.17901686127662966 0.9838460059270779 0
    outer loop
      vertex -4.929476692062031 8.74130335945612 1
      vertex -4.929476692062031 8.74130335945612 13
      vertex -4.895684167277017 8.747452118189887 1
    endloop
  endfacet
  facet normal -0.08172107413367972 0.9966552393091793 0
    outer loop
      vertex -4.895684167277017 8.747452118189887 1
      vertex -4.895684167277017 8.747452118189887 13
      vertex -4.861451678987621 8.750259022325782 1
    endloop
  endfacet
  facet normal 0.016361731626509245 0.9998661379095614 0
    outer loop
      vertex -4.829871717078891 8.74974225028807 1
      vertex -4.861451678987621 8.750259022325782 1
      vertex -4.829871717078891 8.74974225028807 13
    endloop
  endfacet
  facet normal -0.9174944964474866 0.3977484745270217 0
    outer loop
      vertex -5.1672541287476506 8.547523014903836 1
      vertex -5.1672541287476506 8.547523014903836 13
      vertex -5.163905459536441 8.555247458285704 13
    endloop
  endfacet
  facet normal -0.8740903416267589 0.48576339371633986 0
    outer loop
      vertex -5.163905459536441 8.555247458285704 1
      vertex -5.163905459536441 8.555247458285704 13
      vertex -5.147220763534302 8.585270164436682 13
    endloop
  endfacet
  facet normal -0.8222682189897754 0.5691001458788978 0
    outer loop
      vertex -5.147220763534302 8.585270164436682 1
      vertex -5.147220763534302 8.585270164436682 13
      vertex -5.127673669101932 8.613512916862106 13
    endloop
  endfacet
  facet normal -0.762527203906385 0.6469561525348609 0
    outer loop
      vertex -5.127673669101932 8.613512916862106 1
      vertex -5.127673669101932 8.613512916862106 13
      vertex -5.105452425444242 8.639703722417059 13
    endloop
  endfacet
  facet normal -0.695442635009618 0.718581617779692 0
    outer loop
      vertex -5.080771035285023 8.663590349326697 1
      vertex -5.105452425444242 8.639703722417059 13
      vertex -5.080771035285023 8.663590349326697 13
    endloop
  endfacet
  facet normal -0.6216605733700664 0.7832867492286589 0
    outer loop
      vertex -5.053867193903731 8.684942756316119 1
      vertex -5.080771035285023 8.663590349326697 13
      vertex -5.053867193903731 8.684942756316119 13
    endloop
  endfacet
  facet normal -0.5418915805747543 0.8404484010944364 0
    outer loop
      vertex -5.0249999999999995 8.703555308033607 1
      vertex -5.053867193903731 8.684942756316119 13
      vertex -5.0249999999999995 8.703555308033607 13
    endloop
  endfacet
  facet normal 0 0 1
    outer loop
      vertex -5.1672541287476506 8.547523014903836 13
      vertex -5.147220763534302 8.585270164436682 13
      vertex -5.163905459536441 8.555247458285704 13
    endloop
  endfacet
  facet normal 0 0 1
    outer loop
      vertex -5.1672541287476506 8.547523014903836 13
      vertex -5.127673669101932 8.613512916862106 13
      vertex -5.147220763534302 8.585270164436682 13
    endloop
  endfacet
  facet normal 0 0 1
    outer loop
      vertex -5.1672541287476506 8.547523014903836 13
      vertex -5.105452425444242 8.639703722417059 13
      vertex -5.127673669101932 8.613512916862106 13
    endloop
  endfacet
  facet normal 0 0 1
    outer loop
      vertex -5.1672541287476506 8.547523014903836 13
      vertex -5.080771035285023 8.663590349326697 13
      vertex -5.105452425444242 8.639703722417059 13
    endloop
  endfacet
  facet normal 0 0 1
    outer loop
      vertex -5.1672541287476506 8.547523014903836 13
      vertex -5.053867193903731 8.684942756316119 13
      vertex -5.080771035285023 8.663590349326697 13
    endloop
  endfacet
  facet normal 0 0 1
    outer loop
      vertex -5.1672541287476506 8.547523014903836 13
      vertex -5.0249999999999995 8.703555308033607 13
      vertex -5.053867193903731 8.684942756316119 13
    endloop
  endfacet
  facet normal 0 0 1
    outer loop
      vertex -5.1672541287476506 8.547523014903836 13
      vertex -4.994447460431537 8.719248755431465 13
      vertex -5.0249999999999995 8.703555308033607 13
    endloop
  endfacet
  facet normal 0 0 1
    outer loop
      vertex -5.1672541287476506 8.547523014903836 13
      vertex -4.962503812856106 8.73187196203234 13
      vertex -4.994447460431537 8.719248755431465 13
    endloop
  endfacet
  facet normal -0.4569038756304192 0.8895160754218567 0
    outer loop
      vertex -4.994447460431537 8.719248755431465 1
      vertex -5.0249999999999995 8.703555308033607 13
      vertex -4.994447460431537 8.719248755431465 13
    endloop
  endfacet
  facet normal -0.3675159365946848 0.9300172236840195 0
    outer loop
      vertex -4.962503812856106 8.73187196203234 1
      vertex -4.994447460431537 8.719248755431465 13
      vertex -4.962503812856106 8.73187196203234 13
    endloop
  endfacet
  facet normal -0.2745886181849539 0.9615617976829557 0
    outer loop
      vertex -4.929476692062031 8.74130335945612 1
      vertex -4.962503812856106 8.73187196203234 13
      vertex -4.929476692062031 8.74130335945612 13
    endloop
  endfacet
  facet normal -0.17901686127662966 0.9838460059270779 0
    outer loop
      vertex -4.895684167277017 8.747452118189887 1
      vertex -4.929476692062031 8.74130335945612 13
      vertex -4.895684167277017 8.747452118189887 13
    endloop
  endfacet
  facet normal -0.08172107413367972 0.9966552393091793 0
    outer loop
      vertex -4.861451678987621 8.750259022325782 1
      vertex -4.895684167277017 8.747452118189887 13
      vertex -4.861451678987621 8.750259022325782 13
    endloop
  endfacet
  facet normal 0.016361731626509245 0.9998661379095614 0
    outer loop
      vertex -4.861451678987621 8.750259022325782 1
      vertex -4.861451678987621 8.750259022325782 13
      vertex -4.829871717078891 8.74974225028807 13
    endloop
  endfacet
  facet normal 0 0 1
    outer loop
      vertex -5.1672541287476506 8.547523014903836 13
      vertex -4.929476692062031 8.74130335945612 13
      vertex -4.962503812856106 8.73187196203234 13
    endloop
  endfacet
  facet normal 0 0 1
    outer loop
      vertex -5.1672541287476506 8.547523014903836 13
      vertex -4.895684167277017 8.747452118189887 13
      vertex -4.929476692062031 8.74130335945612 13
    endloop
  endfacet
  facet normal 0 0 1
    outer loop
      vertex -5.1672541287476506 8.547523014903836 13
      vertex -4.861451678987621 8.750259022325782 13
      vertex -4.895684167277017 8.747452118189887 13
    endloop
  endfacet
  facet normal 0 0 1
    outer loop
      vertex -5.1672541287476506 8.547523014903836 13
      vertex -4.829871717078891 8.74974225028807 13
      vertex -4.861451678987621 8.750259022325782 13
    endloop
  endfacet
  facet normal 0 0 -1
    outer loop
      vertex -6.831015657387615 7.288638402493431 1
      vertex -6.829797700078289 7.294658459690871 1
      vertex -6.536846111588659 7.555258137539964 1
    endloop
  endfacet
  facet normal 0 0 -1
    outer loop
      vertex -6.829797700078289 7.294658459690871 1
      vertex -6.819719676313599 7.327494041036571 1
      vertex -6.536846111588659 7.555258137539964 1
    endloop
  endfacet
  facet normal 0 0 -1
    outer loop
      vertex -6.819719676313599 7.327494041036571 1
      vertex -6.8064717312033745 7.359183691013627 1
      vertex -6.536846111588659 7.555258137539964 1
    endloop
  endfacet
  facet normal 0 0 -1
    outer loop
      vertex -6.8064717312033745 7.359183691013627 1
      vertex -6.790181449701095 7.389422220969434 1
      vertex -6.536846111588659 7.555258137539964 1
    endloop
  endfacet
  facet normal 0 0 -1
    outer loop
      vertex -6.790181449701095 7.389422220969434 1
      vertex -6.7710057161227954 7.417918417330453 1
      vertex -6.536846111588659 7.555258137539964 1
    endloop
  endfacet
  facet normal 0 0 -1
    outer loop
      vertex -6.7710057161227954 7.417918417330453 1
      vertex -6.74912920326536 7.444397846148128 1
      vertex -6.536846111588659 7.555258137539964 1
    endloop
  endfacet
  facet normal 0 0 -1
    outer loop
      vertex -6.74912920326536 7.444397846148128 1
      vertex -6.724762593906525 7.468605496047811 1
      vertex -6.536846111588659 7.555258137539964 1
    endloop
  endfacet
  facet normal 0 0 -1
    outer loop
      vertex -6.724762593906525 7.468605496047811 1
      vertex -6.698140551814557 7.490308234127724 1
      vertex -6.536846111588659 7.555258137539964 1
    endloop
  endfacet
  facet normal 0 0 -1
    outer loop
      vertex -6.698140551814557 7.490308234127724 1
      vertex -6.669519461807893 7.509297051156231 1
      vertex -6.536846111588659 7.555258137539964 1
    endloop
  endfacet
  facet normal 0 0 -1
    outer loop
      vertex -6.669519461807893 7.509297051156231 1
      vertex -6.639174960629175 7.525389074445008 1
      vertex -6.536846111588659 7.555258137539964 1
    endloop
  endfacet
  facet normal 0 0 -1
    outer loop
      vertex -6.639174960629175 7.525389074445008 1
      vertex -6.607399282412744 7.5384293290129865 1
      vertex -6.536846111588659 7.555258137539964 1
    endloop
  endfacet
  facet normal 0 0 -1
    outer loop
      vertex -6.607399282412744 7.5384293290129865 1
      vertex -6.574498444310181 7.548292230080149 1
      vertex -6.536846111588659 7.555258137539964 1
    endloop
  endfacet
  facet normal 0 0 -1
    outer loop
      vertex -6.574498444310181 7.548292230080149 1
      vertex -6.540789299377837 7.554882792517609 1
      vertex -6.536846111588659 7.555258137539964 1
    endloop
  endfacet
  facet normal -0.9801415982456904 0.1982988839816897 -4.553049936973437e-21
    outer loop
      vertex -6.831015657387615 7.288638402493431 1
      vertex -6.829797700078289 7.294658459690871 13
      vertex -6.829797700078289 7.294658459690871 1
    endloop
  endfacet
  facet normal -0.955985259011743 0.2934146972328594 3.5792781347500035e-20
    outer loop
      vertex -6.829797700078289 7.294658459690871 1
      vertex -6.819719676313599 7.327494041036571 13
      vertex -6.819719676313599 7.327494041036571 1
    endloop
  endfacet
  facet normal -0.9226222591388075 0.3857047665528692 -4.4286554587493656e-20
    outer loop
      vertex -6.819719676313599 7.327494041036571 1
      vertex -6.8064717312033745 7.359183691013627 13
      vertex -6.8064717312033745 7.359183691013627 1
    endloop
  endfacet
  facet normal -0.8803739025537863 0.4742802881231903 8.259222242203255e-20
    outer loop
      vertex -6.8064717312033745 7.359183691013627 1
      vertex -6.790181449701095 7.389422220969434 13
      vertex -6.790181449701095 7.389422220969434 1
    endloop
  endfacet
  facet normal -0.8296470640257663 0.5582882312510501 -1.7957962607836813e-20
    outer loop
      vertex -6.790181449701095 7.389422220969434 1
      vertex -6.7710057161227954 7.417918417330453 13
      vertex -6.7710057161227954 7.417918417330453 1
    endloop
  endfacet
  facet normal -0.7709302707400276 0.6369195535204644 -1.0955924860966391e-19
    outer loop
      vertex -6.7710057161227954 7.417918417330453 1
      vertex -6.74912920326536 7.444397846148128 13
      vertex -6.74912920326536 7.444397846148128 1
    endloop
  endfacet
  facet normal -0.7047889975136711 0.709416992313882 0
    outer loop
      vertex -6.74912920326536 7.444397846148128 1
      vertex -6.74912920326536 7.444397846148128 13
      vertex -6.724762593906525 7.468605496047811 1
    endloop
  endfacet
  facet normal -0.6318602209644143 0.7750823576645269 0
    outer loop
      vertex -6.724762593906525 7.468605496047811 1
      vertex -6.724762593906525 7.468605496047811 13
      vertex -6.698140551814557 7.490308234127724 1
    endloop
  endfacet
  facet normal -0.5528462850773151 0.8332832562077629 0
    outer loop
      vertex -6.698140551814557 7.490308234127724 1
      vertex -6.698140551814557 7.490308234127724 13
      vertex -6.669519461807893 7.509297051156231 1
    endloop
  endfacet
  facet normal -0.46850813724846196 0.8834591814747167 0
    outer loop
      vertex -6.669519461807893 7.509297051156231 1
      vertex -6.669519461807893 7.509297051156231 13
      vertex -6.639174960629175 7.525389074445008 1
    endloop
  endfacet
  facet normal -0.3796579999452268 0.9251269118761978 0
    outer loop
      vertex -6.639174960629175 7.525389074445008 1
      vertex -6.639174960629175 7.525389074445008 13
      vertex -6.607399282412744 7.5384293290129865 1
    endloop
  endfacet
  facet normal -0.2871515485603916 0.957885164390476 0
    outer loop
      vertex -6.607399282412744 7.5384293290129865 1
      vertex -6.607399282412744 7.5384293290129865 13
      vertex -6.574498444310181 7.548292230080149 1
    endloop
  endfacet
  facet normal -0.19187967078991341 0.9814184591383812 0
    outer loop
      vertex -6.574498444310181 7.548292230080149 1
      vertex -6.574498444310181 7.548292230080149 13
      vertex -6.540789299377837 7.554882792517609 1
    endloop
  endfacet
  facet normal -0.09475988689760581 0.995500157626885 -3.972604602435016e-23
    outer loop
      vertex -6.540789299377837 7.554882792517609 1
      vertex -6.536846111588659 7.555258137539964 13
      vertex -6.536846111588659 7.555258137539964 1
    endloop
  endfacet
  facet normal -0.9801415982456904 0.1982988839816897 0
    outer loop
      vertex -6.831015657387615 7.288638402493431 1
      vertex -6.831015657387615 7.288638402493431 13
      vertex -6.829797700078289 7.294658459690871 13
    endloop
  endfacet
  facet normal -0.955985259011743 0.2934146972328594 0
    outer loop
      vertex -6.829797700078289 7.294658459690871 1
      vertex -6.829797700078289 7.294658459690871 13
      vertex -6.819719676313599 7.327494041036571 13
    endloop
  endfacet
  facet normal -0.9226222591388075 0.3857047665528692 0
    outer loop
      vertex -6.819719676313599 7.327494041036571 1
      vertex -6.819719676313599 7.327494041036571 13
      vertex -6.8064717312033745 7.359183691013627 13
    endloop
  endfacet
  facet normal -0.8803739025537863 0.4742802881231903 0
    outer loop
      vertex -6.8064717312033745 7.359183691013627 1
      vertex -6.8064717312033745 7.359183691013627 13
      vertex -6.790181449701095 7.389422220969434 13
    endloop
  endfacet
  facet normal -0.8296470640257663 0.5582882312510501 0
    outer loop
      vertex -6.790181449701095 7.389422220969434 1
      vertex -6.790181449701095 7.389422220969434 13
      vertex -6.7710057161227954 7.417918417330453 13
    endloop
  endfacet
  facet normal -0.7709302707400276 0.6369195535204644 0
    outer loop
      vertex -6.7710057161227954 7.417918417330453 1
      vertex -6.7710057161227954 7.417918417330453 13
      vertex -6.74912920326536 7.444397846148128 13
    endloop
  endfacet
  facet normal -0.7047889975136711 0.709416992313882 0
    outer loop
      vertex -6.724762593906525 7.468605496047811 1
      vertex -6.74912920326536 7.444397846148128 13
      vertex -6.724762593906525 7.468605496047811 13
    endloop
  endfacet
  facet normal -0.6318602209644143 0.7750823576645269 0
    outer loop
      vertex -6.698140551814557 7.490308234127724 1
      vertex -6.724762593906525 7.468605496047811 13
      vertex -6.698140551814557 7.490308234127724 13
    endloop
  endfacet
  facet normal -0.5528462850773151 0.8332832562077629 0
    outer loop
      vertex -6.669519461807893 7.509297051156231 1
      vertex -6.698140551814557 7.490308234127724 13
      vertex -6.669519461807893 7.509297051156231 13
    endloop
  endfacet
  facet normal -0.46850813724846196 0.8834591814747167 0
    outer loop
      vertex -6.639174960629175 7.525389074445008 1
      vertex -6.669519461807893 7.509297051156231 13
      vertex -6.639174960629175 7.525389074445008 13
    endloop
  endfacet
  facet normal -0.3796579999452268 0.9251269118761978 0
    outer loop
      vertex -6.607399282412744 7.5384293290129865 1
      vertex -6.639174960629175 7.525389074445008 13
      vertex -6.607399282412744 7.5384293290129865 13
    endloop
  endfacet
  facet normal -0.2871515485603916 0.957885164390476 0
    outer loop
      vertex -6.574498444310181 7.548292230080149 1
      vertex -6.607399282412744 7.5384293290129865 13
      vertex -6.574498444310181 7.548292230080149 13
    endloop
  endfacet
  facet normal -0.09475988689760581 0.995500157626885 0
    outer loop
      vertex -6.540789299377837 7.554882792517609 1
      vertex -6.540789299377837 7.554882792517609 13
      vertex -6.536846111588659 7.555258137539964 13
    endloop
  endfacet
  facet normal -0.19187967078991341 0.9814184591383812 0
    outer loop
      vertex -6.540789299377837 7.554882792517609 1
      vertex -6.574498444310181 7.548292230080149 13
      vertex -6.540789299377837 7.554882792517609 13
    endloop
  endfacet
  facet normal 0 0 1
    outer loop
      vertex -6.831015657387615 7.288638402493431 13
      vertex -6.819719676313599 7.327494041036571 13
      vertex -6.829797700078289 7.294658459690871 13
    endloop
  endfacet
  facet normal 0 0 1
    outer loop
      vertex -6.831015657387615 7.288638402493431 13
      vertex -6.8064717312033745 7.359183691013627 13
      vertex -6.819719676313599 7.327494041036571 13
    endloop
  endfacet
  facet normal 0 0 1
    outer loop
      vertex -6.831015657387615 7.288638402493431 13
      vertex -6.790181449701095 7.389422220969434 13
      vertex -6.8064717312033745 7.359183691013627 13
    endloop
  endfacet
  facet normal 0 0 1
    outer loop
      vertex -6.831015657387615 7.288638402493431 13
      vertex -6.7710057161227954 7.417918417330453 13
      vertex -6.790181449701095 7.389422220969434 13
    endloop
  endfacet
  facet normal 0 0 1
    outer loop
      vertex -6.831015657387615 7.288638402493431 13
      vertex -6.74912920326536 7.444397846148128 13
      vertex -6.7710057161227954 7.417918417330453 13
    endloop
  endfacet
  facet normal 0 0 1
    outer loop
      vertex -6.831015657387615 7.288638402493431 13
      vertex -6.724762593906525 7.468605496047811 13
      vertex -6.74912920326536 7.444397846148128 13
    endloop
  endfacet
  facet normal 0 0 1
    outer loop
      vertex -6.831015657387615 7.288638402493431 13
      vertex -6.698140551814557 7.490308234127724 13
      vertex -6.724762593906525 7.468605496047811 13
    endloop
  endfacet
  facet normal 0 0 1
    outer loop
      vertex -6.831015657387615 7.288638402493431 13
      vertex -6.669519461807893 7.509297051156231 13
      vertex -6.698140551814557 7.490308234127724 13
    endloop
  endfacet
  facet normal 0 0 1
    outer loop
      vertex -6.831015657387615 7.288638402493431 13
      vertex -6.639174960629175 7.525389074445008 13
      vertex -6.669519461807893 7.509297051156231 13
    endloop
  endfacet
  facet normal 0 0 1
    outer loop
      vertex -6.831015657387615 7.288638402493431 13
      vertex -6.607399282412744 7.5384293290129865 13
      vertex -6.639174960629175 7.525389074445008 13
    endloop
  endfacet
  facet normal 0 0 1
    outer loop
      vertex -6.831015657387615 7.288638402493431 13
      vertex -6.574498444310181 7.548292230080149 13
      vertex -6.607399282412744 7.5384293290129865 13
    endloop
  endfacet
  facet normal 0 0 1
    outer loop
      vertex -6.831015657387615 7.288638402493431 13
      vertex -6.540789299377837 7.554882792517609 13
      vertex -6.574498444310181 7.548292230080149 13
    endloop
  endfacet
  facet normal 0 0 1
    outer loop
      vertex -6.831015657387615 7.288638402493431 13
      vertex -6.536846111588659 7.555258137539964 13
      vertex -6.540789299377837 7.554882792517609 13
    endloop
  endfacet
  facet normal 0 0 -1
    outer loop
      vertex -8.197195008121243 5.715257882752663 1
      vertex -8.194164114592242 5.749471266825678 1
      vertex -7.961322403640311 6.032171633915142 1
    endloop
  endfacet
  facet normal 0 0 -1
    outer loop
      vertex -8.197195008121243 5.715257882752663 1
      vertex -7.961322403640311 6.032171633915142 1
      vertex -8.197184120588886 5.714148923443002 1
    endloop
  endfacet
  facet normal 0 0 -1
    outer loop
      vertex -8.194164114592242 5.749471266825678 1
      vertex -8.187794317576175 5.783222824586556 1
      vertex -7.961322403640311 6.032171633915142 1
    endloop
  endfacet
  facet normal 0 0 -1
    outer loop
      vertex -8.187794317576175 5.783222824586556 1
      vertex -8.178146961700397 5.816187510083583 1
      vertex -7.961322403640311 6.032171633915142 1
    endloop
  endfacet
  facet normal 0 0 -1
    outer loop
      vertex -8.178146961700397 5.816187510083583 1
      vertex -8.165314956275767 5.848047855375088 1
      vertex -7.961322403640311 6.032171633915142 1
    endloop
  endfacet
  facet normal 0 0 -1
    outer loop
      vertex -8.165314956275767 5.848047855375088 1
      vertex -8.149421880529218 5.878497027919284 1
      vertex -7.961322403640311 6.032171633915142 1
    endloop
  endfacet
  facet normal 0 0 -1
    outer loop
      vertex -8.149421880529218 5.878497027919284 1
      vertex -8.130620793468221 5.907241785539354 1
      vertex -7.961322403640311 6.032171633915142 1
    endloop
  endfacet
  facet normal 0 0 -1
    outer loop
      vertex -8.130620793468221 5.907241785539354 1
      vertex -8.109092759838898 5.934005300505937 1
      vertex -7.961322403640311 6.032171633915142 1
    endloop
  endfacet
  facet normal 0 0 -1
    outer loop
      vertex -8.109092759838898 5.934005300505937 1
      vertex -8.085045106373519 5.958529825539478 1
      vertex -7.961322403640311 6.032171633915142 1
    endloop
  endfacet
  facet normal 0 0 -1
    outer loop
      vertex -8.085045106373519 5.958529825539478 1
      vertex -8.05870942512074 5.980579176057437 1
      vertex -7.961322403640311 6.032171633915142 1
    endloop
  endfacet
  facet normal 0 0 -1
    outer loop
      vertex -8.05870942512074 5.980579176057437 1
      vertex -8.03033934308757 5.99994100476092 1
      vertex -7.961322403640311 6.032171633915142 1
    endloop
  endfacet
  facet normal 0 0 -1
    outer loop
      vertex -8.03033934308757 5.99994100476092 1
      vertex -8.000208079672658 6.016428846655266 1
      vertex -7.961322403640311 6.032171633915142 1
    endloop
  endfacet
  facet normal 0 0 -1
    outer loop
      vertex -8.000208079672658 6.016428846655266 1
      vertex -7.968605815414113 6.029883914809858 1
      vertex -7.961322403640311 6.032171633915142 1
    endloop
  endfacet
  facet normal -0.9999518089593262 -0.00981731933732761 0
    outer loop
      vertex -8.197195008121243 5.715257882752663 1
      vertex -8.197184120588886 5.714148923443002 1
      vertex -8.197195008121243 5.715257882752663 13
    endloop
  endfacet
  facet normal -0.9960990332516875 0.08824237052036689 -1.4416503724284024e-20
    outer loop
      vertex -8.197195008121243 5.715257882752663 1
      vertex -8.194164114592242 5.749471266825678 13
      vertex -8.194164114592242 5.749471266825678 1
    endloop
  endfacet
  facet normal -0.9826532793307036 0.18545223811163467 -2.621894736961469e-21
    outer loop
      vertex -8.194164114592242 5.749471266825678 1
      vertex -8.187794317576175 5.783222824586556 13
      vertex -8.187794317576175 5.783222824586556 1
    endloop
  endfacet
  facet normal -0.9597440371568723 0.2808760992712411 -1.9709991777342374e-20
    outer loop
      vertex -8.187794317576175 5.783222824586556 1
      vertex -8.178146961700397 5.816187510083583 13
      vertex -8.178146961700397 5.816187510083583 1
    endloop
  endfacet
  facet normal -0.9275919352556972 0.37359497005258324 -5.472212019767987e-20
    outer loop
      vertex -8.178146961700397 5.816187510083583 1
      vertex -8.165314956275767 5.848047855375088 13
      vertex -8.165314956275767 5.848047855375088 1
    endloop
  endfacet
  facet normal -0.8865066159447833 0.4627159170442794 -2.6155288884248655e-20
    outer loop
      vertex -8.165314956275767 5.848047855375088 1
      vertex -8.149421880529218 5.878497027919284 13
      vertex -8.149421880529218 5.878497027919284 1
    endloop
  endfacet
  facet normal -0.836883753308391 0.5473806568088244 1.28629314580034e-19
    outer loop
      vertex -8.149421880529218 5.878497027919284 1
      vertex -8.130620793468221 5.907241785539354 13
      vertex -8.130620793468221 5.907241785539354 1
    endloop
  endfacet
  facet normal -0.7792012426405085 0.6267738216194798 -8.94940411028121e-20
    outer loop
      vertex -8.130620793468221 5.907241785539354 1
      vertex -8.109092759838898 5.934005300505937 13
      vertex -8.109092759838898 5.934005300505937 1
    endloop
  endfacet
  facet normal -0.714014598051261 0.7001308118985309 2.363681429871913e-20
    outer loop
      vertex -8.109092759838898 5.934005300505937 1
      vertex -8.085045106373519 5.958529825539478 13
      vertex -8.085045106373519 5.958529825539478 1
    endloop
  endfacet
  facet normal -0.6419516025627421 0.7667451597285289 0
    outer loop
      vertex -8.085045106373519 5.958529825539478 1
      vertex -8.085045106373519 5.958529825539478 13
      vertex -8.05870942512074 5.980579176057437 1
    endloop
  endfacet
  facet normal -0.5637062622149607 0.8259753325249115 0
    outer loop
      vertex -8.05870942512074 5.980579176057437 1
      vertex -8.05870942512074 5.980579176057437 13
      vertex -8.03033934308757 5.99994100476092 1
    endloop
  endfacet
  facet normal -0.4800321224090313 0.8772509113449132 0
    outer loop
      vertex -8.03033934308757 5.99994100476092 1
      vertex -8.03033934308757 5.99994100476092 13
      vertex -8.000208079672658 6.016428846655266 1
    endloop
  endfacet
  facet normal -0.39173501085197227 0.9200780843345879 0
    outer loop
      vertex -8.000208079672658 6.016428846655266 1
      vertex -8.000208079672658 6.016428846655266 13
      vertex -7.968605815414113 6.029883914809858 1
    endloop
  endfacet
  facet normal -0.29966527699621603 0.9540444024062931 -1.1893519542196115e-20
    outer loop
      vertex -7.968605815414113 6.029883914809858 1
      vertex -7.961322403640311 6.032171633915142 13
      vertex -7.961322403640311 6.032171633915142 1
    endloop
  endfacet
  facet normal -0.9999518089593262 -0.00981731933732761 0
    outer loop
      vertex -8.197184120588886 5.714148923443002 1
      vertex -8.197184120588886 5.714148923443002 13
      vertex -8.197195008121243 5.715257882752663 13
    endloop
  endfacet
  facet normal -0.9960990332516875 0.08824237052036689 0
    outer loop
      vertex -8.197195008121243 5.715257882752663 1
      vertex -8.197195008121243 5.715257882752663 13
      vertex -8.194164114592242 5.749471266825678 13
    endloop
  endfacet
  facet normal -0.9826532793307036 0.18545223811163467 0
    outer loop
      vertex -8.194164114592242 5.749471266825678 1
      vertex -8.194164114592242 5.749471266825678 13
      vertex -8.187794317576175 5.783222824586556 13
    endloop
  endfacet
  facet normal -0.9597440371568723 0.2808760992712411 0
    outer loop
      vertex -8.187794317576175 5.783222824586556 1
      vertex -8.187794317576175 5.783222824586556 13
      vertex -8.178146961700397 5.816187510083583 13
    endloop
  endfacet
  facet normal -0.9275919352556972 0.37359497005258324 0
    outer loop
      vertex -8.178146961700397 5.816187510083583 1
      vertex -8.178146961700397 5.816187510083583 13
      vertex -8.165314956275767 5.848047855375088 13
    endloop
  endfacet
  facet normal -0.8865066159447833 0.4627159170442794 0
    outer loop
      vertex -8.165314956275767 5.848047855375088 1
      vertex -8.165314956275767 5.848047855375088 13
      vertex -8.149421880529218 5.878497027919284 13
    endloop
  endfacet
  facet normal -0.836883753308391 0.5473806568088244 0
    outer loop
      vertex -8.149421880529218 5.878497027919284 1
      vertex -8.149421880529218 5.878497027919284 13
      vertex -8.130620793468221 5.907241785539354 13
    endloop
  endfacet
  facet normal -0.7792012426405085 0.6267738216194798 0
    outer loop
      vertex -8.130620793468221 5.907241785539354 1
      vertex -8.130620793468221 5.907241785539354 13
      vertex -8.109092759838898 5.934005300505937 13
    endloop
  endfacet
  facet normal -0.714014598051261 0.7001308118985309 0
    outer loop
      vertex -8.109092759838898 5.934005300505937 1
      vertex -8.109092759838898 5.934005300505937 13
      vertex -8.085045106373519 5.958529825539478 13
    endloop
  endfacet
  facet normal -0.6419516025627421 0.7667451597285289 0
    outer loop
      vertex -8.05870942512074 5.980579176057437 1
      vertex -8.085045106373519 5.958529825539478 13
      vertex -8.05870942512074 5.980579176057437 13
    endloop
  endfacet
  facet normal -0.5637062622149607 0.8259753325249115 0
    outer loop
      vertex -8.03033934308757 5.99994100476092 1
      vertex -8.05870942512074 5.980579176057437 13
      vertex -8.03033934308757 5.99994100476092 13
    endloop
  endfacet
  facet normal -0.4800321224090313 0.8772509113449132 0
    outer loop
      vertex -8.000208079672658 6.016428846655266 1
      vertex -8.03033934308757 5.99994100476092 13
      vertex -8.000208079672658 6.016428846655266 13
    endloop
  endfacet
  facet normal -0.39173501085197227 0.9200780843345879 0
    outer loop
      vertex -7.968605815414113 6.029883914809858 1
      vertex -8.000208079672658 6.016428846655266 13
      vertex -7.968605815414113 6.029883914809858 13
    endloop
  endfacet
  facet normal -0.29966527699621603 0.9540444024062931 0
    outer loop
      vertex -7.968605815414113 6.029883914809858 1
      vertex -7.968605815414113 6.029883914809858 13
      vertex -7.961322403640311 6.032171633915142 13
    endloop
  endfacet
  facet normal 0 0 1
    outer loop
      vertex -8.197195008121243 5.715257882752663 13
      vertex -8.197184120588886 5.714148923443002 13
      vertex -8.194164114592242 5.749471266825678 13
    endloop
  endfacet
  facet normal 0 0 1
    outer loop
      vertex -8.197184120588886 5.714148923443002 13
      vertex -8.187794317576175 5.783222824586556 13
      vertex -8.194164114592242 5.749471266825678 13
    endloop
  endfacet
  facet normal 0 0 1
    outer loop
      vertex -8.197184120588886 5.714148923443002 13
      vertex -8.178146961700397 5.816187510083583 13
      vertex -8.187794317576175 5.783222824586556 13
    endloop
  endfacet
  facet normal 0 0 1
    outer loop
      vertex -8.197184120588886 5.714148923443002 13
      vertex -8.165314956275767 5.848047855375088 13
      vertex -8.178146961700397 5.816187510083583 13
    endloop
  endfacet
  facet normal 0 0 1
    outer loop
      vertex -8.197184120588886 5.714148923443002 13
      vertex -8.149421880529218 5.878497027919284 13
      vertex -8.165314956275767 5.848047855375088 13
    endloop
  endfacet
  facet normal 0 0 1
    outer loop
      vertex -8.197184120588886 5.714148923443002 13
      vertex -8.130620793468221 5.907241785539354 13
      vertex -8.149421880529218 5.878497027919284 13
    endloop
  endfacet
  facet normal 0 0 1
    outer loop
      vertex -8.197184120588886 5.714148923443002 13
      vertex -8.109092759838898 5.934005300505937 13
      vertex -8.130620793468221 5.907241785539354 13
    endloop
  endfacet
  facet normal 0 0 1
    outer loop
      vertex -8.197184120588886 5.714148923443002 13
      vertex -8.085045106373519 5.958529825539478 13
      vertex -8.109092759838898 5.934005300505937 13
    endloop
  endfacet
  facet normal 0 0 1
    outer loop
      vertex -8.197184120588886 5.714148923443002 13
      vertex -8.05870942512074 5.980579176057437 13
      vertex -8.085045106373519 5.958529825539478 13
    endloop
  endfacet
  facet normal 0 0 1
    outer loop
      vertex -8.197184120588886 5.714148923443002 13
      vertex -8.03033934308757 5.99994100476092 13
      vertex -8.05870942512074 5.980579176057437 13
    endloop
  endfacet
  facet normal 0 0 1
    outer loop
      vertex -8.197184120588886 5.714148923443002 13
      vertex -8.000208079672658 6.016428846655266 13
      vertex -8.03033934308757 5.99994100476092 13
    endloop
  endfacet
  facet normal 0 0 1
    outer loop
      vertex -8.197184120588886 5.714148923443002 13
      vertex -7.968605815414113 6.029883914809858 13
      vertex -8.000208079672658 6.016428846655266 13
    endloop
  endfacet
  facet normal 0 0 1
    outer loop
      vertex -8.197184120588886 5.714148923443002 13
      vertex -7.961322403640311 6.032171633915142 13
      vertex -7.968605815414113 6.029883914809858 13
    endloop
  endfacet
  facet normal 0 0 -1
    outer loop
      vertex -9.210484261101302 3.9201690092304102 1
      vertex -9.211271002874673 3.954507369743017 1
      vertex -9.208688208370317 3.988757495842932 1
    endloop
  endfacet
  facet normal 0 0 -1
    outer loop
      vertex -9.207244475491594 3.8935429904048133 1
      vertex -9.210484261101302 3.9201690092304102 1
      vertex -9.040773445782623 4.245516410402635 1
    endloop
  endfacet
  facet normal 0 0 -1
    outer loop
      vertex -9.210484261101302 3.9201690092304102 1
      vertex -9.208688208370317 3.988757495842932 1
      vertex -9.040773445782623 4.245516410402635 1
    endloop
  endfacet
  facet normal 0 0 -1
    outer loop
      vertex -9.208688208370317 3.988757495842932 1
      vertex -9.202760751311207 4.022589540092787 1
      vertex -9.040773445782623 4.245516410402635 1
    endloop
  endfacet
  facet normal 0 0 -1
    outer loop
      vertex -9.202760751311207 4.022589540092787 1
      vertex -9.193545716349103 4.055677681411981 1
      vertex -9.040773445782623 4.245516410402635 1
    endloop
  endfacet
  facet normal 0 0 -1
    outer loop
      vertex -9.193545716349103 4.055677681411981 1
      vertex -9.181131849308137 4.087703262911791 1
      vertex -9.040773445782623 4.245516410402635 1
    endloop
  endfacet
  facet normal 0 0 -1
    outer loop
      vertex -9.181131849308137 4.087703262911791 1
      vertex -9.165638702514027 4.118357860735412 1
      vertex -9.040773445782623 4.245516410402635 1
    endloop
  endfacet
  facet normal 0 0 -1
    outer loop
      vertex -9.165638702514027 4.118357860735412 1
      vertex -9.147215483439815 4.147346254348293 1
      vertex -9.040773445782623 4.245516410402635 1
    endloop
  endfacet
  facet normal 0 0 -1
    outer loop
      vertex -9.147215483439815 4.147346254348293 1
      vertex -9.126039617756343 4.174389269673276 1
      vertex -9.040773445782623 4.245516410402635 1
    endloop
  endfacet
  facet normal 0 0 -1
    outer loop
      vertex -9.126039617756343 4.174389269673276 1
      vertex -9.10231504062604 4.199226467689562 1
      vertex -9.040773445782623 4.245516410402635 1
    endloop
  endfacet
  facet normal 0 0 -1
    outer loop
      vertex -9.10231504062604 4.199226467689562 1
      vertex -9.076270232695856 4.2216186526028645 1
      vertex -9.040773445782623 4.245516410402635 1
    endloop
  endfacet
  facet normal 0 0 -1
    outer loop
      vertex -9.076270232695856 4.2216186526028645 1
      vertex -9.048156019703692 4.241350175431653 1
      vertex -9.040773445782623 4.245516410402635 1
    endloop
  endfacet
  facet normal -0.9926784999250545 -0.12078657121776237 -2.0670307438700284e-20
    outer loop
      vertex -9.207244475491594 3.8935429904048133 1
      vertex -9.210484261101302 3.9201690092304102 13
      vertex -9.210484261101302 3.9201690092304102 1
    endloop
  endfacet
  facet normal -0.9997376359222607 -0.022905443033682152 1.7833780908192772e-21
    outer loop
      vertex -9.210484261101302 3.9201690092304102 1
      vertex -9.211271002874673 3.954507369743017 13
      vertex -9.211271002874673 3.954507369743017 1
    endloop
  endfacet
  facet normal -0.9971687519733492 0.07519627708811938 -1.5840738731429933e-20
    outer loop
      vertex -9.211271002874673 3.954507369743017 1
      vertex -9.208688208370317 3.988757495842932 13
      vertex -9.208688208370317 3.988757495842932 1
    endloop
  endfacet
  facet normal -0.984996587835036 0.17257381595519117 -1.9821132028602177e-20
    outer loop
      vertex -9.208688208370317 3.988757495842932 1
      vertex -9.202760751311207 4.022589540092787 13
      vertex -9.202760751311207 4.022589540092787 1
    endloop
  endfacet
  facet normal -0.9633383681019868 0.2682893746360465 -1.5747617979613405e-20
    outer loop
      vertex -9.202760751311207 4.022589540092787 1
      vertex -9.193545716349103 4.055677681411981 13
      vertex -9.193545716349103 4.055677681411981 1
    endloop
  endfacet
  facet normal -0.9324026732697615 0.3614211599773903 -4.5404061364000694e-20
    outer loop
      vertex -9.193545716349103 4.055677681411981 1
      vertex -9.181131849308137 4.087703262911791 13
      vertex -9.181131849308137 4.087703262911791 1
    endloop
  endfacet
  facet normal -0.8924874309908323 0.4510722619751566 -2.4418712841068892e-20
    outer loop
      vertex -9.181131849308137 4.087703262911791 1
      vertex -9.165638702514027 4.118357860735412 13
      vertex -9.165638702514027 4.118357860735412 1
    endloop
  endfacet
  facet normal -0.8439770468682068 0.5363792915089289 2.5931815001475222e-20
    outer loop
      vertex -9.165638702514027 4.118357860735412 1
      vertex -9.147215483439815 4.147346254348293 13
      vertex -9.147215483439815 4.147346254348293 1
    endloop
  endfacet
  facet normal -0.7873387024194657 0.6165206952507206 4.61879536952664e-20
    outer loop
      vertex -9.147215483439815 4.147346254348293 1
      vertex -9.126039617756343 4.174389269673276 13
      vertex -9.126039617756343 4.174389269673276 1
    endloop
  endfacet
  facet normal -0.7231178558631837 0.6907246676728955 -8.468861002854672e-20
    outer loop
      vertex -9.126039617756343 4.174389269673276 1
      vertex -9.10231504062604 4.199226467689562 13
      vertex -9.10231504062604 4.199226467689562 1
    endloop
  endfacet
  facet normal -0.6519329890587099 0.7582765839566563 0
    outer loop
      vertex -9.10231504062604 4.199226467689562 1
      vertex -9.10231504062604 4.199226467689562 13
      vertex -9.076270232695856 4.2216186526028645 1
    endloop
  endfacet
  facet normal -0.5744696511866412 0.8185258822208976 0
    outer loop
      vertex -9.076270232695856 4.2216186526028645 1
      vertex -9.076270232695856 4.2216186526028645 13
      vertex -9.048156019703692 4.241350175431653 1
    endloop
  endfacet
  facet normal -0.4914738565366515 0.8708923287875434 2.6465720490042617e-21
    outer loop
      vertex -9.048156019703692 4.241350175431653 1
      vertex -9.040773445782623 4.245516410402635 13
      vertex -9.040773445782623 4.245516410402635 1
    endloop
  endfacet
  facet normal -0.9926784999250545 -0.12078657121776237 0
    outer loop
      vertex -9.207244475491594 3.8935429904048133 1
      vertex -9.207244475491594 3.8935429904048133 13
      vertex -9.210484261101302 3.9201690092304102 13
    endloop
  endfacet
  facet normal -0.9997376359222607 -0.022905443033682152 0
    outer loop
      vertex -9.210484261101302 3.9201690092304102 1
      vertex -9.210484261101302 3.9201690092304102 13
      vertex -9.211271002874673 3.954507369743017 13
    endloop
  endfacet
  facet normal -0.9971687519733492 0.07519627708811938 0
    outer loop
      vertex -9.211271002874673 3.954507369743017 1
      vertex -9.211271002874673 3.954507369743017 13
      vertex -9.208688208370317 3.988757495842932 13
    endloop
  endfacet
  facet normal -0.984996587835036 0.17257381595519117 0
    outer loop
      vertex -9.208688208370317 3.988757495842932 1
      vertex -9.208688208370317 3.988757495842932 13
      vertex -9.202760751311207 4.022589540092787 13
    endloop
  endfacet
  facet normal -0.9633383681019868 0.2682893746360465 0
    outer loop
      vertex -9.202760751311207 4.022589540092787 1
      vertex -9.202760751311207 4.022589540092787 13
      vertex -9.193545716349103 4.055677681411981 13
    endloop
  endfacet
  facet normal -0.9324026732697615 0.3614211599773903 0
    outer loop
      vertex -9.193545716349103 4.055677681411981 1
      vertex -9.193545716349103 4.055677681411981 13
      vertex -9.181131849308137 4.087703262911791 13
    endloop
  endfacet
  facet normal -0.8924874309908323 0.4510722619751566 0
    outer loop
      vertex -9.181131849308137 4.087703262911791 1
      vertex -9.181131849308137 4.087703262911791 13
      vertex -9.165638702514027 4.118357860735412 13
    endloop
  endfacet
  facet normal -0.8439770468682068 0.5363792915089289 0
    outer loop
      vertex -9.165638702514027 4.118357860735412 1
      vertex -9.165638702514027 4.118357860735412 13
      vertex -9.147215483439815 4.147346254348293 13
    endloop
  endfacet
  facet normal -0.7873387024194657 0.6165206952507206 0
    outer loop
      vertex -9.147215483439815 4.147346254348293 1
      vertex -9.147215483439815 4.147346254348293 13
      vertex -9.126039617756343 4.174389269673276 13
    endloop
  endfacet
  facet normal -0.7231178558631837 0.6907246676728955 0
    outer loop
      vertex -9.126039617756343 4.174389269673276 1
      vertex -9.126039617756343 4.174389269673276 13
      vertex -9.10231504062604 4.199226467689562 13
    endloop
  endfacet
  facet normal -0.6519329890587099 0.7582765839566563 0
    outer loop
      vertex -9.076270232695856 4.2216186526028645 1
      vertex -9.10231504062604 4.199226467689562 13
      vertex -9.076270232695856 4.2216186526028645 13
    endloop
  endfacet
  facet normal -0.5744696511866412 0.8185258822208976 0
    outer loop
      vertex -9.048156019703692 4.241350175431653 1
      vertex -9.076270232695856 4.2216186526028645 13
      vertex -9.048156019703692 4.241350175431653 13
    endloop
  endfacet
  facet normal -0.4914738565366515 0.8708923287875434 0
    outer loop
      vertex -9.048156019703692 4.241350175431653 1
      vertex -9.048156019703692 4.241350175431653 13
      vertex -9.040773445782623 4.245516410402635 13
    endloop
  endfacet
  facet normal 0 0 1
    outer loop
      vertex -9.207244475491594 3.8935429904048133 13
      vertex -9.208688208370317 3.988757495842932 13
      vertex -9.210484261101302 3.9201690092304102 13
    endloop
  endfacet
  facet normal 0 0 1
    outer loop
      vertex -9.210484261101302 3.9201690092304102 13
      vertex -9.208688208370317 3.988757495842932 13
      vertex -9.211271002874673 3.954507369743017 13
    endloop
  endfacet
  facet normal 0 0 1
    outer loop
      vertex -9.207244475491594 3.8935429904048133 13
      vertex -9.202760751311207 4.022589540092787 13
      vertex -9.208688208370317 3.988757495842932 13
    endloop
  endfacet
  facet normal 0 0 1
    outer loop
      vertex -9.207244475491594 3.8935429904048133 13
      vertex -9.193545716349103 4.055677681411981 13
      vertex -9.202760751311207 4.022589540092787 13
    endloop
  endfacet
  facet normal 0 0 1
    outer loop
      vertex -9.207244475491594 3.8935429904048133 13
      vertex -9.181131849308137 4.087703262911791 13
      vertex -9.193545716349103 4.055677681411981 13
    endloop
  endfacet
  facet normal 0 0 1
    outer loop
      vertex -9.207244475491594 3.8935429904048133 13
      vertex -9.165638702514027 4.118357860735412 13
      vertex -9.181131849308137 4.087703262911791 13
    endloop
  endfacet
  facet normal 0 0 1
    outer loop
      vertex -9.207244475491594 3.8935429904048133 13
      vertex -9.147215483439815 4.147346254348293 13
      vertex -9.165638702514027 4.118357860735412 13
    endloop
  endfacet
  facet normal 0 0 1
    outer loop
      vertex -9.207244475491594 3.8935429904048133 13
      vertex -9.126039617756343 4.174389269673276 13
      vertex -9.147215483439815 4.147346254348293 13
    endloop
  endfacet
  facet normal 0 0 1
    outer loop
      vertex -9.207244475491594 3.8935429904048133 13
      vertex -9.10231504062604 4.199226467689562 13
      vertex -9.126039617756343 4.174389269673276 13
    endloop
  endfacet
  facet normal 0 0 1
    outer loop
      vertex -9.207244475491594 3.8935429904048133 13
      vertex -9.076270232695856 4.2216186526028645 13
      vertex -9.10231504062604 4.199226467689562 13
    endloop
  endfacet
  facet normal 0 0 1
    outer loop
      vertex -9.207244475491594 3.8935429904048133 13
      vertex -9.048156019703692 4.241350175431653 13
      vertex -9.076270232695856 4.2216186526028645 13
    endloop
  endfacet
  facet normal 0 0 1
    outer loop
      vertex -9.207244475491594 3.8935429904048133 13
      vertex -9.040773445782623 4.245516410402635 13
      vertex -9.048156019703692 4.241350175431653 13
    endloop
  endfacet
  facet normal 0 0 -1
    outer loop
      vertex -9.816054138529518 1.8956143139874293 1
      vertex -9.824262048593193 1.919536554873813 1
      vertex -9.807852804032304 1.9509032201612824 1
    endloop
  endfacet
  facet normal 0 0 -1
    outer loop
      vertex -9.824262048593193 1.919536554873813 1
      vertex -9.832170944765299 1.9529609670100136 1
      vertex -9.830383387374747 2.089512492718481 1
    endloop
  endfacet
  facet normal 0 0 -1
    outer loop
      vertex -9.832170944765299 1.9529609670100136 1
      vertex -9.836765592145829 1.9869996388519109 1
      vertex -9.835867488837648 2.0556057589262626 1
    endloop
  endfacet
  facet normal 0 0 -1
    outer loop
      vertex -9.836765592145829 1.9869996388519109 1
      vertex -9.838001741768815 2.021324759382236 1
      vertex -9.835867488837648 2.0556057589262626 1
    endloop
  endfacet
  facet normal 0 0 -1
    outer loop
      vertex -9.824262048593193 1.919536554873813 1
      vertex -9.821602252275119 2.1227184203771663 1
      vertex -9.807852804032304 1.9509032201612824 1
    endloop
  endfacet
  facet normal 0 0 -1
    outer loop
      vertex -9.832170944765299 1.9529609670100136 1
      vertex -9.835867488837648 2.0556057589262626 1
      vertex -9.830383387374747 2.089512492718481 1
    endloop
  endfacet
  facet normal 0 0 -1
    outer loop
      vertex -9.824262048593193 1.919536554873813 1
      vertex -9.830383387374747 2.089512492718481 1
      vertex -9.821602252275119 2.1227184203771663 1
    endloop
  endfacet
  facet normal 0 0 -1
    outer loop
      vertex -9.807852804032304 1.9509032201612824 1
      vertex -9.821602252275119 2.1227184203771663 1
      vertex -9.809608650670027 2.154903750666759 1
    endloop
  endfacet
  facet normal 0 0 -1
    outer loop
      vertex -9.807852804032304 1.9509032201612824 1
      vertex -9.809608650670027 2.154903750666759 1
      vertex -9.727512829572374 2.2716383769876938 1
    endloop
  endfacet
  facet normal 0 0 -1
    outer loop
      vertex -9.809608650670027 2.154903750666759 1
      vertex -9.794518087499304 2.1857585212622785 1
      vertex -9.727512829572374 2.2716383769876938 1
    endloop
  endfacet
  facet normal 0 0 -1
    outer loop
      vertex -9.794518087499304 2.1857585212622785 1
      vertex -9.776475893135618 2.214985583855957 1
      vertex -9.727512829572374 2.2716383769876938 1
    endloop
  endfacet
  facet normal 0 0 -1
    outer loop
      vertex -9.776475893135618 2.214985583855957 1
      vertex -9.755655823773564 2.2423034658578795 1
      vertex -9.727512829572374 2.2716383769876938 1
    endloop
  endfacet
  facet normal 0 0 -1
    outer loop
      vertex -9.755655823773564 2.2423034658578795 1
      vertex -9.732258388062503 2.2674490811308945 1
      vertex -9.727512829572374 2.2716383769876938 1
    endloop
  endfacet
  facet normal -0.9458731527517755 -0.32453656019532895 5.611570298228581e-21
    outer loop
      vertex -9.816054138529518 1.8956143139874293 1
      vertex -9.824262048593193 1.919536554873813 13
      vertex -9.824262048593193 1.919536554873813 1
    endloop
  endfacet
  facet normal -0.9731286605505856 -0.230262046405879 -6.157212129738922e-21
    outer loop
      vertex -9.824262048593193 1.919536554873813 1
      vertex -9.832170944765299 1.9529609670100136 13
      vertex -9.832170944765299 1.9529609670100136 1
    endloop
  endfacet
  facet normal -0.9910124073820465 -0.1337699832355549 -5.940193494711712e-21
    outer loop
      vertex -9.832170944765299 1.9529609670100136 1
      vertex -9.836765592145829 1.9869996388519109 13
      vertex -9.836765592145829 1.9869996388519109 1
    endloop
  endfacet
  facet normal -0.9993521629879432 -0.03598964200043684 5.698108412936265e-23
    outer loop
      vertex -9.836765592145829 1.9869996388519109 1
      vertex -9.838001741768815 2.021324759382236 13
      vertex -9.838001741768815 2.021324759382236 1
    endloop
  endfacet
  facet normal -0.998067610962801 0.06213729916086423 1.525895487119561e-20
    outer loop
      vertex -9.838001741768815 2.021324759382236 1
      vertex -9.835867488837648 2.0556057589262626 13
      vertex -9.835867488837648 2.0556057589262626 1
    endloop
  endfacet
  facet normal -0.9871711222448208 0.15966582416378633 1.941450552922998e-20
    outer loop
      vertex -9.835867488837648 2.0556057589262626 1
      vertex -9.830383387374747 2.089512492718481 13
      vertex -9.830383387374747 2.089512492718481 1
    endloop
  endfacet
  facet normal -0.9667676359770051 0.2556566799976734 -5.332945371215554e-20
    outer loop
      vertex -9.830383387374747 2.089512492718481 1
      vertex -9.821602252275119 2.1227184203771663 13
      vertex -9.821602252275119 2.1227184203771663 1
    endloop
  endfacet
  facet normal -0.9370536488857665 0.3491854222470788 -3.99080644269615e-20
    outer loop
      vertex -9.821602252275119 2.1227184203771663 1
      vertex -9.809608650670027 2.154903750666759 13
      vertex -9.809608650670027 2.154903750666759 1
    endloop
  endfacet
  facet normal -0.898315322910174 0.4393513179959631 -3.869848701753092e-20
    outer loop
      vertex -9.809608650670027 2.154903750666759 1
      vertex -9.794518087499304 2.1857585212622785 13
      vertex -9.794518087499304 2.1857585212622785 1
    endloop
  endfacet
  facet normal -0.8509257293057877 0.5252860203788154 2.5199985050369948e-20
    outer loop
      vertex -9.794518087499304 2.1857585212622785 1
      vertex -9.776475893135618 2.214985583855957 13
      vertex -9.776475893135618 2.214985583855957 1
    endloop
  endfacet
  facet normal -0.7953412557649242 0.6061619312347759 -1.245745145548919e-19
    outer loop
      vertex -9.776475893135618 2.214985583855957 1
      vertex -9.755655823773564 2.2423034658578795 13
      vertex -9.755655823773564 2.2423034658578795 1
    endloop
  endfacet
  facet normal -0.73209721115326 0.6812001713311727 6.608893792056513e-20
    outer loop
      vertex -9.755655823773564 2.2423034658578795 1
      vertex -9.732258388062503 2.2674490811308945 13
      vertex -9.732258388062503 2.2674490811308945 1
    endloop
  endfacet
  facet normal -0.6618026701931012 0.7496780813957958 7.15498498892665e-21
    outer loop
      vertex -9.732258388062503 2.2674490811308945 1
      vertex -9.727512829572374 2.2716383769876938 13
      vertex -9.727512829572374 2.2716383769876938 1
    endloop
  endfacet
  facet normal -0.9458731527517755 -0.32453656019532895 0
    outer loop
      vertex -9.816054138529518 1.8956143139874293 1
      vertex -9.816054138529518 1.8956143139874293 13
      vertex -9.824262048593193 1.919536554873813 13
    endloop
  endfacet
  facet normal -0.9731286605505856 -0.230262046405879 0
    outer loop
      vertex -9.824262048593193 1.919536554873813 1
      vertex -9.824262048593193 1.919536554873813 13
      vertex -9.832170944765299 1.9529609670100136 13
    endloop
  endfacet
  facet normal -0.9910124073820465 -0.1337699832355549 0
    outer loop
      vertex -9.832170944765299 1.9529609670100136 1
      vertex -9.832170944765299 1.9529609670100136 13
      vertex -9.836765592145829 1.9869996388519109 13
    endloop
  endfacet
  facet normal -0.9993521629879432 -0.03598964200043684 0
    outer loop
      vertex -9.836765592145829 1.9869996388519109 1
      vertex -9.836765592145829 1.9869996388519109 13
      vertex -9.838001741768815 2.021324759382236 13
    endloop
  endfacet
  facet normal -0.998067610962801 0.06213729916086423 0
    outer loop
      vertex -9.838001741768815 2.021324759382236 1
      vertex -9.838001741768815 2.021324759382236 13
      vertex -9.835867488837648 2.0556057589262626 13
    endloop
  endfacet
  facet normal -0.9871711222448208 0.15966582416378633 0
    outer loop
      vertex -9.835867488837648 2.0556057589262626 1
      vertex -9.835867488837648 2.0556057589262626 13
      vertex -9.830383387374747 2.089512492718481 13
    endloop
  endfacet
  facet normal -0.9667676359770051 0.2556566799976734 0
    outer loop
      vertex -9.830383387374747 2.089512492718481 1
      vertex -9.830383387374747 2.089512492718481 13
      vertex -9.821602252275119 2.1227184203771663 13
    endloop
  endfacet
  facet normal -0.9370536488857665 0.3491854222470788 0
    outer loop
      vertex -9.821602252275119 2.1227184203771663 1
      vertex -9.821602252275119 2.1227184203771663 13
      vertex -9.809608650670027 2.154903750666759 13
    endloop
  endfacet
  facet normal -0.898315322910174 0.4393513179959631 0
    outer loop
      vertex -9.809608650670027 2.154903750666759 1
      vertex -9.809608650670027 2.154903750666759 13
      vertex -9.794518087499304 2.1857585212622785 13
    endloop
  endfacet
  facet normal -0.8509257293057877 0.5252860203788154 0
    outer loop
      vertex -9.794518087499304 2.1857585212622785 1
      vertex -9.794518087499304 2.1857585212622785 13
      vertex -9.776475893135618 2.214985583855957 13
    endloop
  endfacet
  facet normal -0.7953412557649242 0.6061619312347759 0
    outer loop
      vertex -9.776475893135618 2.214985583855957 1
      vertex -9.776475893135618 2.214985583855957 13
      vertex -9.755655823773564 2.2423034658578795 13
    endloop
  endfacet
  facet normal -0.73209721115326 0.6812001713311727 0
    outer loop
      vertex -9.755655823773564 2.2423034658578795 1
      vertex -9.755655823773564 2.2423034658578795 13
      vertex -9.732258388062503 2.2674490811308945 13
    endloop
  endfacet
  facet normal -0.6618026701931012 0.7496780813957958 0
    outer loop
      vertex -9.732258388062503 2.2674490811308945 1
      vertex -9.732258388062503 2.2674490811308945 13
      vertex -9.727512829572374 2.2716383769876938 13
    endloop
  endfacet
  facet normal 0 0 1
    outer loop
      vertex -9.824262048593193 1.919536554873813 13
      vertex -9.830383387374747 2.089512492718481 13
      vertex -9.832170944765299 1.9529609670100136 13
    endloop
  endfacet
  facet normal 0 0 1
    outer loop
      vertex -9.816054138529518 1.8956143139874293 13
      vertex -9.821602252275119 2.1227184203771663 13
      vertex -9.824262048593193 1.919536554873813 13
    endloop
  endfacet
  facet normal 0 0 1
    outer loop
      vertex -9.832170944765299 1.9529609670100136 13
      vertex -9.835867488837648 2.0556057589262626 13
      vertex -9.836765592145829 1.9869996388519109 13
    endloop
  endfacet
  facet normal 0 0 1
    outer loop
      vertex -9.836765592145829 1.9869996388519109 13
      vertex -9.835867488837648 2.0556057589262626 13
      vertex -9.838001741768815 2.021324759382236 13
    endloop
  endfacet
  facet normal 0 0 1
    outer loop
      vertex -9.816054138529518 1.8956143139874293 13
      vertex -9.807852804032304 1.9509032201612824 13
      vertex -9.809608650670027 2.154903750666759 13
    endloop
  endfacet
  facet normal 0 0 1
    outer loop
      vertex -9.832170944765299 1.9529609670100136 13
      vertex -9.830383387374747 2.089512492718481 13
      vertex -9.835867488837648 2.0556057589262626 13
    endloop
  endfacet
  facet normal 0 0 1
    outer loop
      vertex -9.824262048593193 1.919536554873813 13
      vertex -9.821602252275119 2.1227184203771663 13
      vertex -9.830383387374747 2.089512492718481 13
    endloop
  endfacet
  facet normal 0 0 1
    outer loop
      vertex -9.816054138529518 1.8956143139874293 13
      vertex -9.809608650670027 2.154903750666759 13
      vertex -9.821602252275119 2.1227184203771663 13
    endloop
  endfacet
  facet normal 0 0 1
    outer loop
      vertex -9.807852804032304 1.9509032201612824 13
      vertex -9.794518087499304 2.1857585212622785 13
      vertex -9.809608650670027 2.154903750666759 13
    endloop
  endfacet
  facet normal 0 0 1
    outer loop
      vertex -9.807852804032304 1.9509032201612824 13
      vertex -9.776475893135618 2.214985583855957 13
      vertex -9.794518087499304 2.1857585212622785 13
    endloop
  endfacet
  facet normal 0 0 1
    outer loop
      vertex -9.807852804032304 1.9509032201612824 13
      vertex -9.755655823773564 2.2423034658578795 13
      vertex -9.776475893135618 2.214985583855957 13
    endloop
  endfacet
  facet normal 0 0 1
    outer loop
      vertex -9.807852804032304 1.9509032201612824 13
      vertex -9.732258388062503 2.2674490811308945 13
      vertex -9.755655823773564 2.2423034658578795 13
    endloop
  endfacet
  facet normal 0 0 1
    outer loop
      vertex -9.807852804032304 1.9509032201612824 13
      vertex -9.727512829572374 2.2716383769876938 13
      vertex -9.732258388062503 2.2674490811308945 13
    endloop
  endfacet
  facet normal 0 0 -1
    outer loop
      vertex -10.008672442521924 -0.16498885788909917 1
      vertex -10 0 1
      vertex -9.99101436430589 -0.19444958155686076 1
    endloop
  endfacet
  facet normal 0 0 -1
    outer loop
      vertex -9.99101436430589 -0.19444958155686076 1
      vertex -10 0 1
      vertex -9.990407078044662 -0.19526841229093309 1
    endloop
  endfacet
  facet normal 0 0 -1
    outer loop
      vertex -10.008672442521924 -0.16498885788909917 1
      vertex -10.023357836378949 -0.13393920132778142 1
      vertex -10.008672442521924 0.16498885788909917 1
    endloop
  endfacet
  facet normal 0 0 -1
    outer loop
      vertex -10.034929117506273 -0.10159963703906182 1
      vertex -10.04327484814113 -0.06828161270564488 1
      vertex -10.034929117506273 0.10159963703906182 1
    endloop
  endfacet
  facet normal 0 0 -1
    outer loop
      vertex -10.04327484814113 -0.06828161270564488 1
      vertex -10.048314654335268 -0.03430599911534621 1
      vertex -10.04327484814113 0.06828161270564488 1
    endloop
  endfacet
  facet normal 0 0 -1
    outer loop
      vertex -10.023357836378949 -0.13393920132778142 1
      vertex -10.034929117506273 -0.10159963703906182 1
      vertex -10.023357836378949 0.13393920132778142 1
    endloop
  endfacet
  facet normal -0.8577286100002697 -0.5141027441932255 0
    outer loop
      vertex -10.008672442521924 -0.16498885788909917 1
      vertex -9.99101436430589 -0.19444958155686076 1
      vertex -10.008672442521924 -0.16498885788909917 13
    endloop
  endfacet
  facet normal -0.8032075314809015 -0.5956993044920873 0
    outer loop
      vertex -9.99101436430589 -0.19444958155686076 1
      vertex -9.990407078044662 -0.19526841229093309 1
      vertex -9.99101436430589 -0.19444958155686076 13
    endloop
  endfacet
  facet normal -0.9039892931234526 -0.42755509343026243 -5.827952967677058e-20
    outer loop
      vertex -10.008672442521924 -0.16498885788909917 1
      vertex -10.023357836378949 -0.13393920132778142 13
      vertex -10.023357836378949 -0.13393920132778142 1
    endloop
  endfacet
  facet normal -0.9415440651830085 -0.3368898533922547 -4.897597771559064e-22
    outer loop
      vertex -10.023357836378949 -0.13393920132778142 1
      vertex -10.034929117506273 -0.10159963703906182 13
      vertex -10.034929117506273 -0.10159963703906182 1
    endloop
  endfacet
  facet normal -0.9700312531945546 -0.2429801799032212 -5.213965795252072e-20
    outer loop
      vertex -10.034929117506273 -0.10159963703906182 1
      vertex -10.04327484814113 -0.06828161270564488 13
      vertex -10.04327484814113 -0.06828161270564488 1
    endloop
  endfacet
  facet normal -0.9891765099647777 -0.1467304744553836 2.0185287676066362e-20
    outer loop
      vertex -10.04327484814113 -0.06828161270564488 1
      vertex -10.048314654335268 -0.03430599911534621 13
      vertex -10.048314654335268 -0.03430599911534621 1
    endloop
  endfacet
  facet normal -0.9987954562051728 -0.049067674327408876 6.884836709212231e-21
    outer loop
      vertex -10.048314654335268 -0.03430599911534621 1
      vertex -10.049999999999999 0 13
      vertex -10.049999999999999 0 1
    endloop
  endfacet
  facet normal -0.8577286100002697 -0.5141027441932255 0
    outer loop
      vertex -9.99101436430589 -0.19444958155686076 1
      vertex -9.99101436430589 -0.19444958155686076 13
      vertex -10.008672442521924 -0.16498885788909917 13
    endloop
  endfacet
  facet normal -0.8032075314809015 -0.5956993044920873 0
    outer loop
      vertex -9.990407078044662 -0.19526841229093309 1
      vertex -9.990407078044662 -0.19526841229093309 13
      vertex -9.99101436430589 -0.19444958155686076 13
    endloop
  endfacet
  facet normal -0.9039892931234526 -0.42755509343026243 0
    outer loop
      vertex -10.008672442521924 -0.16498885788909917 1
      vertex -10.008672442521924 -0.16498885788909917 13
      vertex -10.023357836378949 -0.13393920132778142 13
    endloop
  endfacet
  facet normal -0.9415440651830085 -0.3368898533922547 0
    outer loop
      vertex -10.023357836378949 -0.13393920132778142 1
      vertex -10.023357836378949 -0.13393920132778142 13
      vertex -10.034929117506273 -0.10159963703906182 13
    endloop
  endfacet
  facet normal -0.9700312531945546 -0.2429801799032212 0
    outer loop
      vertex -10.034929117506273 -0.10159963703906182 1
      vertex -10.034929117506273 -0.10159963703906182 13
      vertex -10.04327484814113 -0.06828161270564488 13
    endloop
  endfacet
  facet normal -0.9891765099647777 -0.1467304744553836 0
    outer loop
      vertex -10.04327484814113 -0.06828161270564488 1
      vertex -10.04327484814113 -0.06828161270564488 13
      vertex -10.048314654335268 -0.03430599911534621 13
    endloop
  endfacet
  facet normal -0.9987954562051728 -0.049067674327408876 0
    outer loop
      vertex -10.048314654335268 -0.03430599911534621 1
      vertex -10.048314654335268 -0.03430599911534621 13
      vertex -10.049999999999999 0 13
    endloop
  endfacet
  facet normal 0 0 1
    outer loop
      vertex -9.99101436430589 -0.19444958155686076 13
      vertex -9.990407078044662 -0.19526841229093309 13
      vertex -10 0 13
    endloop
  endfacet
  facet normal 0 0 1
    outer loop
      vertex -10.023357836378949 -0.13393920132778142 13
      vertex -10.034929117506273 0.10159963703906182 13
      vertex -10.034929117506273 -0.10159963703906182 13
    endloop
  endfacet
  facet normal 0 0 1
    outer loop
      vertex -10.008672442521924 -0.16498885788909917 13
      vertex -10.023357836378949 0.13393920132778142 13
      vertex -10.023357836378949 -0.13393920132778142 13
    endloop
  endfacet
  facet normal 0 0 1
    outer loop
      vertex -10.034929117506273 -0.10159963703906182 13
      vertex -10.04327484814113 0.06828161270564488 13
      vertex -10.04327484814113 -0.06828161270564488 13
    endloop
  endfacet
  facet normal 0 0 1
    outer loop
      vertex -10.04327484814113 -0.06828161270564488 13
      vertex -10.048314654335268 0.03430599911534621 13
      vertex -10.048314654335268 -0.03430599911534621 13
    endloop
  endfacet
  facet normal 0 0 1
    outer loop
      vertex -10.008672442521924 -0.16498885788909917 13
      vertex -9.99101436430589 -0.19444958155686076 13
      vertex -10.008672442521924 0.16498885788909917 13
    endloop
  endfacet
  facet normal 0 0 1
    outer loop
      vertex -9.99101436430589 -0.19444958155686076 13
      vertex -10 0 13
      vertex -10.008672442521924 0.16498885788909917 13
    endloop
  endfacet
  facet normal 0 0 -1
    outer loop
      vertex -10.048314654335268 -0.03430599911534621 1
      vertex -10.049999999999999 0 1
      vertex -10.048314654335268 0.03430599911534621 1
    endloop
  endfacet
  facet normal 0 0 -1
    outer loop
      vertex -10.048314654335268 -0.03430599911534621 1
      vertex -10.048314654335268 0.03430599911534621 1
      vertex -10.04327484814113 0.06828161270564488 1
    endloop
  endfacet
  facet normal 0 0 -1
    outer loop
      vertex -10.04327484814113 -0.06828161270564488 1
      vertex -10.04327484814113 0.06828161270564488 1
      vertex -10.034929117506273 0.10159963703906182 1
    endloop
  endfacet
  facet normal 0 0 -1
    outer loop
      vertex -10.034929117506273 -0.10159963703906182 1
      vertex -10.034929117506273 0.10159963703906182 1
      vertex -10.023357836378949 0.13393920132778142 1
    endloop
  endfacet
  facet normal 0 0 -1
    outer loop
      vertex -10.023357836378949 -0.13393920132778142 1
      vertex -10.023357836378949 0.13393920132778142 1
      vertex -10.008672442521924 0.16498885788909917 1
    endloop
  endfacet
  facet normal 0 0 -1
    outer loop
      vertex -10.008672442521924 -0.16498885788909917 1
      vertex -9.99101436430589 0.19444958155686076 1
      vertex -10 0 1
    endloop
  endfacet
  facet normal 0 0 -1
    outer loop
      vertex -10.008672442521924 -0.16498885788909917 1
      vertex -10.008672442521924 0.16498885788909917 1
      vertex -9.99101436430589 0.19444958155686076 1
    endloop
  endfacet
  facet normal 0 0 -1
    outer loop
      vertex -10 0 1
      vertex -9.99101436430589 0.19444958155686076 1
      vertex -9.990407078044662 0.19526841229093309 1
    endloop
  endfacet
  facet normal -0.9987954562051728 0.049067674327408876 -6.884836709212231e-21
    outer loop
      vertex -10.049999999999999 0 1
      vertex -10.048314654335268 0.03430599911534621 13
      vertex -10.048314654335268 0.03430599911534621 1
    endloop
  endfacet
  facet normal -0.9891765099647777 0.1467304744553836 -2.0185287676066362e-20
    outer loop
      vertex -10.048314654335268 0.03430599911534621 1
      vertex -10.04327484814113 0.06828161270564488 13
      vertex -10.04327484814113 0.06828161270564488 1
    endloop
  endfacet
  facet normal -0.9700312531945546 0.2429801799032212 5.213965795252072e-20
    outer loop
      vertex -10.04327484814113 0.06828161270564488 1
      vertex -10.034929117506273 0.10159963703906182 13
      vertex -10.034929117506273 0.10159963703906182 1
    endloop
  endfacet
  facet normal -0.9415440651830085 0.3368898533922547 4.897597771559064e-22
    outer loop
      vertex -10.034929117506273 0.10159963703906182 1
      vertex -10.023357836378949 0.13393920132778142 13
      vertex -10.023357836378949 0.13393920132778142 1
    endloop
  endfacet
  facet normal -0.9039892931234526 0.42755509343026243 5.827952967677058e-20
    outer loop
      vertex -10.023357836378949 0.13393920132778142 1
      vertex -10.008672442521924 0.16498885788909917 13
      vertex -10.008672442521924 0.16498885788909917 1
    endloop
  endfacet
  facet normal -0.8577286100002697 0.5141027441932255 8.107730267326126e-20
    outer loop
      vertex -10.008672442521924 0.16498885788909917 1
      vertex -9.99101436430589 0.19444958155686076 13
      vertex -9.99101436430589 0.19444958155686076 1
    endloop
  endfacet
  facet normal -0.8032075314809015 0.5956993044920873 3.897699560712026e-21
    outer loop
      vertex -9.99101436430589 0.19444958155686076 1
      vertex -9.990407078044662 0.19526841229093309 13
      vertex -9.990407078044662 0.19526841229093309 1
    endloop
  endfacet
  facet normal -0.9987954562051728 0.049067674327408876 0
    outer loop
      vertex -10.049999999999999 0 1
      vertex -10.049999999999999 0 13
      vertex -10.048314654335268 0.03430599911534621 13
    endloop
  endfacet
  facet normal -0.9891765099647777 0.1467304744553836 0
    outer loop
      vertex -10.048314654335268 0.03430599911534621 1
      vertex -10.048314654335268 0.03430599911534621 13
      vertex -10.04327484814113 0.06828161270564488 13
    endloop
  endfacet
  facet normal -0.9700312531945546 0.2429801799032212 0
    outer loop
      vertex -10.04327484814113 0.06828161270564488 1
      vertex -10.04327484814113 0.06828161270564488 13
      vertex -10.034929117506273 0.10159963703906182 13
    endloop
  endfacet
  facet normal -0.9415440651830085 0.3368898533922547 0
    outer loop
      vertex -10.034929117506273 0.10159963703906182 1
      vertex -10.034929117506273 0.10159963703906182 13
      vertex -10.023357836378949 0.13393920132778142 13
    endloop
  endfacet
  facet normal -0.9039892931234526 0.42755509343026243 0
    outer loop
      vertex -10.023357836378949 0.13393920132778142 1
      vertex -10.023357836378949 0.13393920132778142 13
      vertex -10.008672442521924 0.16498885788909917 13
    endloop
  endfacet
  facet normal -0.8577286100002697 0.5141027441932255 0
    outer loop
      vertex -10.008672442521924 0.16498885788909917 1
      vertex -10.008672442521924 0.16498885788909917 13
      vertex -9.99101436430589 0.19444958155686076 13
    endloop
  endfacet
  facet normal -0.8032075314809015 0.5956993044920873 0
    outer loop
      vertex -9.99101436430589 0.19444958155686076 1
      vertex -9.99101436430589 0.19444958155686076 13
      vertex -9.990407078044662 0.19526841229093309 13
    endloop
  endfacet
  facet normal 0 0 1
    outer loop
      vertex -10.048314654335268 -0.03430599911534621 13
      vertex -10.048314654335268 0.03430599911534621 13
      vertex -10.049999999999999 0 13
    endloop
  endfacet
  facet normal 0 0 1
    outer loop
      vertex -10.04327484814113 -0.06828161270564488 13
      vertex -10.04327484814113 0.06828161270564488 13
      vertex -10.048314654335268 0.03430599911534621 13
    endloop
  endfacet
  facet normal 0 0 1
    outer loop
      vertex -10.034929117506273 -0.10159963703906182 13
      vertex -10.034929117506273 0.10159963703906182 13
      vertex -10.04327484814113 0.06828161270564488 13
    endloop
  endfacet
  facet normal 0 0 1
    outer loop
      vertex -10.023357836378949 -0.13393920132778142 13
      vertex -10.023357836378949 0.13393920132778142 13
      vertex -10.034929117506273 0.10159963703906182 13
    endloop
  endfacet
  facet normal 0 0 1
    outer loop
      vertex -10.008672442521924 -0.16498885788909917 13
      vertex -10.008672442521924 0.16498885788909917 13
      vertex -10.023357836378949 0.13393920132778142 13
    endloop
  endfacet
  facet normal 0 0 1
    outer loop
      vertex -10 0 13
      vertex -9.99101436430589 0.19444958155686076 13
      vertex -10.008672442521924 0.16498885788909917 13
    endloop
  endfacet
  facet normal 0 0 1
    outer loop
      vertex -10 0 13
      vertex -9.990407078044662 0.19526841229093309 13
      vertex -9.99101436430589 0.19444958155686076 13
    endloop
  endfacet
  facet normal 0 0 -1
    outer loop
      vertex -9.821602252275119 -2.1227184203771663 1
      vertex -9.816054138529518 -1.8956143139874293 1
      vertex -9.809608650670027 -2.154903750666759 1
    endloop
  endfacet
  facet normal 0 0 -1
    outer loop
      vertex -9.821602252275119 -2.1227184203771663 1
      vertex -9.830383387374747 -2.089512492718481 1
      vertex -9.824262048593193 -1.919536554873813 1
    endloop
  endfacet
  facet normal 0 0 -1
    outer loop
      vertex -9.830383387374747 -2.089512492718481 1
      vertex -9.835867488837648 -2.0556057589262626 1
      vertex -9.832170944765299 -1.9529609670100136 1
    endloop
  endfacet
  facet normal 0 0 -1
    outer loop
      vertex -9.776475893135618 -2.214985583855957 1
      vertex -9.807852804032304 -1.9509032201612824 1
      vertex -9.755655823773564 -2.2423034658578795 1
    endloop
  endfacet
  facet normal 0 0 -1
    outer loop
      vertex -9.776475893135618 -2.214985583855957 1
      vertex -9.794518087499304 -2.1857585212622785 1
      vertex -9.807852804032304 -1.9509032201612824 1
    endloop
  endfacet
  facet normal 0 0 -1
    outer loop
      vertex -9.755655823773564 -2.2423034658578795 1
      vertex -9.807852804032304 -1.9509032201612824 1
      vertex -9.732258388062503 -2.2674490811308945 1
    endloop
  endfacet
  facet normal 0 0 -1
    outer loop
      vertex -9.807852804032304 -1.9509032201612824 1
      vertex -9.727512829572374 -2.2716383769876938 1
      vertex -9.732258388062503 -2.2674490811308945 1
    endloop
  endfacet
  facet normal 0 0 -1
    outer loop
      vertex -9.809608650670027 -2.154903750666759 1
      vertex -9.807852804032304 -1.9509032201612824 1
      vertex -9.794518087499304 -2.1857585212622785 1
    endloop
  endfacet
  facet normal 0 0 -1
    outer loop
      vertex -9.835867488837648 -2.0556057589262626 1
      vertex -9.838001741768815 -2.021324759382236 1
      vertex -9.836765592145829 -1.9869996388519109 1
    endloop
  endfacet
  facet normal 0 0 -1
    outer loop
      vertex -9.835867488837648 -2.0556057589262626 1
      vertex -9.836765592145829 -1.9869996388519109 1
      vertex -9.832170944765299 -1.9529609670100136 1
    endloop
  endfacet
  facet normal 0 0 -1
    outer loop
      vertex -9.830383387374747 -2.089512492718481 1
      vertex -9.832170944765299 -1.9529609670100136 1
      vertex -9.824262048593193 -1.919536554873813 1
    endloop
  endfacet
  facet normal 0 0 -1
    outer loop
      vertex -9.821602252275119 -2.1227184203771663 1
      vertex -9.824262048593193 -1.919536554873813 1
      vertex -9.816054138529518 -1.8956143139874293 1
    endloop
  endfacet
  facet normal 0 0 -1
    outer loop
      vertex -9.809608650670027 -2.154903750666759 1
      vertex -9.816054138529518 -1.8956143139874293 1
      vertex -9.807852804032304 -1.9509032201612824 1
    endloop
  endfacet
  facet normal -0.8509257293057877 -0.5252860203788154 -2.5199985050369948e-20
    outer loop
      vertex -9.776475893135618 -2.214985583855957 1
      vertex -9.794518087499304 -2.1857585212622785 13
      vertex -9.794518087499304 -2.1857585212622785 1
    endloop
  endfacet
  facet normal -0.73209721115326 -0.6812001713311727 0
    outer loop
      vertex -9.755655823773564 -2.2423034658578795 1
      vertex -9.732258388062503 -2.2674490811308945 1
      vertex -9.755655823773564 -2.2423034658578795 13
    endloop
  endfacet
  facet normal -0.7953412557649242 -0.6061619312347759 0
    outer loop
      vertex -9.776475893135618 -2.214985583855957 1
      vertex -9.755655823773564 -2.2423034658578795 1
      vertex -9.776475893135618 -2.214985583855957 13
    endloop
  endfacet
  facet normal -0.9370536488857665 -0.3491854222470788 0
    outer loop
      vertex -9.821602252275119 -2.1227184203771663 1
      vertex -9.809608650670027 -2.154903750666759 1
      vertex -9.821602252275119 -2.1227184203771663 13
    endloop
  endfacet
  facet normal -0.9667676359770051 -0.2556566799976734 5.332945371215554e-20
    outer loop
      vertex -9.821602252275119 -2.1227184203771663 1
      vertex -9.830383387374747 -2.089512492718481 13
      vertex -9.830383387374747 -2.089512492718481 1
    endloop
  endfacet
  facet normal -0.998067610962801 -0.06213729916086423 -1.525895487119561e-20
    outer loop
      vertex -9.835867488837648 -2.0556057589262626 1
      vertex -9.838001741768815 -2.021324759382236 13
      vertex -9.838001741768815 -2.021324759382236 1
    endloop
  endfacet
  facet normal -0.9871711222448208 -0.15966582416378633 -1.941450552922998e-20
    outer loop
      vertex -9.830383387374747 -2.089512492718481 1
      vertex -9.835867488837648 -2.0556057589262626 13
      vertex -9.835867488837648 -2.0556057589262626 1
    endloop
  endfacet
  facet normal -0.898315322910174 -0.4393513179959631 0
    outer loop
      vertex -9.809608650670027 -2.154903750666759 1
      vertex -9.794518087499304 -2.1857585212622785 1
      vertex -9.809608650670027 -2.154903750666759 13
    endloop
  endfacet
  facet normal -0.9993521629879432 0.03598964200043684 -5.698108412936265e-23
    outer loop
      vertex -9.838001741768815 -2.021324759382236 1
      vertex -9.836765592145829 -1.9869996388519109 13
      vertex -9.836765592145829 -1.9869996388519109 1
    endloop
  endfacet
  facet normal -0.9910124073820465 0.1337699832355549 5.940193494711712e-21
    outer loop
      vertex -9.836765592145829 -1.9869996388519109 1
      vertex -9.832170944765299 -1.9529609670100136 13
      vertex -9.832170944765299 -1.9529609670100136 1
    endloop
  endfacet
  facet normal -0.9731286605505856 0.230262046405879 6.157212129738922e-21
    outer loop
      vertex -9.832170944765299 -1.9529609670100136 1
      vertex -9.824262048593193 -1.919536554873813 13
      vertex -9.824262048593193 -1.919536554873813 1
    endloop
  endfacet
  facet normal -0.9458731527517755 0.32453656019532895 -5.611570298228581e-21
    outer loop
      vertex -9.824262048593193 -1.919536554873813 1
      vertex -9.816054138529518 -1.8956143139874293 13
      vertex -9.816054138529518 -1.8956143139874293 1
    endloop
  endfacet
  facet normal -0.6618026701931012 -0.7496780813957958 0
    outer loop
      vertex -9.732258388062503 -2.2674490811308945 1
      vertex -9.727512829572374 -2.2716383769876938 1
      vertex -9.732258388062503 -2.2674490811308945 13
    endloop
  endfacet
  facet normal -0.8509257293057877 -0.5252860203788154 0
    outer loop
      vertex -9.776475893135618 -2.214985583855957 1
      vertex -9.776475893135618 -2.214985583855957 13
      vertex -9.794518087499304 -2.1857585212622785 13
    endloop
  endfacet
  facet normal -0.7953412557649242 -0.6061619312347759 0
    outer loop
      vertex -9.755655823773564 -2.2423034658578795 1
      vertex -9.755655823773564 -2.2423034658578795 13
      vertex -9.776475893135618 -2.214985583855957 13
    endloop
  endfacet
  facet normal -0.73209721115326 -0.6812001713311727 0
    outer loop
      vertex -9.732258388062503 -2.2674490811308945 1
      vertex -9.732258388062503 -2.2674490811308945 13
      vertex -9.755655823773564 -2.2423034658578795 13
    endloop
  endfacet
  facet normal -0.9667676359770051 -0.2556566799976734 0
    outer loop
      vertex -9.821602252275119 -2.1227184203771663 1
      vertex -9.821602252275119 -2.1227184203771663 13
      vertex -9.830383387374747 -2.089512492718481 13
    endloop
  endfacet
  facet normal -0.9871711222448208 -0.15966582416378633 0
    outer loop
      vertex -9.830383387374747 -2.089512492718481 1
      vertex -9.830383387374747 -2.089512492718481 13
      vertex -9.835867488837648 -2.0556057589262626 13
    endloop
  endfacet
  facet normal -0.998067610962801 -0.06213729916086423 0
    outer loop
      vertex -9.835867488837648 -2.0556057589262626 1
      vertex -9.835867488837648 -2.0556057589262626 13
      vertex -9.838001741768815 -2.021324759382236 13
    endloop
  endfacet
  facet normal -0.898315322910174 -0.4393513179959631 0
    outer loop
      vertex -9.794518087499304 -2.1857585212622785 1
      vertex -9.794518087499304 -2.1857585212622785 13
      vertex -9.809608650670027 -2.154903750666759 13
    endloop
  endfacet
  facet normal -0.9370536488857665 -0.3491854222470788 0
    outer loop
      vertex -9.809608650670027 -2.154903750666759 1
      vertex -9.809608650670027 -2.154903750666759 13
      vertex -9.821602252275119 -2.1227184203771663 13
    endloop
  endfacet
  facet normal -0.9993521629879432 0.03598964200043684 0
    outer loop
      vertex -9.838001741768815 -2.021324759382236 1
      vertex -9.838001741768815 -2.021324759382236 13
      vertex -9.836765592145829 -1.9869996388519109 13
    endloop
  endfacet
  facet normal -0.9910124073820465 0.1337699832355549 0
    outer loop
      vertex -9.836765592145829 -1.9869996388519109 1
      vertex -9.836765592145829 -1.9869996388519109 13
      vertex -9.832170944765299 -1.9529609670100136 13
    endloop
  endfacet
  facet normal -0.9731286605505856 0.230262046405879 0
    outer loop
      vertex -9.832170944765299 -1.9529609670100136 1
      vertex -9.832170944765299 -1.9529609670100136 13
      vertex -9.824262048593193 -1.919536554873813 13
    endloop
  endfacet
  facet normal -0.9458731527517755 0.32453656019532895 0
    outer loop
      vertex -9.824262048593193 -1.919536554873813 1
      vertex -9.824262048593193 -1.919536554873813 13
      vertex -9.816054138529518 -1.8956143139874293 13
    endloop
  endfacet
  facet normal -0.6618026701931012 -0.7496780813957958 0
    outer loop
      vertex -9.727512829572374 -2.2716383769876938 1
      vertex -9.727512829572374 -2.2716383769876938 13
      vertex -9.732258388062503 -2.2674490811308945 13
    endloop
  endfacet
  facet normal 0 0 1
    outer loop
      vertex -9.809608650670027 -2.154903750666759 13
      vertex -9.794518087499304 -2.1857585212622785 13
      vertex -9.727512829572374 -2.2716383769876938 13
    endloop
  endfacet
  facet normal 0 0 1
    outer loop
      vertex -9.755655823773564 -2.2423034658578795 13
      vertex -9.732258388062503 -2.2674490811308945 13
      vertex -9.727512829572374 -2.2716383769876938 13
    endloop
  endfacet
  facet normal 0 0 1
    outer loop
      vertex -9.776475893135618 -2.214985583855957 13
      vertex -9.755655823773564 -2.2423034658578795 13
      vertex -9.727512829572374 -2.2716383769876938 13
    endloop
  endfacet
  facet normal 0 0 1
    outer loop
      vertex -9.776475893135618 -2.214985583855957 13
      vertex -9.727512829572374 -2.2716383769876938 13
      vertex -9.794518087499304 -2.1857585212622785 13
    endloop
  endfacet
  facet normal 0 0 1
    outer loop
      vertex -9.821602252275119 -2.1227184203771663 13
      vertex -9.824262048593193 -1.919536554873813 13
      vertex -9.830383387374747 -2.089512492718481 13
    endloop
  endfacet
  facet normal 0 0 1
    outer loop
      vertex -9.830383387374747 -2.089512492718481 13
      vertex -9.832170944765299 -1.9529609670100136 13
      vertex -9.835867488837648 -2.0556057589262626 13
    endloop
  endfacet
  facet normal 0 0 1
    outer loop
      vertex -9.809608650670027 -2.154903750666759 13
      vertex -9.727512829572374 -2.2716383769876938 13
      vertex -9.807852804032304 -1.9509032201612824 13
    endloop
  endfacet
  facet normal 0 0 1
    outer loop
      vertex -9.821602252275119 -2.1227184203771663 13
      vertex -9.809608650670027 -2.154903750666759 13
      vertex -9.807852804032304 -1.9509032201612824 13
    endloop
  endfacet
  facet normal 0 0 1
    outer loop
      vertex -9.835867488837648 -2.0556057589262626 13
      vertex -9.836765592145829 -1.9869996388519109 13
      vertex -9.838001741768815 -2.021324759382236 13
    endloop
  endfacet
  facet normal 0 0 1
    outer loop
      vertex -9.835867488837648 -2.0556057589262626 13
      vertex -9.832170944765299 -1.9529609670100136 13
      vertex -9.836765592145829 -1.9869996388519109 13
    endloop
  endfacet
  facet normal 0 0 1
    outer loop
      vertex -9.821602252275119 -2.1227184203771663 13
      vertex -9.807852804032304 -1.9509032201612824 13
      vertex -9.824262048593193 -1.919536554873813 13
    endloop
  endfacet
  facet normal 0 0 1
    outer loop
      vertex -9.830383387374747 -2.089512492718481 13
      vertex -9.824262048593193 -1.919536554873813 13
      vertex -9.832170944765299 -1.9529609670100136 13
    endloop
  endfacet
  facet normal 0 0 1
    outer loop
      vertex -9.824262048593193 -1.919536554873813 13
      vertex -9.807852804032304 -1.9509032201612824 13
      vertex -9.816054138529518 -1.8956143139874293 13
    endloop
  endfacet
  facet normal 0 0 -1
    outer loop
      vertex -9.147215483439815 -4.147346254348293 1
      vertex -9.207244475491594 -3.8935429904048133 1
      vertex -9.126039617756343 -4.174389269673276 1
    endloop
  endfacet
  facet normal 0 0 -1
    outer loop
      vertex -9.207244475491594 -3.8935429904048133 1
      vertex -9.076270232695856 -4.2216186526028645 1
      vertex -9.10231504062604 -4.199226467689562 1
    endloop
  endfacet
  facet normal 0 0 -1
    outer loop
      vertex -9.207244475491594 -3.8935429904048133 1
      vertex -9.048156019703692 -4.241350175431653 1
      vertex -9.076270232695856 -4.2216186526028645 1
    endloop
  endfacet
  facet normal 0 0 -1
    outer loop
      vertex -9.126039617756343 -4.174389269673276 1
      vertex -9.207244475491594 -3.8935429904048133 1
      vertex -9.10231504062604 -4.199226467689562 1
    endloop
  endfacet
  facet normal 0 0 -1
    outer loop
      vertex -9.181131849308137 -4.087703262911791 1
      vertex -9.193545716349103 -4.055677681411981 1
      vertex -9.207244475491594 -3.8935429904048133 1
    endloop
  endfacet
  facet normal 0 0 -1
    outer loop
      vertex -9.193545716349103 -4.055677681411981 1
      vertex -9.202760751311207 -4.022589540092787 1
      vertex -9.207244475491594 -3.8935429904048133 1
    endloop
  endfacet
  facet normal 0 0 -1
    outer loop
      vertex -9.208688208370317 -3.988757495842932 1
      vertex -9.207244475491594 -3.8935429904048133 1
      vertex -9.202760751311207 -4.022589540092787 1
    endloop
  endfacet
  facet normal 0 0 -1
    outer loop
      vertex -9.208688208370317 -3.988757495842932 1
      vertex -9.211271002874673 -3.954507369743017 1
      vertex -9.210484261101302 -3.9201690092304102 1
    endloop
  endfacet
  facet normal 0 0 -1
    outer loop
      vertex -9.208688208370317 -3.988757495842932 1
      vertex -9.210484261101302 -3.9201690092304102 1
      vertex -9.207244475491594 -3.8935429904048133 1
    endloop
  endfacet
  facet normal 0 0 -1
    outer loop
      vertex -9.147215483439815 -4.147346254348293 1
      vertex -9.165638702514027 -4.118357860735412 1
      vertex -9.207244475491594 -3.8935429904048133 1
    endloop
  endfacet
  facet normal 0 0 -1
    outer loop
      vertex -9.165638702514027 -4.118357860735412 1
      vertex -9.181131849308137 -4.087703262911791 1
      vertex -9.207244475491594 -3.8935429904048133 1
    endloop
  endfacet
  facet normal 0 0 -1
    outer loop
      vertex -9.207244475491594 -3.8935429904048133 1
      vertex -9.040773445782623 -4.245516410402635 1
      vertex -9.048156019703692 -4.241350175431653 1
    endloop
  endfacet
  facet normal -0.9324026732697615 -0.3614211599773903 4.5404061364000694e-20
    outer loop
      vertex -9.181131849308137 -4.087703262911791 1
      vertex -9.193545716349103 -4.055677681411981 13
      vertex -9.193545716349103 -4.055677681411981 1
    endloop
  endfacet
  facet normal -0.7231178558631837 -0.6907246676728955 0
    outer loop
      vertex -9.126039617756343 -4.174389269673276 1
      vertex -9.10231504062604 -4.199226467689562 1
      vertex -9.126039617756343 -4.174389269673276 13
    endloop
  endfacet
  facet normal -0.7873387024194657 -0.6165206952507206 0
    outer loop
      vertex -9.147215483439815 -4.147346254348293 1
      vertex -9.126039617756343 -4.174389269673276 1
      vertex -9.147215483439815 -4.147346254348293 13
    endloop
  endfacet
  facet normal -0.8439770468682068 -0.5363792915089289 -2.5931815001475222e-20
    outer loop
      vertex -9.147215483439815 -4.147346254348293 1
      vertex -9.165638702514027 -4.118357860735412 13
      vertex -9.165638702514027 -4.118357860735412 1
    endloop
  endfacet
  facet normal -0.8924874309908323 -0.4510722619751566 2.4418712841068892e-20
    outer loop
      vertex -9.165638702514027 -4.118357860735412 1
      vertex -9.181131849308137 -4.087703262911791 13
      vertex -9.181131849308137 -4.087703262911791 1
    endloop
  endfacet
  facet normal -0.9633383681019868 -0.2682893746360465 1.5747617979613405e-20
    outer loop
      vertex -9.193545716349103 -4.055677681411981 1
      vertex -9.202760751311207 -4.022589540092787 13
      vertex -9.202760751311207 -4.022589540092787 1
    endloop
  endfacet
  facet normal -0.984996587835036 -0.17257381595519117 0
    outer loop
      vertex -9.208688208370317 -3.988757495842932 1
      vertex -9.202760751311207 -4.022589540092787 1
      vertex -9.208688208370317 -3.988757495842932 13
    endloop
  endfacet
  facet normal -0.9971687519733492 -0.07519627708811938 1.5840738731429933e-20
    outer loop
      vertex -9.208688208370317 -3.988757495842932 1
      vertex -9.211271002874673 -3.954507369743017 13
      vertex -9.211271002874673 -3.954507369743017 1
    endloop
  endfacet
  facet normal -0.9997376359222607 0.022905443033682152 -1.7833780908192772e-21
    outer loop
      vertex -9.211271002874673 -3.954507369743017 1
      vertex -9.210484261101302 -3.9201690092304102 13
      vertex -9.210484261101302 -3.9201690092304102 1
    endloop
  endfacet
  facet normal -0.9926784999250545 0.12078657121776237 2.0670307438700284e-20
    outer loop
      vertex -9.210484261101302 -3.9201690092304102 1
      vertex -9.207244475491594 -3.8935429904048133 13
      vertex -9.207244475491594 -3.8935429904048133 1
    endloop
  endfacet
  facet normal -0.5744696511866412 -0.8185258822208976 4.684257680295587e-20
    outer loop
      vertex -9.076270232695856 -4.2216186526028645 1
      vertex -9.048156019703692 -4.241350175431653 1
      vertex -9.048156019703692 -4.241350175431653 13
    endloop
  endfacet
  facet normal -0.4914738565366515 -0.8708923287875434 0
    outer loop
      vertex -9.048156019703692 -4.241350175431653 1
      vertex -9.040773445782623 -4.245516410402635 1
      vertex -9.048156019703692 -4.241350175431653 13
    endloop
  endfacet
  facet normal -0.6519329890587099 -0.7582765839566563 0
    outer loop
      vertex -9.076270232695856 -4.2216186526028645 1
      vertex -9.076270232695856 -4.2216186526028645 13
      vertex -9.10231504062604 -4.199226467689562 1
    endloop
  endfacet
  facet normal -0.7231178558631837 -0.6907246676728955 0
    outer loop
      vertex -9.10231504062604 -4.199226467689562 1
      vertex -9.10231504062604 -4.199226467689562 13
      vertex -9.126039617756343 -4.174389269673276 13
    endloop
  endfacet
  facet normal -0.7873387024194657 -0.6165206952507206 0
    outer loop
      vertex -9.126039617756343 -4.174389269673276 1
      vertex -9.126039617756343 -4.174389269673276 13
      vertex -9.147215483439815 -4.147346254348293 13
    endloop
  endfacet
  facet normal -0.8924874309908323 -0.4510722619751566 0
    outer loop
      vertex -9.165638702514027 -4.118357860735412 1
      vertex -9.165638702514027 -4.118357860735412 13
      vertex -9.181131849308137 -4.087703262911791 13
    endloop
  endfacet
  facet normal -0.8439770468682068 -0.5363792915089289 0
    outer loop
      vertex -9.147215483439815 -4.147346254348293 1
      vertex -9.147215483439815 -4.147346254348293 13
      vertex -9.165638702514027 -4.118357860735412 13
    endloop
  endfacet
  facet normal -0.9324026732697615 -0.3614211599773903 0
    outer loop
      vertex -9.181131849308137 -4.087703262911791 1
      vertex -9.181131849308137 -4.087703262911791 13
      vertex -9.193545716349103 -4.055677681411981 13
    endloop
  endfacet
  facet normal -0.9633383681019868 -0.2682893746360465 0
    outer loop
      vertex -9.193545716349103 -4.055677681411981 1
      vertex -9.193545716349103 -4.055677681411981 13
      vertex -9.202760751311207 -4.022589540092787 13
    endloop
  endfacet
  facet normal -0.984996587835036 -0.17257381595519117 0
    outer loop
      vertex -9.202760751311207 -4.022589540092787 1
      vertex -9.202760751311207 -4.022589540092787 13
      vertex -9.208688208370317 -3.988757495842932 13
    endloop
  endfacet
  facet normal -0.9971687519733492 -0.07519627708811938 0
    outer loop
      vertex -9.208688208370317 -3.988757495842932 1
      vertex -9.208688208370317 -3.988757495842932 13
      vertex -9.211271002874673 -3.954507369743017 13
    endloop
  endfacet
  facet normal -0.9997376359222607 0.022905443033682152 0
    outer loop
      vertex -9.211271002874673 -3.954507369743017 1
      vertex -9.211271002874673 -3.954507369743017 13
      vertex -9.210484261101302 -3.9201690092304102 13
    endloop
  endfacet
  facet normal -0.9926784999250545 0.12078657121776237 0
    outer loop
      vertex -9.210484261101302 -3.9201690092304102 1
      vertex -9.210484261101302 -3.9201690092304102 13
      vertex -9.207244475491594 -3.8935429904048133 13
    endloop
  endfacet
  facet normal -0.5744696511866412 -0.8185258822208976 0
    outer loop
      vertex -9.076270232695856 -4.2216186526028645 1
      vertex -9.048156019703692 -4.241350175431653 13
      vertex -9.076270232695856 -4.2216186526028645 13
    endloop
  endfacet
  facet normal -0.4914738565366515 -0.8708923287875434 0
    outer loop
      vertex -9.040773445782623 -4.245516410402635 1
      vertex -9.040773445782623 -4.245516410402635 13
      vertex -9.048156019703692 -4.241350175431653 13
    endloop
  endfacet
  facet normal -0.6519329890587099 -0.7582765839566563 0
    outer loop
      vertex -9.10231504062604 -4.199226467689562 1
      vertex -9.076270232695856 -4.2216186526028645 13
      vertex -9.10231504062604 -4.199226467689562 13
    endloop
  endfacet
  facet normal 0 0 1
    outer loop
      vertex -9.165638702514027 -4.118357860735412 13
      vertex -9.040773445782623 -4.245516410402635 13
      vertex -9.181131849308137 -4.087703262911791 13
    endloop
  endfacet
  facet normal 0 0 1
    outer loop
      vertex -9.147215483439815 -4.147346254348293 13
      vertex -9.040773445782623 -4.245516410402635 13
      vertex -9.165638702514027 -4.118357860735412 13
    endloop
  endfacet
  facet normal 0 0 1
    outer loop
      vertex -9.208688208370317 -3.988757495842932 13
      vertex -9.202760751311207 -4.022589540092787 13
      vertex -9.040773445782623 -4.245516410402635 13
    endloop
  endfacet
  facet normal 0 0 1
    outer loop
      vertex -9.181131849308137 -4.087703262911791 13
      vertex -9.040773445782623 -4.245516410402635 13
      vertex -9.193545716349103 -4.055677681411981 13
    endloop
  endfacet
  facet normal 0 0 1
    outer loop
      vertex -9.193545716349103 -4.055677681411981 13
      vertex -9.040773445782623 -4.245516410402635 13
      vertex -9.202760751311207 -4.022589540092787 13
    endloop
  endfacet
  facet normal 0 0 1
    outer loop
      vertex -9.208688208370317 -3.988757495842932 13
      vertex -9.210484261101302 -3.9201690092304102 13
      vertex -9.211271002874673 -3.954507369743017 13
    endloop
  endfacet
  facet normal 0 0 1
    outer loop
      vertex -9.208688208370317 -3.988757495842932 13
      vertex -9.040773445782623 -4.245516410402635 13
      vertex -9.210484261101302 -3.9201690092304102 13
    endloop
  endfacet
  facet normal 0 0 1
    outer loop
      vertex -9.210484261101302 -3.9201690092304102 13
      vertex -9.040773445782623 -4.245516410402635 13
      vertex -9.207244475491594 -3.8935429904048133 13
    endloop
  endfacet
  facet normal 0 0 1
    outer loop
      vertex -9.076270232695856 -4.2216186526028645 13
      vertex -9.040773445782623 -4.245516410402635 13
      vertex -9.10231504062604 -4.199226467689562 13
    endloop
  endfacet
  facet normal 0 0 1
    outer loop
      vertex -9.076270232695856 -4.2216186526028645 13
      vertex -9.048156019703692 -4.241350175431653 13
      vertex -9.040773445782623 -4.245516410402635 13
    endloop
  endfacet
  facet normal 0 0 1
    outer loop
      vertex -9.126039617756343 -4.174389269673276 13
      vertex -9.10231504062604 -4.199226467689562 13
      vertex -9.040773445782623 -4.245516410402635 13
    endloop
  endfacet
  facet normal 0 0 1
    outer loop
      vertex -9.147215483439815 -4.147346254348293 13
      vertex -9.126039617756343 -4.174389269673276 13
      vertex -9.040773445782623 -4.245516410402635 13
    endloop
  endfacet
  facet normal 0 0 -1
    outer loop
      vertex -8.197184120588886 -5.714148923443002 1
      vertex -8.149421880529218 -5.878497027919284 1
      vertex -8.165314956275767 -5.848047855375088 1
    endloop
  endfacet
  facet normal 0 0 -1
    outer loop
      vertex -8.178146961700397 -5.816187510083583 1
      vertex -8.197184120588886 -5.714148923443002 1
      vertex -8.165314956275767 -5.848047855375088 1
    endloop
  endfacet
  facet normal 0 0 -1
    outer loop
      vertex -8.187794317576175 -5.783222824586556 1
      vertex -8.197184120588886 -5.714148923443002 1
      vertex -8.178146961700397 -5.816187510083583 1
    endloop
  endfacet
  facet normal 0 0 -1
    outer loop
      vertex -8.187794317576175 -5.783222824586556 1
      vertex -8.194164114592242 -5.749471266825678 1
      vertex -8.197184120588886 -5.714148923443002 1
    endloop
  endfacet
  facet normal 0 0 -1
    outer loop
      vertex -8.194164114592242 -5.749471266825678 1
      vertex -8.197195008121243 -5.715257882752663 1
      vertex -8.197184120588886 -5.714148923443002 1
    endloop
  endfacet
  facet normal 0 0 -1
    outer loop
      vertex -8.197184120588886 -5.714148923443002 1
      vertex -8.085045106373519 -5.958529825539478 1
      vertex -8.109092759838898 -5.934005300505937 1
    endloop
  endfacet
  facet normal 0 0 -1
    outer loop
      vertex -8.197184120588886 -5.714148923443002 1
      vertex -8.05870942512074 -5.980579176057437 1
      vertex -8.085045106373519 -5.958529825539478 1
    endloop
  endfacet
  facet normal 0 0 -1
    outer loop
      vertex -8.197184120588886 -5.714148923443002 1
      vertex -8.03033934308757 -5.99994100476092 1
      vertex -8.05870942512074 -5.980579176057437 1
    endloop
  endfacet
  facet normal 0 0 -1
    outer loop
      vertex -8.197184120588886 -5.714148923443002 1
      vertex -8.130620793468221 -5.907241785539354 1
      vertex -8.149421880529218 -5.878497027919284 1
    endloop
  endfacet
  facet normal 0 0 -1
    outer loop
      vertex -8.197184120588886 -5.714148923443002 1
      vertex -8.109092759838898 -5.934005300505937 1
      vertex -8.130620793468221 -5.907241785539354 1
    endloop
  endfacet
  facet normal 0 0 -1
    outer loop
      vertex -8.197184120588886 -5.714148923443002 1
      vertex -8.000208079672658 -6.016428846655266 1
      vertex -8.03033934308757 -5.99994100476092 1
    endloop
  endfacet
  facet normal 0 0 -1
    outer loop
      vertex -8.197184120588886 -5.714148923443002 1
      vertex -7.968605815414113 -6.029883914809858 1
      vertex -8.000208079672658 -6.016428846655266 1
    endloop
  endfacet
  facet normal 0 0 -1
    outer loop
      vertex -8.197184120588886 -5.714148923443002 1
      vertex -7.961322403640311 -6.032171633915142 1
      vertex -7.968605815414113 -6.029883914809858 1
    endloop
  endfacet
  facet normal -0.9275919352556972 -0.37359497005258324 0
    outer loop
      vertex -8.178146961700397 -5.816187510083583 1
      vertex -8.165314956275767 -5.848047855375088 1
      vertex -8.178146961700397 -5.816187510083583 13
    endloop
  endfacet
  facet normal -0.9597440371568723 -0.2808760992712411 0
    outer loop
      vertex -8.187794317576175 -5.783222824586556 1
      vertex -8.178146961700397 -5.816187510083583 1
      vertex -8.187794317576175 -5.783222824586556 13
    endloop
  endfacet
  facet normal -0.9826532793307036 -0.18545223811163467 2.621894736961469e-21
    outer loop
      vertex -8.187794317576175 -5.783222824586556 1
      vertex -8.194164114592242 -5.749471266825678 13
      vertex -8.194164114592242 -5.749471266825678 1
    endloop
  endfacet
  facet normal -0.9960990332516875 -0.08824237052036689 1.4416503724284024e-20
    outer loop
      vertex -8.194164114592242 -5.749471266825678 1
      vertex -8.197195008121243 -5.715257882752663 13
      vertex -8.197195008121243 -5.715257882752663 1
    endloop
  endfacet
  facet normal -0.9999518089593262 0.00981731933732761 -3.986985675308247e-23
    outer loop
      vertex -8.197195008121243 -5.715257882752663 1
      vertex -8.197184120588886 -5.714148923443002 13
      vertex -8.197184120588886 -5.714148923443002 1
    endloop
  endfacet
  facet normal -0.714014598051261 -0.7001308118985309 -2.363681429871913e-20
    outer loop
      vertex -8.085045106373519 -5.958529825539478 1
      vertex -8.109092759838898 -5.934005300505937 13
      vertex -8.109092759838898 -5.934005300505937 1
    endloop
  endfacet
  facet normal -0.6419516025627421 -0.7667451597285289 0
    outer loop
      vertex -8.05870942512074 -5.980579176057437 1
      vertex -8.05870942512074 -5.980579176057437 13
      vertex -8.085045106373519 -5.958529825539478 1
    endloop
  endfacet
  facet normal -0.5637062622149607 -0.8259753325249115 -3.537916255017306e-20
    outer loop
      vertex -8.05870942512074 -5.980579176057437 1
      vertex -8.03033934308757 -5.99994100476092 1
      vertex -8.03033934308757 -5.99994100476092 13
    endloop
  endfacet
  facet normal -0.4800321224090313 -0.8772509113449132 7.679846046977854e-20
    outer loop
      vertex -8.03033934308757 -5.99994100476092 1
      vertex -8.000208079672658 -6.016428846655266 1
      vertex -8.000208079672658 -6.016428846655266 13
    endloop
  endfacet
  facet normal -0.39173501085197227 -0.9200780843345879 6.085731236462615e-21
    outer loop
      vertex -8.000208079672658 -6.016428846655266 1
      vertex -7.968605815414113 -6.029883914809858 1
      vertex -7.968605815414113 -6.029883914809858 13
    endloop
  endfacet
  facet normal -0.29966527699621603 -0.9540444024062931 0
    outer loop
      vertex -7.968605815414113 -6.029883914809858 1
      vertex -7.961322403640311 -6.032171633915142 1
      vertex -7.968605815414113 -6.029883914809858 13
    endloop
  endfacet
  facet normal -0.836883753308391 -0.5473806568088244 -1.28629314580034e-19
    outer loop
      vertex -8.130620793468221 -5.907241785539354 1
      vertex -8.149421880529218 -5.878497027919284 13
      vertex -8.149421880529218 -5.878497027919284 1
    endloop
  endfacet
  facet normal -0.7792012426405085 -0.6267738216194798 0
    outer loop
      vertex -8.130620793468221 -5.907241785539354 1
      vertex -8.109092759838898 -5.934005300505937 1
      vertex -8.130620793468221 -5.907241785539354 13
    endloop
  endfacet
  facet normal -0.8865066159447833 -0.4627159170442794 2.6155288884248655e-20
    outer loop
      vertex -8.149421880529218 -5.878497027919284 1
      vertex -8.165314956275767 -5.848047855375088 13
      vertex -8.165314956275767 -5.848047855375088 1
    endloop
  endfacet
  facet normal -0.9275919352556972 -0.37359497005258324 0
    outer loop
      vertex -8.165314956275767 -5.848047855375088 1
      vertex -8.165314956275767 -5.848047855375088 13
      vertex -8.178146961700397 -5.816187510083583 13
    endloop
  endfacet
  facet normal -0.9597440371568723 -0.2808760992712411 0
    outer loop
      vertex -8.178146961700397 -5.816187510083583 1
      vertex -8.178146961700397 -5.816187510083583 13
      vertex -8.187794317576175 -5.783222824586556 13
    endloop
  endfacet
  facet normal -0.9826532793307036 -0.18545223811163467 0
    outer loop
      vertex -8.187794317576175 -5.783222824586556 1
      vertex -8.187794317576175 -5.783222824586556 13
      vertex -8.194164114592242 -5.749471266825678 13
    endloop
  endfacet
  facet normal -0.9960990332516875 -0.08824237052036689 0
    outer loop
      vertex -8.194164114592242 -5.749471266825678 1
      vertex -8.194164114592242 -5.749471266825678 13
      vertex -8.197195008121243 -5.715257882752663 13
    endloop
  endfacet
  facet normal -0.9999518089593262 0.00981731933732761 0
    outer loop
      vertex -8.197195008121243 -5.715257882752663 1
      vertex -8.197195008121243 -5.715257882752663 13
      vertex -8.197184120588886 -5.714148923443002 13
    endloop
  endfacet
  facet normal -0.714014598051261 -0.7001308118985309 0
    outer loop
      vertex -8.085045106373519 -5.958529825539478 1
      vertex -8.085045106373519 -5.958529825539478 13
      vertex -8.109092759838898 -5.934005300505937 13
    endloop
  endfacet
  facet normal -0.5637062622149607 -0.8259753325249115 0
    outer loop
      vertex -8.05870942512074 -5.980579176057437 1
      vertex -8.03033934308757 -5.99994100476092 13
      vertex -8.05870942512074 -5.980579176057437 13
    endloop
  endfacet
  facet normal -0.6419516025627421 -0.7667451597285289 0
    outer loop
      vertex -8.085045106373519 -5.958529825539478 1
      vertex -8.05870942512074 -5.980579176057437 13
      vertex -8.085045106373519 -5.958529825539478 13
    endloop
  endfacet
  facet normal -0.4800321224090313 -0.8772509113449132 0
    outer loop
      vertex -8.03033934308757 -5.99994100476092 1
      vertex -8.000208079672658 -6.016428846655266 13
      vertex -8.03033934308757 -5.99994100476092 13
    endloop
  endfacet
  facet normal -0.39173501085197227 -0.9200780843345879 0
    outer loop
      vertex -8.000208079672658 -6.016428846655266 1
      vertex -7.968605815414113 -6.029883914809858 13
      vertex -8.000208079672658 -6.016428846655266 13
    endloop
  endfacet
  facet normal -0.29966527699621603 -0.9540444024062931 0
    outer loop
      vertex -7.961322403640311 -6.032171633915142 1
      vertex -7.961322403640311 -6.032171633915142 13
      vertex -7.968605815414113 -6.029883914809858 13
    endloop
  endfacet
  facet normal -0.8865066159447833 -0.4627159170442794 0
    outer loop
      vertex -8.149421880529218 -5.878497027919284 1
      vertex -8.149421880529218 -5.878497027919284 13
      vertex -8.165314956275767 -5.848047855375088 13
    endloop
  endfacet
  facet normal -0.836883753308391 -0.5473806568088244 0
    outer loop
      vertex -8.130620793468221 -5.907241785539354 1
      vertex -8.130620793468221 -5.907241785539354 13
      vertex -8.149421880529218 -5.878497027919284 13
    endloop
  endfacet
  facet normal -0.7792012426405085 -0.6267738216194798 0
    outer loop
      vertex -8.109092759838898 -5.934005300505937 1
      vertex -8.109092759838898 -5.934005300505937 13
      vertex -8.130620793468221 -5.907241785539354 13
    endloop
  endfacet
  facet normal 0 0 1
    outer loop
      vertex -7.961322403640311 -6.032171633915142 13
      vertex -8.149421880529218 -5.878497027919284 13
      vertex -8.130620793468221 -5.907241785539354 13
    endloop
  endfacet
  facet normal 0 0 1
    outer loop
      vertex -8.085045106373519 -5.958529825539478 13
      vertex -7.961322403640311 -6.032171633915142 13
      vertex -8.109092759838898 -5.934005300505937 13
    endloop
  endfacet
  facet normal 0 0 1
    outer loop
      vertex -7.961322403640311 -6.032171633915142 13
      vertex -8.130620793468221 -5.907241785539354 13
      vertex -8.109092759838898 -5.934005300505937 13
    endloop
  endfacet
  facet normal 0 0 1
    outer loop
      vertex -8.05870942512074 -5.980579176057437 13
      vertex -7.961322403640311 -6.032171633915142 13
      vertex -8.085045106373519 -5.958529825539478 13
    endloop
  endfacet
  facet normal 0 0 1
    outer loop
      vertex -8.05870942512074 -5.980579176057437 13
      vertex -8.03033934308757 -5.99994100476092 13
      vertex -7.961322403640311 -6.032171633915142 13
    endloop
  endfacet
  facet normal 0 0 1
    outer loop
      vertex -8.03033934308757 -5.99994100476092 13
      vertex -8.000208079672658 -6.016428846655266 13
      vertex -7.961322403640311 -6.032171633915142 13
    endloop
  endfacet
  facet normal 0 0 1
    outer loop
      vertex -8.000208079672658 -6.016428846655266 13
      vertex -7.968605815414113 -6.029883914809858 13
      vertex -7.961322403640311 -6.032171633915142 13
    endloop
  endfacet
  facet normal 0 0 1
    outer loop
      vertex -7.961322403640311 -6.032171633915142 13
      vertex -8.165314956275767 -5.848047855375088 13
      vertex -8.149421880529218 -5.878497027919284 13
    endloop
  endfacet
  facet normal 0 0 1
    outer loop
      vertex -8.178146961700397 -5.816187510083583 13
      vertex -8.165314956275767 -5.848047855375088 13
      vertex -7.961322403640311 -6.032171633915142 13
    endloop
  endfacet
  facet normal 0 0 1
    outer loop
      vertex -8.187794317576175 -5.783222824586556 13
      vertex -8.178146961700397 -5.816187510083583 13
      vertex -7.961322403640311 -6.032171633915142 13
    endloop
  endfacet
  facet normal 0 0 1
    outer loop
      vertex -8.187794317576175 -5.783222824586556 13
      vertex -7.961322403640311 -6.032171633915142 13
      vertex -8.194164114592242 -5.749471266825678 13
    endloop
  endfacet
  facet normal 0 0 1
    outer loop
      vertex -8.197195008121243 -5.715257882752663 13
      vertex -7.961322403640311 -6.032171633915142 13
      vertex -8.197184120588886 -5.714148923443002 13
    endloop
  endfacet
  facet normal 0 0 1
    outer loop
      vertex -8.194164114592242 -5.749471266825678 13
      vertex -7.961322403640311 -6.032171633915142 13
      vertex -8.197195008121243 -5.715257882752663 13
    endloop
  endfacet
  facet normal 0 0 -1
    outer loop
      vertex -6.790181449701095 -7.389422220969434 1
      vertex -6.831015657387615 -7.288638402493431 1
      vertex -6.7710057161227954 -7.417918417330453 1
    endloop
  endfacet
  facet normal 0 0 -1
    outer loop
      vertex -6.8064717312033745 -7.359183691013627 1
      vertex -6.831015657387615 -7.288638402493431 1
      vertex -6.790181449701095 -7.389422220969434 1
    endloop
  endfacet
  facet normal 0 0 -1
    outer loop
      vertex -6.7710057161227954 -7.417918417330453 1
      vertex -6.831015657387615 -7.288638402493431 1
      vertex -6.74912920326536 -7.444397846148128 1
    endloop
  endfacet
  facet normal 0 0 -1
    outer loop
      vertex -6.831015657387615 -7.288638402493431 1
      vertex -6.724762593906525 -7.468605496047811 1
      vertex -6.74912920326536 -7.444397846148128 1
    endloop
  endfacet
  facet normal 0 0 -1
    outer loop
      vertex -6.8064717312033745 -7.359183691013627 1
      vertex -6.819719676313599 -7.327494041036571 1
      vertex -6.831015657387615 -7.288638402493431 1
    endloop
  endfacet
  facet normal 0 0 -1
    outer loop
      vertex -6.831015657387615 -7.288638402493431 1
      vertex -6.819719676313599 -7.327494041036571 1
      vertex -6.829797700078289 -7.294658459690871 1
    endloop
  endfacet
  facet normal 0 0 -1
    outer loop
      vertex -6.669519461807893 -7.509297051156231 1
      vertex -6.698140551814557 -7.490308234127724 1
      vertex -6.831015657387615 -7.288638402493431 1
    endloop
  endfacet
  facet normal 0 0 -1
    outer loop
      vertex -6.669519461807893 -7.509297051156231 1
      vertex -6.831015657387615 -7.288638402493431 1
      vertex -6.639174960629175 -7.525389074445008 1
    endloop
  endfacet
  facet normal 0 0 -1
    outer loop
      vertex -6.639174960629175 -7.525389074445008 1
      vertex -6.831015657387615 -7.288638402493431 1
      vertex -6.607399282412744 -7.5384293290129865 1
    endloop
  endfacet
  facet normal 0 0 -1
    outer loop
      vertex -6.831015657387615 -7.288638402493431 1
      vertex -6.698140551814557 -7.490308234127724 1
      vertex -6.724762593906525 -7.468605496047811 1
    endloop
  endfacet
  facet normal 0 0 -1
    outer loop
      vertex -6.574498444310181 -7.548292230080149 1
      vertex -6.831015657387615 -7.288638402493431 1
      vertex -6.540789299377837 -7.554882792517609 1
    endloop
  endfacet
  facet normal 0 0 -1
    outer loop
      vertex -6.540789299377837 -7.554882792517609 1
      vertex -6.831015657387615 -7.288638402493431 1
      vertex -6.536846111588659 -7.555258137539964 1
    endloop
  endfacet
  facet normal 0 0 -1
    outer loop
      vertex -6.607399282412744 -7.5384293290129865 1
      vertex -6.831015657387615 -7.288638402493431 1
      vertex -6.574498444310181 -7.548292230080149 1
    endloop
  endfacet
  facet normal -0.5528462850773151 -0.8332832562077629 0
    outer loop
      vertex -6.669519461807893 -7.509297051156231 1
      vertex -6.669519461807893 -7.509297051156231 13
      vertex -6.698140551814557 -7.490308234127724 1
    endloop
  endfacet
  facet normal -0.46850813724846196 -0.8834591814747167 5.786216885000915e-20
    outer loop
      vertex -6.669519461807893 -7.509297051156231 1
      vertex -6.639174960629175 -7.525389074445008 1
      vertex -6.639174960629175 -7.525389074445008 13
    endloop
  endfacet
  facet normal -0.3796579999452268 -0.9251269118761978 1.963822159475353e-20
    outer loop
      vertex -6.639174960629175 -7.525389074445008 1
      vertex -6.607399282412744 -7.5384293290129865 1
      vertex -6.607399282412744 -7.5384293290129865 13
    endloop
  endfacet
  facet normal -0.2871515485603916 -0.957885164390476 6.70744534922658e-21
    outer loop
      vertex -6.607399282412744 -7.5384293290129865 1
      vertex -6.574498444310181 -7.548292230080149 1
      vertex -6.574498444310181 -7.548292230080149 13
    endloop
  endfacet
  facet normal -0.19187967078991341 -0.9814184591383812 -3.692773851494123e-21
    outer loop
      vertex -6.574498444310181 -7.548292230080149 1
      vertex -6.540789299377837 -7.554882792517609 1
      vertex -6.540789299377837 -7.554882792517609 13
    endloop
  endfacet
  facet normal -0.09475988689760581 -0.995500157626885 0
    outer loop
      vertex -6.540789299377837 -7.554882792517609 1
      vertex -6.536846111588659 -7.555258137539964 1
      vertex -6.540789299377837 -7.554882792517609 13
    endloop
  endfacet
  facet normal -0.7709302707400276 -0.6369195535204644 0
    outer loop
      vertex -6.7710057161227954 -7.417918417330453 1
      vertex -6.74912920326536 -7.444397846148128 1
      vertex -6.7710057161227954 -7.417918417330453 13
    endloop
  endfacet
  facet normal -0.8803739025537863 -0.4742802881231903 0
    outer loop
      vertex -6.8064717312033745 -7.359183691013627 1
      vertex -6.790181449701095 -7.389422220969434 1
      vertex -6.8064717312033745 -7.359183691013627 13
    endloop
  endfacet
  facet normal -0.8296470640257663 -0.5582882312510501 0
    outer loop
      vertex -6.790181449701095 -7.389422220969434 1
      vertex -6.7710057161227954 -7.417918417330453 1
      vertex -6.790181449701095 -7.389422220969434 13
    endloop
  endfacet
  facet normal -0.9226222591388075 -0.3857047665528692 4.4286554587493656e-20
    outer loop
      vertex -6.8064717312033745 -7.359183691013627 1
      vertex -6.819719676313599 -7.327494041036571 13
      vertex -6.819719676313599 -7.327494041036571 1
    endloop
  endfacet
  facet normal -0.955985259011743 -0.2934146972328594 -3.5792781347500035e-20
    outer loop
      vertex -6.819719676313599 -7.327494041036571 1
      vertex -6.829797700078289 -7.294658459690871 13
      vertex -6.829797700078289 -7.294658459690871 1
    endloop
  endfacet
  facet normal -0.9801415982456904 -0.1982988839816897 0
    outer loop
      vertex -6.831015657387615 -7.288638402493431 1
      vertex -6.829797700078289 -7.294658459690871 1
      vertex -6.831015657387615 -7.288638402493431 13
    endloop
  endfacet
  facet normal -0.7047889975136711 -0.709416992313882 0
    outer loop
      vertex -6.724762593906525 -7.468605496047811 1
      vertex -6.724762593906525 -7.468605496047811 13
      vertex -6.74912920326536 -7.444397846148128 1
    endloop
  endfacet
  facet normal -0.6318602209644143 -0.7750823576645269 4.1073003905807545e-20
    outer loop
      vertex -6.724762593906525 -7.468605496047811 1
      vertex -6.698140551814557 -7.490308234127724 1
      vertex -6.698140551814557 -7.490308234127724 13
    endloop
  endfacet
  facet normal -0.46850813724846196 -0.8834591814747167 0
    outer loop
      vertex -6.669519461807893 -7.509297051156231 1
      vertex -6.639174960629175 -7.525389074445008 13
      vertex -6.669519461807893 -7.509297051156231 13
    endloop
  endfacet
  facet normal -0.2871515485603916 -0.957885164390476 0
    outer loop
      vertex -6.607399282412744 -7.5384293290129865 1
      vertex -6.574498444310181 -7.548292230080149 13
      vertex -6.607399282412744 -7.5384293290129865 13
    endloop
  endfacet
  facet normal -0.3796579999452268 -0.9251269118761978 0
    outer loop
      vertex -6.639174960629175 -7.525389074445008 1
      vertex -6.607399282412744 -7.5384293290129865 13
      vertex -6.639174960629175 -7.525389074445008 13
    endloop
  endfacet
  facet normal -0.19187967078991341 -0.9814184591383812 0
    outer loop
      vertex -6.574498444310181 -7.548292230080149 1
      vertex -6.540789299377837 -7.554882792517609 13
      vertex -6.574498444310181 -7.548292230080149 13
    endloop
  endfacet
  facet normal -0.09475988689760581 -0.995500157626885 0
    outer loop
      vertex -6.536846111588659 -7.555258137539964 1
      vertex -6.536846111588659 -7.555258137539964 13
      vertex -6.540789299377837 -7.554882792517609 13
    endloop
  endfacet
  facet normal -0.7709302707400276 -0.6369195535204644 0
    outer loop
      vertex -6.74912920326536 -7.444397846148128 1
      vertex -6.74912920326536 -7.444397846148128 13
      vertex -6.7710057161227954 -7.417918417330453 13
    endloop
  endfacet
  facet normal -0.8803739025537863 -0.4742802881231903 0
    outer loop
      vertex -6.790181449701095 -7.389422220969434 1
      vertex -6.790181449701095 -7.389422220969434 13
      vertex -6.8064717312033745 -7.359183691013627 13
    endloop
  endfacet
  facet normal -0.9226222591388075 -0.3857047665528692 0
    outer loop
      vertex -6.8064717312033745 -7.359183691013627 1
      vertex -6.8064717312033745 -7.359183691013627 13
      vertex -6.819719676313599 -7.327494041036571 13
    endloop
  endfacet
  facet normal -0.8296470640257663 -0.5582882312510501 0
    outer loop
      vertex -6.7710057161227954 -7.417918417330453 1
      vertex -6.7710057161227954 -7.417918417330453 13
      vertex -6.790181449701095 -7.389422220969434 13
    endloop
  endfacet
  facet normal -0.955985259011743 -0.2934146972328594 0
    outer loop
      vertex -6.819719676313599 -7.327494041036571 1
      vertex -6.819719676313599 -7.327494041036571 13
      vertex -6.829797700078289 -7.294658459690871 13
    endloop
  endfacet
  facet normal -0.9801415982456904 -0.1982988839816897 0
    outer loop
      vertex -6.829797700078289 -7.294658459690871 1
      vertex -6.829797700078289 -7.294658459690871 13
      vertex -6.831015657387615 -7.288638402493431 13
    endloop
  endfacet
  facet normal -0.6318602209644143 -0.7750823576645269 0
    outer loop
      vertex -6.724762593906525 -7.468605496047811 1
      vertex -6.698140551814557 -7.490308234127724 13
      vertex -6.724762593906525 -7.468605496047811 13
    endloop
  endfacet
  facet normal -0.7047889975136711 -0.709416992313882 0
    outer loop
      vertex -6.74912920326536 -7.444397846148128 1
      vertex -6.724762593906525 -7.468605496047811 13
      vertex -6.74912920326536 -7.444397846148128 13
    endloop
  endfacet
  facet normal -0.5528462850773151 -0.8332832562077629 0
    outer loop
      vertex -6.698140551814557 -7.490308234127724 1
      vertex -6.669519461807893 -7.509297051156231 13
      vertex -6.698140551814557 -7.490308234127724 13
    endloop
  endfacet
  facet normal 0 0 1
    outer loop
      vertex -6.669519461807893 -7.509297051156231 13
      vertex -6.536846111588659 -7.555258137539964 13
      vertex -6.698140551814557 -7.490308234127724 13
    endloop
  endfacet
  facet normal 0 0 1
    outer loop
      vertex -6.536846111588659 -7.555258137539964 13
      vertex -6.724762593906525 -7.468605496047811 13
      vertex -6.698140551814557 -7.490308234127724 13
    endloop
  endfacet
  facet normal 0 0 1
    outer loop
      vertex -6.669519461807893 -7.509297051156231 13
      vertex -6.639174960629175 -7.525389074445008 13
      vertex -6.536846111588659 -7.555258137539964 13
    endloop
  endfacet
  facet normal 0 0 1
    outer loop
      vertex -6.639174960629175 -7.525389074445008 13
      vertex -6.607399282412744 -7.5384293290129865 13
      vertex -6.536846111588659 -7.555258137539964 13
    endloop
  endfacet
  facet normal 0 0 1
    outer loop
      vertex -6.607399282412744 -7.5384293290129865 13
      vertex -6.574498444310181 -7.548292230080149 13
      vertex -6.536846111588659 -7.555258137539964 13
    endloop
  endfacet
  facet normal 0 0 1
    outer loop
      vertex -6.574498444310181 -7.548292230080149 13
      vertex -6.540789299377837 -7.554882792517609 13
      vertex -6.536846111588659 -7.555258137539964 13
    endloop
  endfacet
  facet normal 0 0 1
    outer loop
      vertex -6.536846111588659 -7.555258137539964 13
      vertex -6.7710057161227954 -7.417918417330453 13
      vertex -6.74912920326536 -7.444397846148128 13
    endloop
  endfacet
  facet normal 0 0 1
    outer loop
      vertex -6.536846111588659 -7.555258137539964 13
      vertex -6.790181449701095 -7.389422220969434 13
      vertex -6.7710057161227954 -7.417918417330453 13
    endloop
  endfacet
  facet normal 0 0 1
    outer loop
      vertex -6.536846111588659 -7.555258137539964 13
      vertex -6.8064717312033745 -7.359183691013627 13
      vertex -6.790181449701095 -7.389422220969434 13
    endloop
  endfacet
  facet normal 0 0 1
    outer loop
      vertex -6.536846111588659 -7.555258137539964 13
      vertex -6.819719676313599 -7.327494041036571 13
      vertex -6.8064717312033745 -7.359183691013627 13
    endloop
  endfacet
  facet normal 0 0 1
    outer loop
      vertex -6.536846111588659 -7.555258137539964 13
      vertex -6.829797700078289 -7.294658459690871 13
      vertex -6.819719676313599 -7.327494041036571 13
    endloop
  endfacet
  facet normal 0 0 1
    outer loop
      vertex -6.536846111588659 -7.555258137539964 13
      vertex -6.831015657387615 -7.288638402493431 13
      vertex -6.829797700078289 -7.294658459690871 13
    endloop
  endfacet
  facet normal 0 0 1
    outer loop
      vertex -6.536846111588659 -7.555258137539964 13
      vertex -6.74912920326536 -7.444397846148128 13
      vertex -6.724762593906525 -7.468605496047811 13
    endloop
  endfacet
  facet normal 0 0 -1
    outer loop
      vertex -5.105452425444242 -8.639703722417059 1
      vertex -5.127673669101932 -8.613512916862106 1
      vertex -5.1672541287476506 -8.547523014903836 1
    endloop
  endfacet
  facet normal 0 0 -1
    outer loop
      vertex -5.105452425444242 -8.639703722417059 1
      vertex -5.1672541287476506 -8.547523014903836 1
      vertex -5.080771035285023 -8.663590349326697 1
    endloop
  endfacet
  facet normal 0 0 -1
    outer loop
      vertex -5.053867193903731 -8.684942756316119 1
      vertex -5.1672541287476506 -8.547523014903836 1
      vertex -5.0249999999999995 -8.703555308033607 1
    endloop
  endfacet
  facet normal 0 0 -1
    outer loop
      vertex -5.053867193903731 -8.684942756316119 1
      vertex -5.080771035285023 -8.663590349326697 1
      vertex -5.1672541287476506 -8.547523014903836 1
    endloop
  endfacet
  facet normal 0 0 -1
    outer loop
      vertex -5.1672541287476506 -8.547523014903836 1
      vertex -4.994447460431537 -8.719248755431465 1
      vertex -5.0249999999999995 -8.703555308033607 1
    endloop
  endfacet
  facet normal 0 0 -1
    outer loop
      vertex -5.1672541287476506 -8.547523014903836 1
      vertex -4.962503812856106 -8.73187196203234 1
      vertex -4.994447460431537 -8.719248755431465 1
    endloop
  endfacet
  facet normal 0 0 -1
    outer loop
      vertex -5.127673669101932 -8.613512916862106 1
      vertex -5.147220763534302 -8.585270164436682 1
      vertex -5.1672541287476506 -8.547523014903836 1
    endloop
  endfacet
  facet normal 0 0 -1
    outer loop
      vertex -5.163905459536441 -8.555247458285704 1
      vertex -5.1672541287476506 -8.547523014903836 1
      vertex -5.147220763534302 -8.585270164436682 1
    endloop
  endfacet
  facet normal -0.8222682189897754 -0.5691001458788978 8.369383657110307e-20
    outer loop
      vertex -5.127673669101932 -8.613512916862106 1
      vertex -5.147220763534302 -8.585270164436682 13
      vertex -5.147220763534302 -8.585270164436682 1
    endloop
  endfacet
  facet normal -0.762527203906385 -0.6469561525348609 -9.80441487679702e-20
    outer loop
      vertex -5.105452425444242 -8.639703722417059 1
      vertex -5.127673669101932 -8.613512916862106 13
      vertex -5.127673669101932 -8.613512916862106 1
    endloop
  endfacet
  facet normal -0.6216605733700664 -0.7832867492286589 0
    outer loop
      vertex -5.053867193903731 -8.684942756316119 1
      vertex -5.053867193903731 -8.684942756316119 13
      vertex -5.080771035285023 -8.663590349326697 1
    endloop
  endfacet
  facet normal -0.5418915805747543 -0.8404484010944364 -8.047259289272825e-20
    outer loop
      vertex -5.053867193903731 -8.684942756316119 1
      vertex -5.0249999999999995 -8.703555308033607 1
      vertex -5.0249999999999995 -8.703555308033607 13
    endloop
  endfacet
  facet normal -0.695442635009618 -0.718581617779692 -4.4960190758848374e-21
    outer loop
      vertex -5.105452425444242 -8.639703722417059 1
      vertex -5.080771035285023 -8.663590349326697 1
      vertex -5.080771035285023 -8.663590349326697 13
    endloop
  endfacet
  facet normal -0.8740903416267589 -0.48576339371633986 0
    outer loop
      vertex -5.163905459536441 -8.555247458285704 1
      vertex -5.147220763534302 -8.585270164436682 1
      vertex -5.163905459536441 -8.555247458285704 13
    endloop
  endfacet
  facet normal -0.9174944964474866 -0.3977484745270217 1.122256113246125e-20
    outer loop
      vertex -5.163905459536441 -8.555247458285704 1
      vertex -5.1672541287476506 -8.547523014903836 13
      vertex -5.1672541287476506 -8.547523014903836 1
    endloop
  endfacet
  facet normal 0 0 -1
    outer loop
      vertex -5.1672541287476506 -8.547523014903836 1
      vertex -4.929476692062031 -8.74130335945612 1
      vertex -4.962503812856106 -8.73187196203234 1
    endloop
  endfacet
  facet normal 0 0 -1
    outer loop
      vertex -5.1672541287476506 -8.547523014903836 1
      vertex -4.895684167277017 -8.747452118189887 1
      vertex -4.929476692062031 -8.74130335945612 1
    endloop
  endfacet
  facet normal 0 0 -1
    outer loop
      vertex -5.1672541287476506 -8.547523014903836 1
      vertex -4.861451678987621 -8.750259022325782 1
      vertex -4.895684167277017 -8.747452118189887 1
    endloop
  endfacet
  facet normal 0 0 -1
    outer loop
      vertex -5.1672541287476506 -8.547523014903836 1
      vertex -4.829871717078891 -8.74974225028807 1
      vertex -4.861451678987621 -8.750259022325782 1
    endloop
  endfacet
  facet normal 0.016361731626509245 -0.9998661379095614 0
    outer loop
      vertex -4.861451678987621 -8.750259022325782 1
      vertex -4.829871717078891 -8.74974225028807 1
      vertex -4.861451678987621 -8.750259022325782 13
    endloop
  endfacet
  facet normal -0.4569038756304192 -0.8895160754218567 0
    outer loop
      vertex -4.994447460431537 -8.719248755431465 1
      vertex -4.994447460431537 -8.719248755431465 13
      vertex -5.0249999999999995 -8.703555308033607 1
    endloop
  endfacet
  facet normal -0.3675159365946848 -0.9300172236840195 1.5214396502610454e-20
    outer loop
      vertex -4.994447460431537 -8.719248755431465 1
      vertex -4.962503812856106 -8.73187196203234 1
      vertex -4.962503812856106 -8.73187196203234 13
    endloop
  endfacet
  facet normal -0.2745886181849539 -0.9615617976829557 3.472429416491203e-20
    outer loop
      vertex -4.962503812856106 -8.73187196203234 1
      vertex -4.929476692062031 -8.74130335945612 1
      vertex -4.929476692062031 -8.74130335945612 13
    endloop
  endfacet
  facet normal -0.17901686127662966 -0.9838460059270779 -1.6379135018979874e-20
    outer loop
      vertex -4.929476692062031 -8.74130335945612 1
      vertex -4.895684167277017 -8.747452118189887 1
      vertex -4.895684167277017 -8.747452118189887 13
    endloop
  endfacet
  facet normal -0.08172107413367972 -0.9966552393091793 0
    outer loop
      vertex -4.861451678987621 -8.750259022325782 1
      vertex -4.861451678987621 -8.750259022325782 13
      vertex -4.895684167277017 -8.747452118189887 1
    endloop
  endfacet
  facet normal -0.8222682189897754 -0.5691001458788978 0
    outer loop
      vertex -5.127673669101932 -8.613512916862106 1
      vertex -5.127673669101932 -8.613512916862106 13
      vertex -5.147220763534302 -8.585270164436682 13
    endloop
  endfacet
  facet normal -0.762527203906385 -0.6469561525348609 0
    outer loop
      vertex -5.105452425444242 -8.639703722417059 1
      vertex -5.105452425444242 -8.639703722417059 13
      vertex -5.127673669101932 -8.613512916862106 13
    endloop
  endfacet
  facet normal -0.5418915805747543 -0.8404484010944364 0
    outer loop
      vertex -5.053867193903731 -8.684942756316119 1
      vertex -5.0249999999999995 -8.703555308033607 13
      vertex -5.053867193903731 -8.684942756316119 13
    endloop
  endfacet
  facet normal -0.695442635009618 -0.718581617779692 0
    outer loop
      vertex -5.105452425444242 -8.639703722417059 1
      vertex -5.080771035285023 -8.663590349326697 13
      vertex -5.105452425444242 -8.639703722417059 13
    endloop
  endfacet
  facet normal -0.6216605733700664 -0.7832867492286589 0
    outer loop
      vertex -5.080771035285023 -8.663590349326697 1
      vertex -5.053867193903731 -8.684942756316119 13
      vertex -5.080771035285023 -8.663590349326697 13
    endloop
  endfacet
  facet normal -0.8740903416267589 -0.48576339371633986 0
    outer loop
      vertex -5.147220763534302 -8.585270164436682 1
      vertex -5.147220763534302 -8.585270164436682 13
      vertex -5.163905459536441 -8.555247458285704 13
    endloop
  endfacet
  facet normal -0.9174944964474866 -0.3977484745270217 0
    outer loop
      vertex -5.163905459536441 -8.555247458285704 1
      vertex -5.163905459536441 -8.555247458285704 13
      vertex -5.1672541287476506 -8.547523014903836 13
    endloop
  endfacet
  facet normal 0 0 1
    outer loop
      vertex -5.127673669101932 -8.613512916862106 13
      vertex -4.829871717078891 -8.74974225028807 13
      vertex -5.147220763534302 -8.585270164436682 13
    endloop
  endfacet
  facet normal 0 0 1
    outer loop
      vertex -5.163905459536441 -8.555247458285704 13
      vertex -4.829871717078891 -8.74974225028807 13
      vertex -5.1672541287476506 -8.547523014903836 13
    endloop
  endfacet
  facet normal 0 0 1
    outer loop
      vertex -5.163905459536441 -8.555247458285704 13
      vertex -5.147220763534302 -8.585270164436682 13
      vertex -4.829871717078891 -8.74974225028807 13
    endloop
  endfacet
  facet normal -0.4569038756304192 -0.8895160754218567 0
    outer loop
      vertex -5.0249999999999995 -8.703555308033607 1
      vertex -4.994447460431537 -8.719248755431465 13
      vertex -5.0249999999999995 -8.703555308033607 13
    endloop
  endfacet
  facet normal -0.3675159365946848 -0.9300172236840195 0
    outer loop
      vertex -4.994447460431537 -8.719248755431465 1
      vertex -4.962503812856106 -8.73187196203234 13
      vertex -4.994447460431537 -8.719248755431465 13
    endloop
  endfacet
  facet normal -0.2745886181849539 -0.9615617976829557 0
    outer loop
      vertex -4.962503812856106 -8.73187196203234 1
      vertex -4.929476692062031 -8.74130335945612 13
      vertex -4.962503812856106 -8.73187196203234 13
    endloop
  endfacet
  facet normal -0.17901686127662966 -0.9838460059270779 0
    outer loop
      vertex -4.929476692062031 -8.74130335945612 1
      vertex -4.895684167277017 -8.747452118189887 13
      vertex -4.929476692062031 -8.74130335945612 13
    endloop
  endfacet
  facet normal -0.08172107413367972 -0.9966552393091793 0
    outer loop
      vertex -4.895684167277017 -8.747452118189887 1
      vertex -4.861451678987621 -8.750259022325782 13
      vertex -4.895684167277017 -8.747452118189887 13
    endloop
  endfacet
  facet normal 0.016361731626509245 -0.9998661379095614 0
    outer loop
      vertex -4.829871717078891 -8.74974225028807 1
      vertex -4.829871717078891 -8.74974225028807 13
      vertex -4.861451678987621 -8.750259022325782 13
    endloop
  endfacet
  facet normal 0 0 1
    outer loop
      vertex -5.053867193903731 -8.684942756316119 13
      vertex -4.829871717078891 -8.74974225028807 13
      vertex -5.080771035285023 -8.663590349326697 13
    endloop
  endfacet
  facet normal 0 0 1
    outer loop
      vertex -5.105452425444242 -8.639703722417059 13
      vertex -5.080771035285023 -8.663590349326697 13
      vertex -4.829871717078891 -8.74974225028807 13
    endloop
  endfacet
  facet normal 0 0 1
    outer loop
      vertex -5.053867193903731 -8.684942756316119 13
      vertex -5.0249999999999995 -8.703555308033607 13
      vertex -4.829871717078891 -8.74974225028807 13
    endloop
  endfacet
  facet normal 0 0 1
    outer loop
      vertex -4.994447460431537 -8.719248755431465 13
      vertex -4.829871717078891 -8.74974225028807 13
      vertex -5.0249999999999995 -8.703555308033607 13
    endloop
  endfacet
  facet normal 0 0 1
    outer loop
      vertex -5.105452425444242 -8.639703722417059 13
      vertex -4.829871717078891 -8.74974225028807 13
      vertex -5.127673669101932 -8.613512916862106 13
    endloop
  endfacet
  facet normal 0 0 1
    outer loop
      vertex -4.994447460431537 -8.719248755431465 13
      vertex -4.962503812856106 -8.73187196203234 13
      vertex -4.829871717078891 -8.74974225028807 13
    endloop
  endfacet
  facet normal 0 0 1
    outer loop
      vertex -4.962503812856106 -8.73187196203234 13
      vertex -4.929476692062031 -8.74130335945612 13
      vertex -4.829871717078891 -8.74974225028807 13
    endloop
  endfacet
  facet normal 0 0 1
    outer loop
      vertex -4.929476692062031 -8.74130335945612 13
      vertex -4.895684167277017 -8.747452118189887 13
      vertex -4.829871717078891 -8.74974225028807 13
    endloop
  endfacet
  facet normal 0 0 1
    outer loop
      vertex -4.861451678987621 -8.750259022325782 13
      vertex -4.829871717078891 -8.74974225028807 13
      vertex -4.895684167277017 -8.747452118189887 13
    endloop
  endfacet
  facet normal 0 0 -1
    outer loop
      vertex -3.2497636042830114 -9.46782878495396 1
      vertex -3.276841249925715 -9.435585993575097 1
      vertex -3.2247716623525533 -9.491390296022999 1
    endloop
  endfacet
  facet normal 0 0 -1
    outer loop
      vertex -3.2247716623525533 -9.491390296022999 1
      vertex -3.276841249925715 -9.435585993575097 1
      vertex -3.197590631516654 -9.512388713296918 1
    endloop
  endfacet
  facet normal 0 0 -1
    outer loop
      vertex -3.2497636042830114 -9.46782878495396 1
      vertex -3.2723257712452503 -9.44193109032143 1
      vertex -3.276841249925715 -9.435585993575097 1
    endloop
  endfacet
  facet normal 0 0 -1
    outer loop
      vertex -3.276841249925715 -9.435585993575097 1
      vertex -3.168482279960924 -9.530621810538467 1
      vertex -3.197590631516654 -9.512388713296918 1
    endloop
  endfacet
  facet normal 0 0 -1
    outer loop
      vertex -3.276841249925715 -9.435585993575097 1
      vertex -3.1377269370230887 -9.545913993053986 1
      vertex -3.168482279960924 -9.530621810538467 1
    endloop
  endfacet
  facet normal 0 0 -1
    outer loop
      vertex -3.276841249925715 -9.435585993575097 1
      vertex -3.105620793468221 -9.558117988766291 1
      vertex -3.1377269370230887 -9.545913993053986 1
    endloop
  endfacet
  facet normal 0 0 -1
    outer loop
      vertex -3.276841249925715 -9.435585993575097 1
      vertex -3.072473049009757 -9.567116266525293 1
      vertex -3.105620793468221 -9.558117988766291 1
    endloop
  endfacet
  facet normal 0 0 -1
    outer loop
      vertex -3.276841249925715 -9.435585993575097 1
      vertex -3.0386029345472325 -9.572822167997213 1
      vertex -3.072473049009757 -9.567116266525293 1
    endloop
  endfacet
  facet normal 0 0 -1
    outer loop
      vertex -3.276841249925715 -9.435585993575097 1
      vertex -3.0043366377982093 -9.575180742231712 1
      vertex -3.0386029345472325 -9.572822167997213 1
    endloop
  endfacet
  facet normal 0 0 -1
    outer loop
      vertex -3.276841249925715 -9.435585993575097 1
      vertex -2.9700041619322435 -9.574169274869583 1
      vertex -3.0043366377982093 -9.575180742231712 1
    endloop
  endfacet
  facet normal 0 0 -1
    outer loop
      vertex -3.276841249925715 -9.435585993575097 1
      vertex -2.9359361474599655 -9.569797506894451 1
      vertex -2.9700041619322435 -9.574169274869583 1
    endloop
  endfacet
  facet normal 0 0 -1
    outer loop
      vertex -3.276841249925715 -9.435585993575097 1
      vertex -2.9151136931610373 -9.565014182942624 1
      vertex -2.9359361474599655 -9.569797506894451 1
    endloop
  endfacet
  facet normal -0.44522132588549124 -0.8954205553686856 1.4497288094036082e-20
    outer loop
      vertex -3.168482279960924 -9.530621810538467 1
      vertex -3.1377269370230887 -9.545913993053986 1
      vertex -3.1377269370230887 -9.545913993053986 13
    endloop
  endfacet
  facet normal -0.6859771119901865 -0.7276231179845807 6.993540837883604e-20
    outer loop
      vertex -3.2497636042830114 -9.46782878495396 1
      vertex -3.2247716623525533 -9.491390296022999 1
      vertex -3.2247716623525533 -9.491390296022999 13
    endloop
  endfacet
  facet normal -0.7539934819618621 -0.6568818989430499 -4.552042542428763e-20
    outer loop
      vertex -3.2497636042830114 -9.46782878495396 1
      vertex -3.2723257712452503 -9.44193109032143 13
      vertex -3.2723257712452503 -9.44193109032143 1
    endloop
  endfacet
  facet normal -0.8147484825275194 -0.5798145481264716 -6.1028442239724485e-21
    outer loop
      vertex -3.2723257712452503 -9.44193109032143 1
      vertex -3.276841249925715 -9.435585993575097 13
      vertex -3.276841249925715 -9.435585993575097 1
    endloop
  endfacet
  facet normal -0.6113544074368282 -0.791356928640651 6.517522974396206e-20
    outer loop
      vertex -3.2247716623525533 -9.491390296022999 1
      vertex -3.197590631516654 -9.512388713296918 1
      vertex -3.197590631516654 -9.512388713296918 13
    endloop
  endfacet
  facet normal -0.530844025739493 -0.8474695394742447 -8.389890148341635e-20
    outer loop
      vertex -3.197590631516654 -9.512388713296918 1
      vertex -3.168482279960924 -9.530621810538467 1
      vertex -3.168482279960924 -9.530621810538467 13
    endloop
  endfacet
  facet normal -0.35531090128038645 -0.9347481818283037 4.7172224509219275e-20
    outer loop
      vertex -3.1377269370230887 -9.545913993053986 1
      vertex -3.105620793468221 -9.558117988766291 1
      vertex -3.105620793468221 -9.558117988766291 13
    endloop
  endfacet
  facet normal -0.26197863846333874 -0.9650736723115471 -1.9022258899814808e-20
    outer loop
      vertex -3.105620793468221 -9.558117988766291 1
      vertex -3.072473049009757 -9.567116266525293 1
      vertex -3.072473049009757 -9.567116266525293 13
    endloop
  endfacet
  facet normal -0.16612337814579978 -0.986104975767503 -3.1023386010787156e-20
    outer loop
      vertex -3.072473049009757 -9.567116266525293 1
      vertex -3.0386029345472325 -9.572822167997213 1
      vertex -3.0386029345472325 -9.572822167997213 13
    endloop
  endfacet
  facet normal -0.06866825888439257 -0.9976395492470145 -1.1983093859955052e-21
    outer loop
      vertex -3.0386029345472325 -9.572822167997213 1
      vertex -3.0043366377982093 -9.575180742231712 1
      vertex -3.0043366377982093 -9.575180742231712 13
    endloop
  endfacet
  facet normal 0.029448173248010422 -0.9995663085020199 2.780880894292189e-21
    outer loop
      vertex -3.0043366377982093 -9.575180742231712 1
      vertex -2.9700041619322435 -9.574169274869583 1
      vertex -2.9700041619322435 -9.574169274869583 13
    endloop
  endfacet
  facet normal 0.12728100337387638 -0.9918666977876307 1.8106284023427197e-20
    outer loop
      vertex -2.9700041619322435 -9.574169274869583 1
      vertex -2.9359361474599655 -9.569797506894451 1
      vertex -2.9359361474599655 -9.569797506894451 13
    endloop
  endfacet
  facet normal 0.223888047858462 -0.9746148685640533 0
    outer loop
      vertex -2.9359361474599655 -9.569797506894451 1
      vertex -2.9151136931610373 -9.565014182942624 1
      vertex -2.9359361474599655 -9.569797506894451 13
    endloop
  endfacet
  facet normal -0.44522132588549124 -0.8954205553686856 0
    outer loop
      vertex -3.168482279960924 -9.530621810538467 1
      vertex -3.1377269370230887 -9.545913993053986 13
      vertex -3.168482279960924 -9.530621810538467 13
    endloop
  endfacet
  facet normal -0.6859771119901865 -0.7276231179845807 0
    outer loop
      vertex -3.2497636042830114 -9.46782878495396 1
      vertex -3.2247716623525533 -9.491390296022999 13
      vertex -3.2497636042830114 -9.46782878495396 13
    endloop
  endfacet
  facet normal -0.7539934819618621 -0.6568818989430499 0
    outer loop
      vertex -3.2497636042830114 -9.46782878495396 1
      vertex -3.2497636042830114 -9.46782878495396 13
      vertex -3.2723257712452503 -9.44193109032143 13
    endloop
  endfacet
  facet normal -0.8147484825275194 -0.5798145481264716 0
    outer loop
      vertex -3.2723257712452503 -9.44193109032143 1
      vertex -3.2723257712452503 -9.44193109032143 13
      vertex -3.276841249925715 -9.435585993575097 13
    endloop
  endfacet
  facet normal -0.6113544074368282 -0.791356928640651 0
    outer loop
      vertex -3.2247716623525533 -9.491390296022999 1
      vertex -3.197590631516654 -9.512388713296918 13
      vertex -3.2247716623525533 -9.491390296022999 13
    endloop
  endfacet
  facet normal -0.530844025739493 -0.8474695394742447 0
    outer loop
      vertex -3.197590631516654 -9.512388713296918 1
      vertex -3.168482279960924 -9.530621810538467 13
      vertex -3.197590631516654 -9.512388713296918 13
    endloop
  endfacet
  facet normal -0.35531090128038645 -0.9347481818283037 0
    outer loop
      vertex -3.1377269370230887 -9.545913993053986 1
      vertex -3.105620793468221 -9.558117988766291 13
      vertex -3.1377269370230887 -9.545913993053986 13
    endloop
  endfacet
  facet normal -0.26197863846333874 -0.9650736723115471 0
    outer loop
      vertex -3.105620793468221 -9.558117988766291 1
      vertex -3.072473049009757 -9.567116266525293 13
      vertex -3.105620793468221 -9.558117988766291 13
    endloop
  endfacet
  facet normal -0.06866825888439257 -0.9976395492470145 0
    outer loop
      vertex -3.0386029345472325 -9.572822167997213 1
      vertex -3.0043366377982093 -9.575180742231712 13
      vertex -3.0386029345472325 -9.572822167997213 13
    endloop
  endfacet
  facet normal -0.16612337814579978 -0.986104975767503 0
    outer loop
      vertex -3.072473049009757 -9.567116266525293 1
      vertex -3.0386029345472325 -9.572822167997213 13
      vertex -3.072473049009757 -9.567116266525293 13
    endloop
  endfacet
  facet normal 0.029448173248010422 -0.9995663085020199 0
    outer loop
      vertex -3.0043366377982093 -9.575180742231712 1
      vertex -2.9700041619322435 -9.574169274869583 13
      vertex -3.0043366377982093 -9.575180742231712 13
    endloop
  endfacet
  facet normal 0.12728100337387638 -0.9918666977876307 0
    outer loop
      vertex -2.9700041619322435 -9.574169274869583 1
      vertex -2.9359361474599655 -9.569797506894451 13
      vertex -2.9700041619322435 -9.574169274869583 13
    endloop
  endfacet
  facet normal 0.223888047858462 -0.9746148685640533 0
    outer loop
      vertex -2.9151136931610373 -9.565014182942624 1
      vertex -2.9151136931610373 -9.565014182942624 13
      vertex -2.9359361474599655 -9.569797506894451 13
    endloop
  endfacet
  facet normal 0 0 1
    outer loop
      vertex -3.2497636042830114 -9.46782878495396 13
      vertex -2.9151136931610373 -9.565014182942624 13
      vertex -3.2723257712452503 -9.44193109032143 13
    endloop
  endfacet
  facet normal 0 0 1
    outer loop
      vertex -3.2723257712452503 -9.44193109032143 13
      vertex -2.9151136931610373 -9.565014182942624 13
      vertex -3.276841249925715 -9.435585993575097 13
    endloop
  endfacet
  facet normal 0 0 1
    outer loop
      vertex -3.197590631516654 -9.512388713296918 13
      vertex -3.168482279960924 -9.530621810538467 13
      vertex -2.9151136931610373 -9.565014182942624 13
    endloop
  endfacet
  facet normal 0 0 1
    outer loop
      vertex -3.168482279960924 -9.530621810538467 13
      vertex -3.1377269370230887 -9.545913993053986 13
      vertex -2.9151136931610373 -9.565014182942624 13
    endloop
  endfacet
  facet normal 0 0 1
    outer loop
      vertex -3.1377269370230887 -9.545913993053986 13
      vertex -3.105620793468221 -9.558117988766291 13
      vertex -2.9151136931610373 -9.565014182942624 13
    endloop
  endfacet
  facet normal 0 0 1
    outer loop
      vertex -3.105620793468221 -9.558117988766291 13
      vertex -3.072473049009757 -9.567116266525293 13
      vertex -2.9151136931610373 -9.565014182942624 13
    endloop
  endfacet
  facet normal 0 0 1
    outer loop
      vertex -3.0386029345472325 -9.572822167997213 13
      vertex -3.0043366377982093 -9.575180742231712 13
      vertex -2.9151136931610373 -9.565014182942624 13
    endloop
  endfacet
  facet normal 0 0 1
    outer loop
      vertex -3.072473049009757 -9.567116266525293 13
      vertex -3.0386029345472325 -9.572822167997213 13
      vertex -2.9151136931610373 -9.565014182942624 13
    endloop
  endfacet
  facet normal 0 0 1
    outer loop
      vertex -3.2497636042830114 -9.46782878495396 13
      vertex -3.2247716623525533 -9.491390296022999 13
      vertex -2.9151136931610373 -9.565014182942624 13
    endloop
  endfacet
  facet normal 0 0 1
    outer loop
      vertex -3.2247716623525533 -9.491390296022999 13
      vertex -3.197590631516654 -9.512388713296918 13
      vertex -2.9151136931610373 -9.565014182942624 13
    endloop
  endfacet
  facet normal 0 0 1
    outer loop
      vertex -3.0043366377982093 -9.575180742231712 13
      vertex -2.9700041619322435 -9.574169274869583 13
      vertex -2.9151136931610373 -9.565014182942624 13
    endloop
  endfacet
  facet normal 0 0 1
    outer loop
      vertex -2.9700041619322435 -9.574169274869583 13
      vertex -2.9359361474599655 -9.569797506894451 13
      vertex -2.9151136931610373 -9.565014182942624 13
    endloop
  endfacet
  facet normal 0 0 -1
    outer loop
      vertex -1.210276181428642 -9.936597855885676 1
      vertex -1.2377297443894433 -9.91595702629796 1
      vertex -1.2407361321266028 -9.913196140353163 1
    endloop
  endfacet
  facet normal 0 0 -1
    outer loop
      vertex -1.210276181428642 -9.936597855885676 1
      vertex -1.2407361321266028 -9.913196140353163 1
      vertex -1.1809316597871014 -9.954448374503938 1
    endloop
  endfacet
  facet normal 0 0 -1
    outer loop
      vertex -1.1809316597871014 -9.954448374503938 1
      vertex -1.2407361321266028 -9.913196140353163 1
      vertex -1.1499787832495771 -9.969336671900368 1
    endloop
  endfacet
  facet normal 0 0 -1
    outer loop
      vertex -1.2407361321266028 -9.913196140353163 1
      vertex -1.0844529565102046 -9.98968298191792 1
      vertex -1.1177156449376884 -9.981119365632264 1
    endloop
  endfacet
  facet normal 0 0 -1
    outer loop
      vertex -1.2407361321266028 -9.913196140353163 1
      vertex -1.1177156449376884 -9.981119365632264 1
      vertex -1.1499787832495771 -9.969336671900368 1
    endloop
  endfacet
  facet normal 0 0 -1
    outer loop
      vertex -1.2407361321266028 -9.913196140353163 1
      vertex -1.0505110558399173 -9.994945048451145 1
      vertex -1.0844529565102046 -9.98968298191792 1
    endloop
  endfacet
  facet normal 0 0 -1
    outer loop
      vertex -1.2407361321266028 -9.913196140353163 1
      vertex -1.0162168219848118 -9.996854888654696 1
      vertex -1.0505110558399173 -9.994945048451145 1
    endloop
  endfacet
  facet normal 0 0 -1
    outer loop
      vertex -1.2407361321266028 -9.913196140353163 1
      vertex -0.9819005271640477 -9.995394109723382 1
      vertex -1.0162168219848118 -9.996854888654696 1
    endloop
  endfacet
  facet normal 0 0 -1
    outer loop
      vertex -1.2407361321266028 -9.913196140353163 1
      vertex -0.980171403295606 -9.95184726672197 1
      vertex -0.9819005271640477 -9.995394109723382 1
    endloop
  endfacet
  facet normal 0 0 -1
    outer loop
      vertex -0.9819005271640477 -9.995394109723382 1
      vertex -0.980171403295606 -9.95184726672197 1
      vertex -0.9478926560559443 -9.990576779756857 1
    endloop
  endfacet
  facet normal 0 0 -1
    outer loop
      vertex -0.9478926560559443 -9.990576779756857 1
      vertex -0.980171403295606 -9.95184726672197 1
      vertex -0.9145207230498655 -9.982449292276117 1
    endloop
  endfacet
  facet normal 0 0 -1
    outer loop
      vertex -0.980171403295606 -9.95184726672197 1
      vertex -0.8821061181036148 -9.971089919428543 1
      vertex -0.9145207230498655 -9.982449292276117 1
    endloop
  endfacet
  facet normal 0 0 -1
    outer loop
      vertex -0.980171403295606 -9.95184726672197 1
      vertex -0.8540477377909933 -9.958043325089589 1
      vertex -0.8821061181036148 -9.971089919428543 1
    endloop
  endfacet
  facet normal -0.6009434890731237 -0.7992915131168481 0
    outer loop
      vertex -1.210276181428642 -9.936597855885676 1
      vertex -1.210276181428642 -9.936597855885676 13
      vertex -1.2377297443894433 -9.91595702629796 1
    endloop
  endfacet
  facet normal -0.5197055135132492 -0.854345468311227 -1.0555070277591747e-20
    outer loop
      vertex -1.210276181428642 -9.936597855885676 1
      vertex -1.1809316597871014 -9.954448374503938 1
      vertex -1.1809316597871014 -9.954448374503938 13
    endloop
  endfacet
  facet normal -0.676394050323982 -0.7365399437140654 -6.303273645692382e-21
    outer loop
      vertex -1.2377297443894433 -9.91595702629796 1
      vertex -1.2407361321266028 -9.913196140353163 13
      vertex -1.2407361321266028 -9.913196140353163 1
    endloop
  endfacet
  facet normal -0.4334624897583501 -0.9011716096130038 5.3729672694282644e-20
    outer loop
      vertex -1.1809316597871014 -9.954448374503938 1
      vertex -1.1499787832495771 -9.969336671900368 1
      vertex -1.1499787832495771 -9.969336671900368 13
    endloop
  endfacet
  facet normal -0.3430449852722683 -0.9393189756837392 -4.7721639523384555e-20
    outer loop
      vertex -1.1499787832495771 -9.969336671900368 1
      vertex -1.1177156449376884 -9.981119365632264 1
      vertex -1.1177156449376884 -9.981119365632264 13
    endloop
  endfacet
  facet normal -0.2493237700508013 -0.968420186534572 -4.7779144576017925e-21
    outer loop
      vertex -1.1177156449376884 -9.981119365632264 1
      vertex -1.0844529565102046 -9.98968298191792 1
      vertex -1.0844529565102046 -9.98968298191792 13
    endloop
  endfacet
  facet normal -0.15320143062918945 -0.9881949815968352 1.7265791728582688e-20
    outer loop
      vertex -1.0844529565102046 -9.98968298191792 1
      vertex -1.0505110558399173 -9.994945048451145 1
      vertex -1.0505110558399173 -9.994945048451145 13
    endloop
  endfacet
  facet normal -0.05560367768245714 -0.9984529187839482 1.3969252472861064e-20
    outer loop
      vertex -1.0505110558399173 -9.994945048451145 1
      vertex -1.0162168219848118 -9.996854888654696 1
      vertex -1.0162168219848118 -9.996854888654696 13
    endloop
  endfacet
  facet normal 0.042529569076561635 -0.9990952085533 7.164617080730973e-21
    outer loop
      vertex -1.0162168219848118 -9.996854888654696 1
      vertex -0.9819005271640477 -9.995394109723382 1
      vertex -0.9819005271640477 -9.995394109723382 13
    endloop
  endfacet
  facet normal 0.14025323283627245 -0.990115665303289 1.95220781080109e-20
    outer loop
      vertex -0.9819005271640477 -9.995394109723382 1
      vertex -0.9478926560559443 -9.990576779756857 1
      vertex -0.9478926560559443 -9.990576779756857 13
    endloop
  endfacet
  facet normal 0.23662618129364762 -0.9716007669441117 2.1483871582011115e-20
    outer loop
      vertex -0.9478926560559443 -9.990576779756857 1
      vertex -0.9145207230498655 -9.982449292276117 1
      vertex -0.9145207230498655 -9.982449292276117 13
    endloop
  endfacet
  facet normal 0.3307202902719762 -0.9437288220682993 2.765751494254444e-20
    outer loop
      vertex -0.9145207230498655 -9.982449292276117 1
      vertex -0.8821061181036148 -9.971089919428543 1
      vertex -0.8821061181036148 -9.971089919428543 13
    endloop
  endfacet
  facet normal 0.42162938206507194 -0.9067682527412535 0
    outer loop
      vertex -0.8821061181036148 -9.971089919428543 1
      vertex -0.8540477377909933 -9.958043325089589 1
      vertex -0.8821061181036148 -9.971089919428543 13
    endloop
  endfacet
  facet normal -0.6009434890731237 -0.7992915131168481 0
    outer loop
      vertex -1.2377297443894433 -9.91595702629796 1
      vertex -1.210276181428642 -9.936597855885676 13
      vertex -1.2377297443894433 -9.91595702629796 13
    endloop
  endfacet
  facet normal -0.5197055135132492 -0.854345468311227 0
    outer loop
      vertex -1.210276181428642 -9.936597855885676 1
      vertex -1.1809316597871014 -9.954448374503938 13
      vertex -1.210276181428642 -9.936597855885676 13
    endloop
  endfacet
  facet normal -0.676394050323982 -0.7365399437140654 0
    outer loop
      vertex -1.2377297443894433 -9.91595702629796 1
      vertex -1.2377297443894433 -9.91595702629796 13
      vertex -1.2407361321266028 -9.913196140353163 13
    endloop
  endfacet
  facet normal -0.3430449852722683 -0.9393189756837392 0
    outer loop
      vertex -1.1499787832495771 -9.969336671900368 1
      vertex -1.1177156449376884 -9.981119365632264 13
      vertex -1.1499787832495771 -9.969336671900368 13
    endloop
  endfacet
  facet normal -0.4334624897583501 -0.9011716096130038 0
    outer loop
      vertex -1.1809316597871014 -9.954448374503938 1
      vertex -1.1499787832495771 -9.969336671900368 13
      vertex -1.1809316597871014 -9.954448374503938 13
    endloop
  endfacet
  facet normal -0.2493237700508013 -0.968420186534572 0
    outer loop
      vertex -1.1177156449376884 -9.981119365632264 1
      vertex -1.0844529565102046 -9.98968298191792 13
      vertex -1.1177156449376884 -9.981119365632264 13
    endloop
  endfacet
  facet normal -0.15320143062918945 -0.9881949815968352 0
    outer loop
      vertex -1.0844529565102046 -9.98968298191792 1
      vertex -1.0505110558399173 -9.994945048451145 13
      vertex -1.0844529565102046 -9.98968298191792 13
    endloop
  endfacet
  facet normal -0.05560367768245714 -0.9984529187839482 0
    outer loop
      vertex -1.0505110558399173 -9.994945048451145 1
      vertex -1.0162168219848118 -9.996854888654696 13
      vertex -1.0505110558399173 -9.994945048451145 13
    endloop
  endfacet
  facet normal 0.042529569076561635 -0.9990952085533 0
    outer loop
      vertex -1.0162168219848118 -9.996854888654696 1
      vertex -0.9819005271640477 -9.995394109723382 13
      vertex -1.0162168219848118 -9.996854888654696 13
    endloop
  endfacet
  facet normal 0.14025323283627245 -0.990115665303289 0
    outer loop
      vertex -0.9819005271640477 -9.995394109723382 1
      vertex -0.9478926560559443 -9.990576779756857 13
      vertex -0.9819005271640477 -9.995394109723382 13
    endloop
  endfacet
  facet normal 0.23662618129364762 -0.9716007669441117 0
    outer loop
      vertex -0.9478926560559443 -9.990576779756857 1
      vertex -0.9145207230498655 -9.982449292276117 13
      vertex -0.9478926560559443 -9.990576779756857 13
    endloop
  endfacet
  facet normal 0.3307202902719762 -0.9437288220682993 0
    outer loop
      vertex -0.9145207230498655 -9.982449292276117 1
      vertex -0.8821061181036148 -9.971089919428543 13
      vertex -0.9145207230498655 -9.982449292276117 13
    endloop
  endfacet
  facet normal 0.42162938206507194 -0.9067682527412535 0
    outer loop
      vertex -0.8540477377909933 -9.958043325089589 1
      vertex -0.8540477377909933 -9.958043325089589 13
      vertex -0.8821061181036148 -9.971089919428543 13
    endloop
  endfacet
  facet normal 0 0 1
    outer loop
      vertex -1.2377297443894433 -9.91595702629796 13
      vertex -0.980171403295606 -9.95184726672197 13
      vertex -1.2407361321266028 -9.913196140353163 13
    endloop
  endfacet
  facet normal 0 0 1
    outer loop
      vertex -1.210276181428642 -9.936597855885676 13
      vertex -0.980171403295606 -9.95184726672197 13
      vertex -1.2377297443894433 -9.91595702629796 13
    endloop
  endfacet
  facet normal 0 0 1
    outer loop
      vertex -1.210276181428642 -9.936597855885676 13
      vertex -1.1809316597871014 -9.954448374503938 13
      vertex -0.980171403295606 -9.95184726672197 13
    endloop
  endfacet
  facet normal 0 0 1
    outer loop
      vertex -1.1809316597871014 -9.954448374503938 13
      vertex -1.1499787832495771 -9.969336671900368 13
      vertex -0.980171403295606 -9.95184726672197 13
    endloop
  endfacet
  facet normal 0 0 1
    outer loop
      vertex -1.1499787832495771 -9.969336671900368 13
      vertex -1.1177156449376884 -9.981119365632264 13
      vertex -0.980171403295606 -9.95184726672197 13
    endloop
  endfacet
  facet normal 0 0 1
    outer loop
      vertex -1.1177156449376884 -9.981119365632264 13
      vertex -1.0844529565102046 -9.98968298191792 13
      vertex -0.980171403295606 -9.95184726672197 13
    endloop
  endfacet
  facet normal 0 0 1
    outer loop
      vertex -1.0844529565102046 -9.98968298191792 13
      vertex -1.0505110558399173 -9.994945048451145 13
      vertex -0.980171403295606 -9.95184726672197 13
    endloop
  endfacet
  facet normal 0 0 1
    outer loop
      vertex -1.0505110558399173 -9.994945048451145 13
      vertex -1.0162168219848118 -9.996854888654696 13
      vertex -0.980171403295606 -9.95184726672197 13
    endloop
  endfacet
  facet normal 0 0 1
    outer loop
      vertex -1.0162168219848118 -9.996854888654696 13
      vertex -0.9819005271640477 -9.995394109723382 13
      vertex -0.980171403295606 -9.95184726672197 13
    endloop
  endfacet
  facet normal 0 0 1
    outer loop
      vertex -0.9819005271640477 -9.995394109723382 13
      vertex -0.9478926560559443 -9.990576779756857 13
      vertex -0.980171403295606 -9.95184726672197 13
    endloop
  endfacet
  facet normal 0 0 1
    outer loop
      vertex -0.9478926560559443 -9.990576779756857 13
      vertex -0.8540477377909933 -9.958043325089589 13
      vertex -0.980171403295606 -9.95184726672197 13
    endloop
  endfacet
  facet normal 0 0 1
    outer loop
      vertex -0.9478926560559443 -9.990576779756857 13
      vertex -0.9145207230498655 -9.982449292276117 13
      vertex -0.8540477377909933 -9.958043325089589 13
    endloop
  endfacet
  facet normal 0 0 1
    outer loop
      vertex -0.9145207230498655 -9.982449292276117 13
      vertex -0.8821061181036148 -9.971089919428543 13
      vertex -0.8540477377909933 -9.958043325089589 13
    endloop
  endfacet
  facet normal 0 0 -1
    outer loop
      vertex 0.8540477377909933 -9.958043325089589 1
      vertex 0.9145207230498655 -9.982449292276117 1
      vertex 0.8821061181036148 -9.971089919428543 1
    endloop
  endfacet
  facet normal 0 0 -1
    outer loop
      vertex 0.8540477377909933 -9.958043325089589 1
      vertex 0.9478926560559443 -9.990576779756857 1
      vertex 0.9145207230498655 -9.982449292276117 1
    endloop
  endfacet
  facet normal 0 0 -1
    outer loop
      vertex 0.8540477377909933 -9.958043325089589 1
      vertex 0.980171403295606 -9.95184726672197 1
      vertex 0.9478926560559443 -9.990576779756857 1
    endloop
  endfacet
  facet normal 0 0 -1
    outer loop
      vertex 0.9478926560559443 -9.990576779756857 1
      vertex 0.980171403295606 -9.95184726672197 1
      vertex 0.9819005271640477 -9.995394109723382 1
    endloop
  endfacet
  facet normal 0 0 -1
    outer loop
      vertex 0.980171403295606 -9.95184726672197 1
      vertex 1.0162168219848118 -9.996854888654696 1
      vertex 0.9819005271640477 -9.995394109723382 1
    endloop
  endfacet
  facet normal 0 0 -1
    outer loop
      vertex 0.980171403295606 -9.95184726672197 1
      vertex 1.0505110558399173 -9.994945048451145 1
      vertex 1.0162168219848118 -9.996854888654696 1
    endloop
  endfacet
  facet normal 0 0 -1
    outer loop
      vertex 0.980171403295606 -9.95184726672197 1
      vertex 1.0844529565102046 -9.98968298191792 1
      vertex 1.0505110558399173 -9.994945048451145 1
    endloop
  endfacet
  facet normal 0 0 -1
    outer loop
      vertex 0.980171403295606 -9.95184726672197 1
      vertex 1.1177156449376884 -9.981119365632264 1
      vertex 1.0844529565102046 -9.98968298191792 1
    endloop
  endfacet
  facet normal 0 0 -1
    outer loop
      vertex 0.980171403295606 -9.95184726672197 1
      vertex 1.1499787832495771 -9.969336671900368 1
      vertex 1.1177156449376884 -9.981119365632264 1
    endloop
  endfacet
  facet normal 0 0 -1
    outer loop
      vertex 0.980171403295606 -9.95184726672197 1
      vertex 1.1809316597871014 -9.954448374503938 1
      vertex 1.1499787832495771 -9.969336671900368 1
    endloop
  endfacet
  facet normal 0 0 -1
    outer loop
      vertex 0.980171403295606 -9.95184726672197 1
      vertex 1.210276181428642 -9.936597855885676 1
      vertex 1.1809316597871014 -9.954448374503938 1
    endloop
  endfacet
  facet normal 0 0 -1
    outer loop
      vertex 0.980171403295606 -9.95184726672197 1
      vertex 1.2377297443894433 -9.91595702629796 1
      vertex 1.210276181428642 -9.936597855885676 1
    endloop
  endfacet
  facet normal 0 0 -1
    outer loop
      vertex 0.980171403295606 -9.95184726672197 1
      vertex 1.2407361321266028 -9.913196140353163 1
      vertex 1.2377297443894433 -9.91595702629796 1
    endloop
  endfacet
  facet normal -0.42162938206507194 -0.9067682527412535 0
    outer loop
      vertex 0.8540477377909933 -9.958043325089589 1
      vertex 0.8821061181036148 -9.971089919428543 1
      vertex 0.8540477377909933 -9.958043325089589 13
    endloop
  endfacet
  facet normal -0.3307202902719762 -0.9437288220682993 -2.765751494254444e-20
    outer loop
      vertex 0.8821061181036148 -9.971089919428543 1
      vertex 0.9145207230498655 -9.982449292276117 1
      vertex 0.9145207230498655 -9.982449292276117 13
    endloop
  endfacet
  facet normal -0.23662618129364762 -0.9716007669441117 -2.1483871582011115e-20
    outer loop
      vertex 0.9145207230498655 -9.982449292276117 1
      vertex 0.9478926560559443 -9.990576779756857 1
      vertex 0.9478926560559443 -9.990576779756857 13
    endloop
  endfacet
  facet normal -0.14025323283627245 -0.990115665303289 -1.95220781080109e-20
    outer loop
      vertex 0.9478926560559443 -9.990576779756857 1
      vertex 0.9819005271640477 -9.995394109723382 1
      vertex 0.9819005271640477 -9.995394109723382 13
    endloop
  endfacet
  facet normal -0.042529569076561635 -0.9990952085533 -7.164617080730973e-21
    outer loop
      vertex 0.9819005271640477 -9.995394109723382 1
      vertex 1.0162168219848118 -9.996854888654696 1
      vertex 1.0162168219848118 -9.996854888654696 13
    endloop
  endfacet
  facet normal 0.05560367768245714 -0.9984529187839482 -1.3969252472861064e-20
    outer loop
      vertex 1.0162168219848118 -9.996854888654696 1
      vertex 1.0505110558399173 -9.994945048451145 1
      vertex 1.0505110558399173 -9.994945048451145 13
    endloop
  endfacet
  facet normal 0.15320143062918945 -0.9881949815968352 -1.7265791728582688e-20
    outer loop
      vertex 1.0505110558399173 -9.994945048451145 1
      vertex 1.0844529565102046 -9.98968298191792 1
      vertex 1.0844529565102046 -9.98968298191792 13
    endloop
  endfacet
  facet normal 0.2493237700508013 -0.968420186534572 4.7779144576017925e-21
    outer loop
      vertex 1.0844529565102046 -9.98968298191792 1
      vertex 1.1177156449376884 -9.981119365632264 1
      vertex 1.1177156449376884 -9.981119365632264 13
    endloop
  endfacet
  facet normal 0.3430449852722683 -0.9393189756837392 4.7721639523384555e-20
    outer loop
      vertex 1.1177156449376884 -9.981119365632264 1
      vertex 1.1499787832495771 -9.969336671900368 1
      vertex 1.1499787832495771 -9.969336671900368 13
    endloop
  endfacet
  facet normal 0.4334624897583501 -0.9011716096130038 -5.3729672694282644e-20
    outer loop
      vertex 1.1499787832495771 -9.969336671900368 1
      vertex 1.1809316597871014 -9.954448374503938 1
      vertex 1.1809316597871014 -9.954448374503938 13
    endloop
  endfacet
  facet normal 0.5197055135132492 -0.854345468311227 1.0555070277591747e-20
    outer loop
      vertex 1.1809316597871014 -9.954448374503938 1
      vertex 1.210276181428642 -9.936597855885676 1
      vertex 1.210276181428642 -9.936597855885676 13
    endloop
  endfacet
  facet normal 0.6009434890731237 -0.7992915131168481 3.7746950232916233e-20
    outer loop
      vertex 1.210276181428642 -9.936597855885676 1
      vertex 1.2377297443894433 -9.91595702629796 1
      vertex 1.2377297443894433 -9.91595702629796 13
    endloop
  endfacet
  facet normal 0.676394050323982 -0.7365399437140654 0
    outer loop
      vertex 1.2377297443894433 -9.91595702629796 1
      vertex 1.2407361321266028 -9.913196140353163 1
      vertex 1.2377297443894433 -9.91595702629796 13
    endloop
  endfacet
  facet normal -0.42162938206507194 -0.9067682527412535 0
    outer loop
      vertex 0.8821061181036148 -9.971089919428543 1
      vertex 0.8821061181036148 -9.971089919428543 13
      vertex 0.8540477377909933 -9.958043325089589 13
    endloop
  endfacet
  facet normal -0.3307202902719762 -0.9437288220682993 0
    outer loop
      vertex 0.8821061181036148 -9.971089919428543 1
      vertex 0.9145207230498655 -9.982449292276117 13
      vertex 0.8821061181036148 -9.971089919428543 13
    endloop
  endfacet
  facet normal -0.23662618129364762 -0.9716007669441117 0
    outer loop
      vertex 0.9145207230498655 -9.982449292276117 1
      vertex 0.9478926560559443 -9.990576779756857 13
      vertex 0.9145207230498655 -9.982449292276117 13
    endloop
  endfacet
  facet normal -0.14025323283627245 -0.990115665303289 0
    outer loop
      vertex 0.9478926560559443 -9.990576779756857 1
      vertex 0.9819005271640477 -9.995394109723382 13
      vertex 0.9478926560559443 -9.990576779756857 13
    endloop
  endfacet
  facet normal -0.042529569076561635 -0.9990952085533 0
    outer loop
      vertex 0.9819005271640477 -9.995394109723382 1
      vertex 1.0162168219848118 -9.996854888654696 13
      vertex 0.9819005271640477 -9.995394109723382 13
    endloop
  endfacet
  facet normal 0.05560367768245714 -0.9984529187839482 0
    outer loop
      vertex 1.0162168219848118 -9.996854888654696 1
      vertex 1.0505110558399173 -9.994945048451145 13
      vertex 1.0162168219848118 -9.996854888654696 13
    endloop
  endfacet
  facet normal 0.15320143062918945 -0.9881949815968352 0
    outer loop
      vertex 1.0505110558399173 -9.994945048451145 1
      vertex 1.0844529565102046 -9.98968298191792 13
      vertex 1.0505110558399173 -9.994945048451145 13
    endloop
  endfacet
  facet normal 0.2493237700508013 -0.968420186534572 0
    outer loop
      vertex 1.0844529565102046 -9.98968298191792 1
      vertex 1.1177156449376884 -9.981119365632264 13
      vertex 1.0844529565102046 -9.98968298191792 13
    endloop
  endfacet
  facet normal 0.3430449852722683 -0.9393189756837392 0
    outer loop
      vertex 1.1177156449376884 -9.981119365632264 1
      vertex 1.1499787832495771 -9.969336671900368 13
      vertex 1.1177156449376884 -9.981119365632264 13
    endloop
  endfacet
  facet normal 0.4334624897583501 -0.9011716096130038 0
    outer loop
      vertex 1.1499787832495771 -9.969336671900368 1
      vertex 1.1809316597871014 -9.954448374503938 13
      vertex 1.1499787832495771 -9.969336671900368 13
    endloop
  endfacet
  facet normal 0.5197055135132492 -0.854345468311227 0
    outer loop
      vertex 1.1809316597871014 -9.954448374503938 1
      vertex 1.210276181428642 -9.936597855885676 13
      vertex 1.1809316597871014 -9.954448374503938 13
    endloop
  endfacet
  facet normal 0.6009434890731237 -0.7992915131168481 0
    outer loop
      vertex 1.210276181428642 -9.936597855885676 1
      vertex 1.2377297443894433 -9.91595702629796 13
      vertex 1.210276181428642 -9.936597855885676 13
    endloop
  endfacet
  facet normal 0.676394050323982 -0.7365399437140654 0
    outer loop
      vertex 1.2407361321266028 -9.913196140353163 1
      vertex 1.2407361321266028 -9.913196140353163 13
      vertex 1.2377297443894433 -9.91595702629796 13
    endloop
  endfacet
  facet normal 0 0 1
    outer loop
      vertex 0.8821061181036148 -9.971089919428543 13
      vertex 0.9145207230498655 -9.982449292276117 13
      vertex 0.980171403295606 -9.95184726672197 13
    endloop
  endfacet
  facet normal 0 0 1
    outer loop
      vertex 0.8540477377909933 -9.958043325089589 13
      vertex 0.8821061181036148 -9.971089919428543 13
      vertex 0.980171403295606 -9.95184726672197 13
    endloop
  endfacet
  facet normal 0 0 1
    outer loop
      vertex 0.9145207230498655 -9.982449292276117 13
      vertex 0.9478926560559443 -9.990576779756857 13
      vertex 0.980171403295606 -9.95184726672197 13
    endloop
  endfacet
  facet normal 0 0 1
    outer loop
      vertex 0.9478926560559443 -9.990576779756857 13
      vertex 0.9819005271640477 -9.995394109723382 13
      vertex 0.980171403295606 -9.95184726672197 13
    endloop
  endfacet
  facet normal 0 0 1
    outer loop
      vertex 0.9819005271640477 -9.995394109723382 13
      vertex 1.0162168219848118 -9.996854888654696 13
      vertex 1.2407361321266028 -9.913196140353163 13
    endloop
  endfacet
  facet normal 0 0 1
    outer loop
      vertex 0.980171403295606 -9.95184726672197 13
      vertex 0.9819005271640477 -9.995394109723382 13
      vertex 1.2407361321266028 -9.913196140353163 13
    endloop
  endfacet
  facet normal 0 0 1
    outer loop
      vertex 1.0162168219848118 -9.996854888654696 13
      vertex 1.0505110558399173 -9.994945048451145 13
      vertex 1.2407361321266028 -9.913196140353163 13
    endloop
  endfacet
  facet normal 0 0 1
    outer loop
      vertex 1.0505110558399173 -9.994945048451145 13
      vertex 1.0844529565102046 -9.98968298191792 13
      vertex 1.2407361321266028 -9.913196140353163 13
    endloop
  endfacet
  facet normal 0 0 1
    outer loop
      vertex 1.0844529565102046 -9.98968298191792 13
      vertex 1.1177156449376884 -9.981119365632264 13
      vertex 1.2407361321266028 -9.913196140353163 13
    endloop
  endfacet
  facet normal 0 0 1
    outer loop
      vertex 1.1177156449376884 -9.981119365632264 13
      vertex 1.1499787832495771 -9.969336671900368 13
      vertex 1.2407361321266028 -9.913196140353163 13
    endloop
  endfacet
  facet normal 0 0 1
    outer loop
      vertex 1.1499787832495771 -9.969336671900368 13
      vertex 1.1809316597871014 -9.954448374503938 13
      vertex 1.2407361321266028 -9.913196140353163 13
    endloop
  endfacet
  facet normal 0 0 1
    outer loop
      vertex 1.1809316597871014 -9.954448374503938 13
      vertex 1.210276181428642 -9.936597855885676 13
      vertex 1.2407361321266028 -9.913196140353163 13
    endloop
  endfacet
  facet normal 0 0 1
    outer loop
      vertex 1.210276181428642 -9.936597855885676 13
      vertex 1.2377297443894433 -9.91595702629796 13
      vertex 1.2407361321266028 -9.913196140353163 13
    endloop
  endfacet
  facet normal 0 0 -1
    outer loop
      vertex 2.9151136931610373 -9.565014182942624 1
      vertex 2.9700041619322435 -9.574169274869583 1
      vertex 2.9359361474599655 -9.569797506894451 1
    endloop
  endfacet
  facet normal 0 0 -1
    outer loop
      vertex 2.9151136931610373 -9.565014182942624 1
      vertex 3.0043366377982093 -9.575180742231712 1
      vertex 2.9700041619322435 -9.574169274869583 1
    endloop
  endfacet
  facet normal 0 0 -1
    outer loop
      vertex 2.9151136931610373 -9.565014182942624 1
      vertex 3.0386029345472325 -9.572822167997213 1
      vertex 3.0043366377982093 -9.575180742231712 1
    endloop
  endfacet
  facet normal 0 0 -1
    outer loop
      vertex 2.9151136931610373 -9.565014182942624 1
      vertex 3.072473049009757 -9.567116266525293 1
      vertex 3.0386029345472325 -9.572822167997213 1
    endloop
  endfacet
  facet normal 0 0 -1
    outer loop
      vertex 2.9151136931610373 -9.565014182942624 1
      vertex 3.105620793468221 -9.558117988766291 1
      vertex 3.072473049009757 -9.567116266525293 1
    endloop
  endfacet
  facet normal 0 0 -1
    outer loop
      vertex 2.9151136931610373 -9.565014182942624 1
      vertex 3.1377269370230887 -9.545913993053986 1
      vertex 3.105620793468221 -9.558117988766291 1
    endloop
  endfacet
  facet normal 0 0 -1
    outer loop
      vertex 2.9151136931610373 -9.565014182942624 1
      vertex 3.168482279960924 -9.530621810538467 1
      vertex 3.1377269370230887 -9.545913993053986 1
    endloop
  endfacet
  facet normal 0 0 -1
    outer loop
      vertex 2.9151136931610373 -9.565014182942624 1
      vertex 3.197590631516654 -9.512388713296918 1
      vertex 3.168482279960924 -9.530621810538467 1
    endloop
  endfacet
  facet normal 0 0 -1
    outer loop
      vertex 2.9151136931610373 -9.565014182942624 1
      vertex 3.2247716623525533 -9.491390296022999 1
      vertex 3.197590631516654 -9.512388713296918 1
    endloop
  endfacet
  facet normal 0 0 -1
    outer loop
      vertex 2.9151136931610373 -9.565014182942624 1
      vertex 3.2497636042830114 -9.46782878495396 1
      vertex 3.2247716623525533 -9.491390296022999 1
    endloop
  endfacet
  facet normal 0 0 -1
    outer loop
      vertex 2.9151136931610373 -9.565014182942624 1
      vertex 3.2723257712452503 -9.44193109032143 1
      vertex 3.2497636042830114 -9.46782878495396 1
    endloop
  endfacet
  facet normal 0 0 -1
    outer loop
      vertex 2.9151136931610373 -9.565014182942624 1
      vertex 3.276841249925715 -9.435585993575097 1
      vertex 3.2723257712452503 -9.44193109032143 1
    endloop
  endfacet
  facet normal -0.223888047858462 -0.9746148685640533 0
    outer loop
      vertex 2.9151136931610373 -9.565014182942624 1
      vertex 2.9359361474599655 -9.569797506894451 1
      vertex 2.9151136931610373 -9.565014182942624 13
    endloop
  endfacet
  facet normal -0.12728100337387638 -0.9918666977876307 -1.8106284023427197e-20
    outer loop
      vertex 2.9359361474599655 -9.569797506894451 1
      vertex 2.9700041619322435 -9.574169274869583 1
      vertex 2.9700041619322435 -9.574169274869583 13
    endloop
  endfacet
  facet normal -0.029448173248010422 -0.9995663085020199 -2.780880894292189e-21
    outer loop
      vertex 2.9700041619322435 -9.574169274869583 1
      vertex 3.0043366377982093 -9.575180742231712 1
      vertex 3.0043366377982093 -9.575180742231712 13
    endloop
  endfacet
  facet normal 0.06866825888439257 -0.9976395492470145 1.1983093859955052e-21
    outer loop
      vertex 3.0043366377982093 -9.575180742231712 1
      vertex 3.0386029345472325 -9.572822167997213 1
      vertex 3.0386029345472325 -9.572822167997213 13
    endloop
  endfacet
  facet normal 0.16612337814579978 -0.986104975767503 3.1023386010787156e-20
    outer loop
      vertex 3.0386029345472325 -9.572822167997213 1
      vertex 3.072473049009757 -9.567116266525293 1
      vertex 3.072473049009757 -9.567116266525293 13
    endloop
  endfacet
  facet normal 0.26197863846333874 -0.9650736723115471 1.9022258899814808e-20
    outer loop
      vertex 3.072473049009757 -9.567116266525293 1
      vertex 3.105620793468221 -9.558117988766291 1
      vertex 3.105620793468221 -9.558117988766291 13
    endloop
  endfacet
  facet normal 0.35531090128038645 -0.9347481818283037 -4.7172224509219275e-20
    outer loop
      vertex 3.105620793468221 -9.558117988766291 1
      vertex 3.1377269370230887 -9.545913993053986 1
      vertex 3.1377269370230887 -9.545913993053986 13
    endloop
  endfacet
  facet normal 0.44522132588549124 -0.8954205553686856 -1.4497288094036082e-20
    outer loop
      vertex 3.1377269370230887 -9.545913993053986 1
      vertex 3.168482279960924 -9.530621810538467 1
      vertex 3.168482279960924 -9.530621810538467 13
    endloop
  endfacet
  facet normal 0.530844025739493 -0.8474695394742447 8.389890148341635e-20
    outer loop
      vertex 3.168482279960924 -9.530621810538467 1
      vertex 3.197590631516654 -9.512388713296918 1
      vertex 3.197590631516654 -9.512388713296918 13
    endloop
  endfacet
  facet normal 0.6113544074368282 -0.791356928640651 -6.517522974396206e-20
    outer loop
      vertex 3.197590631516654 -9.512388713296918 1
      vertex 3.2247716623525533 -9.491390296022999 1
      vertex 3.2247716623525533 -9.491390296022999 13
    endloop
  endfacet
  facet normal 0.6859771119901865 -0.7276231179845807 -6.993540837883604e-20
    outer loop
      vertex 3.2247716623525533 -9.491390296022999 1
      vertex 3.2497636042830114 -9.46782878495396 1
      vertex 3.2497636042830114 -9.46782878495396 13
    endloop
  endfacet
  facet normal 0.7539934819618621 -0.6568818989430499 0
    outer loop
      vertex 3.2497636042830114 -9.46782878495396 1
      vertex 3.2723257712452503 -9.44193109032143 1
      vertex 3.2497636042830114 -9.46782878495396 13
    endloop
  endfacet
  facet normal 0.8147484825275194 -0.5798145481264716 0
    outer loop
      vertex 3.2723257712452503 -9.44193109032143 1
      vertex 3.276841249925715 -9.435585993575097 1
      vertex 3.2723257712452503 -9.44193109032143 13
    endloop
  endfacet
  facet normal -0.223888047858462 -0.9746148685640533 0
    outer loop
      vertex 2.9359361474599655 -9.569797506894451 1
      vertex 2.9359361474599655 -9.569797506894451 13
      vertex 2.9151136931610373 -9.565014182942624 13
    endloop
  endfacet
  facet normal -0.12728100337387638 -0.9918666977876307 0
    outer loop
      vertex 2.9359361474599655 -9.569797506894451 1
      vertex 2.9700041619322435 -9.574169274869583 13
      vertex 2.9359361474599655 -9.569797506894451 13
    endloop
  endfacet
  facet normal -0.029448173248010422 -0.9995663085020199 0
    outer loop
      vertex 2.9700041619322435 -9.574169274869583 1
      vertex 3.0043366377982093 -9.575180742231712 13
      vertex 2.9700041619322435 -9.574169274869583 13
    endloop
  endfacet
  facet normal 0.06866825888439257 -0.9976395492470145 0
    outer loop
      vertex 3.0043366377982093 -9.575180742231712 1
      vertex 3.0386029345472325 -9.572822167997213 13
      vertex 3.0043366377982093 -9.575180742231712 13
    endloop
  endfacet
  facet normal 0.16612337814579978 -0.986104975767503 0
    outer loop
      vertex 3.0386029345472325 -9.572822167997213 1
      vertex 3.072473049009757 -9.567116266525293 13
      vertex 3.0386029345472325 -9.572822167997213 13
    endloop
  endfacet
  facet normal 0.26197863846333874 -0.9650736723115471 0
    outer loop
      vertex 3.072473049009757 -9.567116266525293 1
      vertex 3.105620793468221 -9.558117988766291 13
      vertex 3.072473049009757 -9.567116266525293 13
    endloop
  endfacet
  facet normal 0.35531090128038645 -0.9347481818283037 0
    outer loop
      vertex 3.105620793468221 -9.558117988766291 1
      vertex 3.1377269370230887 -9.545913993053986 13
      vertex 3.105620793468221 -9.558117988766291 13
    endloop
  endfacet
  facet normal 0.44522132588549124 -0.8954205553686856 0
    outer loop
      vertex 3.1377269370230887 -9.545913993053986 1
      vertex 3.168482279960924 -9.530621810538467 13
      vertex 3.1377269370230887 -9.545913993053986 13
    endloop
  endfacet
  facet normal 0.530844025739493 -0.8474695394742447 0
    outer loop
      vertex 3.168482279960924 -9.530621810538467 1
      vertex 3.197590631516654 -9.512388713296918 13
      vertex 3.168482279960924 -9.530621810538467 13
    endloop
  endfacet
  facet normal 0.6113544074368282 -0.791356928640651 0
    outer loop
      vertex 3.197590631516654 -9.512388713296918 1
      vertex 3.2247716623525533 -9.491390296022999 13
      vertex 3.197590631516654 -9.512388713296918 13
    endloop
  endfacet
  facet normal 0.6859771119901865 -0.7276231179845807 0
    outer loop
      vertex 3.2247716623525533 -9.491390296022999 1
      vertex 3.2497636042830114 -9.46782878495396 13
      vertex 3.2247716623525533 -9.491390296022999 13
    endloop
  endfacet
  facet normal 0.7539934819618621 -0.6568818989430499 0
    outer loop
      vertex 3.2723257712452503 -9.44193109032143 1
      vertex 3.2723257712452503 -9.44193109032143 13
      vertex 3.2497636042830114 -9.46782878495396 13
    endloop
  endfacet
  facet normal 0.8147484825275194 -0.5798145481264716 0
    outer loop
      vertex 3.276841249925715 -9.435585993575097 1
      vertex 3.276841249925715 -9.435585993575097 13
      vertex 3.2723257712452503 -9.44193109032143 13
    endloop
  endfacet
  facet normal 0 0 1
    outer loop
      vertex 2.9151136931610373 -9.565014182942624 13
      vertex 2.9359361474599655 -9.569797506894451 13
      vertex 3.276841249925715 -9.435585993575097 13
    endloop
  endfacet
  facet normal 0 0 1
    outer loop
      vertex 2.9359361474599655 -9.569797506894451 13
      vertex 2.9700041619322435 -9.574169274869583 13
      vertex 3.276841249925715 -9.435585993575097 13
    endloop
  endfacet
  facet normal 0 0 1
    outer loop
      vertex 2.9700041619322435 -9.574169274869583 13
      vertex 3.0043366377982093 -9.575180742231712 13
      vertex 3.276841249925715 -9.435585993575097 13
    endloop
  endfacet
  facet normal 0 0 1
    outer loop
      vertex 3.0043366377982093 -9.575180742231712 13
      vertex 3.0386029345472325 -9.572822167997213 13
      vertex 3.276841249925715 -9.435585993575097 13
    endloop
  endfacet
  facet normal 0 0 1
    outer loop
      vertex 3.0386029345472325 -9.572822167997213 13
      vertex 3.072473049009757 -9.567116266525293 13
      vertex 3.276841249925715 -9.435585993575097 13
    endloop
  endfacet
  facet normal 0 0 1
    outer loop
      vertex 3.072473049009757 -9.567116266525293 13
      vertex 3.105620793468221 -9.558117988766291 13
      vertex 3.276841249925715 -9.435585993575097 13
    endloop
  endfacet
  facet normal 0 0 1
    outer loop
      vertex 3.105620793468221 -9.558117988766291 13
      vertex 3.1377269370230887 -9.545913993053986 13
      vertex 3.276841249925715 -9.435585993575097 13
    endloop
  endfacet
  facet normal 0 0 1
    outer loop
      vertex 3.1377269370230887 -9.545913993053986 13
      vertex 3.168482279960924 -9.530621810538467 13
      vertex 3.276841249925715 -9.435585993575097 13
    endloop
  endfacet
  facet normal 0 0 1
    outer loop
      vertex 3.168482279960924 -9.530621810538467 13
      vertex 3.197590631516654 -9.512388713296918 13
      vertex 3.276841249925715 -9.435585993575097 13
    endloop
  endfacet
  facet normal 0 0 1
    outer loop
      vertex 3.197590631516654 -9.512388713296918 13
      vertex 3.2247716623525533 -9.491390296022999 13
      vertex 3.276841249925715 -9.435585993575097 13
    endloop
  endfacet
  facet normal 0 0 1
    outer loop
      vertex 3.2247716623525533 -9.491390296022999 13
      vertex 3.2497636042830114 -9.46782878495396 13
      vertex 3.276841249925715 -9.435585993575097 13
    endloop
  endfacet
  facet normal 0 0 1
    outer loop
      vertex 3.2497636042830114 -9.46782878495396 13
      vertex 3.2723257712452503 -9.44193109032143 13
      vertex 3.276841249925715 -9.435585993575097 13
    endloop
  endfacet
  facet normal 0 0 -1
    outer loop
      vertex 4.861451678987621 -8.750259022325782 1
      vertex 4.829871717078891 -8.74974225028807 1
      vertex 4.895684167277017 -8.747452118189887 1
    endloop
  endfacet
  facet normal 0 0 -1
    outer loop
      vertex 4.829871717078891 -8.74974225028807 1
      vertex 4.929476692062031 -8.74130335945612 1
      vertex 4.895684167277017 -8.747452118189887 1
    endloop
  endfacet
  facet normal 0 0 -1
    outer loop
      vertex 4.829871717078891 -8.74974225028807 1
      vertex 4.962503812856106 -8.73187196203234 1
      vertex 4.929476692062031 -8.74130335945612 1
    endloop
  endfacet
  facet normal 0 0 -1
    outer loop
      vertex 4.829871717078891 -8.74974225028807 1
      vertex 4.994447460431537 -8.719248755431465 1
      vertex 4.962503812856106 -8.73187196203234 1
    endloop
  endfacet
  facet normal 0 0 -1
    outer loop
      vertex 4.829871717078891 -8.74974225028807 1
      vertex 5.0249999999999995 -8.703555308033607 1
      vertex 4.994447460431537 -8.719248755431465 1
    endloop
  endfacet
  facet normal 0 0 -1
    outer loop
      vertex 4.829871717078891 -8.74974225028807 1
      vertex 5.053867193903731 -8.684942756316119 1
      vertex 5.0249999999999995 -8.703555308033607 1
    endloop
  endfacet
  facet normal 0 0 -1
    outer loop
      vertex 4.829871717078891 -8.74974225028807 1
      vertex 5.080771035285023 -8.663590349326697 1
      vertex 5.053867193903731 -8.684942756316119 1
    endloop
  endfacet
  facet normal 0 0 -1
    outer loop
      vertex 4.829871717078891 -8.74974225028807 1
      vertex 5.105452425444242 -8.639703722417059 1
      vertex 5.080771035285023 -8.663590349326697 1
    endloop
  endfacet
  facet normal 0 0 -1
    outer loop
      vertex 4.829871717078891 -8.74974225028807 1
      vertex 5.127673669101932 -8.613512916862106 1
      vertex 5.105452425444242 -8.639703722417059 1
    endloop
  endfacet
  facet normal -0.016361731626509245 -0.9998661379095614 5.255159294141666e-22
    outer loop
      vertex 4.861451678987621 -8.750259022325782 1
      vertex 4.829871717078891 -8.74974225028807 13
      vertex 4.829871717078891 -8.74974225028807 1
    endloop
  endfacet
  facet normal 0.08172107413367972 -0.9966552393091793 -1.4861449497819802e-20
    outer loop
      vertex 4.861451678987621 -8.750259022325782 1
      vertex 4.895684167277017 -8.747452118189887 1
      vertex 4.895684167277017 -8.747452118189887 13
    endloop
  endfacet
  facet normal 0.17901686127662966 -0.9838460059270779 1.6379135018979874e-20
    outer loop
      vertex 4.895684167277017 -8.747452118189887 1
      vertex 4.929476692062031 -8.74130335945612 1
      vertex 4.929476692062031 -8.74130335945612 13
    endloop
  endfacet
  facet normal 0.2745886181849539 -0.9615617976829557 -3.472429416491203e-20
    outer loop
      vertex 4.929476692062031 -8.74130335945612 1
      vertex 4.962503812856106 -8.73187196203234 1
      vertex 4.962503812856106 -8.73187196203234 13
    endloop
  endfacet
  facet normal 0.3675159365946848 -0.9300172236840195 -1.5214396502610454e-20
    outer loop
      vertex 4.962503812856106 -8.73187196203234 1
      vertex 4.994447460431537 -8.719248755431465 1
      vertex 4.994447460431537 -8.719248755431465 13
    endloop
  endfacet
  facet normal 0.4569038756304192 -0.8895160754218567 -5.741643430832424e-20
    outer loop
      vertex 4.994447460431537 -8.719248755431465 1
      vertex 5.0249999999999995 -8.703555308033607 1
      vertex 5.0249999999999995 -8.703555308033607 13
    endloop
  endfacet
  facet normal 0 0 -1
    outer loop
      vertex 4.829871717078891 -8.74974225028807 1
      vertex 5.147220763534302 -8.585270164436682 1
      vertex 5.127673669101932 -8.613512916862106 1
    endloop
  endfacet
  facet normal 0 0 -1
    outer loop
      vertex 4.829871717078891 -8.74974225028807 1
      vertex 5.163905459536441 -8.555247458285704 1
      vertex 5.147220763534302 -8.585270164436682 1
    endloop
  endfacet
  facet normal 0 0 -1
    outer loop
      vertex 4.829871717078891 -8.74974225028807 1
      vertex 5.1672541287476506 -8.547523014903836 1
      vertex 5.163905459536441 -8.555247458285704 1
    endloop
  endfacet
  facet normal 0.5418915805747543 -0.8404484010944364 8.047259289272825e-20
    outer loop
      vertex 5.0249999999999995 -8.703555308033607 1
      vertex 5.053867193903731 -8.684942756316119 1
      vertex 5.053867193903731 -8.684942756316119 13
    endloop
  endfacet
  facet normal 0.6216605733700664 -0.7832867492286589 1.1709918010392774e-20
    outer loop
      vertex 5.053867193903731 -8.684942756316119 1
      vertex 5.080771035285023 -8.663590349326697 1
      vertex 5.080771035285023 -8.663590349326697 13
    endloop
  endfacet
  facet normal 0.695442635009618 -0.718581617779692 4.4960190758848374e-21
    outer loop
      vertex 5.080771035285023 -8.663590349326697 1
      vertex 5.105452425444242 -8.639703722417059 1
      vertex 5.105452425444242 -8.639703722417059 13
    endloop
  endfacet
  facet normal 0.762527203906385 -0.6469561525348609 0
    outer loop
      vertex 5.105452425444242 -8.639703722417059 1
      vertex 5.127673669101932 -8.613512916862106 1
      vertex 5.105452425444242 -8.639703722417059 13
    endloop
  endfacet
  facet normal 0.8222682189897754 -0.5691001458788978 0
    outer loop
      vertex 5.127673669101932 -8.613512916862106 1
      vertex 5.147220763534302 -8.585270164436682 1
      vertex 5.127673669101932 -8.613512916862106 13
    endloop
  endfacet
  facet normal 0.8740903416267589 -0.48576339371633986 0
    outer loop
      vertex 5.147220763534302 -8.585270164436682 1
      vertex 5.163905459536441 -8.555247458285704 1
      vertex 5.147220763534302 -8.585270164436682 13
    endloop
  endfacet
  facet normal 0.9174944964474866 -0.3977484745270217 0
    outer loop
      vertex 5.163905459536441 -8.555247458285704 1
      vertex 5.1672541287476506 -8.547523014903836 1
      vertex 5.163905459536441 -8.555247458285704 13
    endloop
  endfacet
  facet normal -0.016361731626509245 -0.9998661379095614 0
    outer loop
      vertex 4.861451678987621 -8.750259022325782 1
      vertex 4.861451678987621 -8.750259022325782 13
      vertex 4.829871717078891 -8.74974225028807 13
    endloop
  endfacet
  facet normal 0.08172107413367972 -0.9966552393091793 0
    outer loop
      vertex 4.861451678987621 -8.750259022325782 1
      vertex 4.895684167277017 -8.747452118189887 13
      vertex 4.861451678987621 -8.750259022325782 13
    endloop
  endfacet
  facet normal 0.17901686127662966 -0.9838460059270779 0
    outer loop
      vertex 4.895684167277017 -8.747452118189887 1
      vertex 4.929476692062031 -8.74130335945612 13
      vertex 4.895684167277017 -8.747452118189887 13
    endloop
  endfacet
  facet normal 0.2745886181849539 -0.9615617976829557 0
    outer loop
      vertex 4.929476692062031 -8.74130335945612 1
      vertex 4.962503812856106 -8.73187196203234 13
      vertex 4.929476692062031 -8.74130335945612 13
    endloop
  endfacet
  facet normal 0.3675159365946848 -0.9300172236840195 0
    outer loop
      vertex 4.962503812856106 -8.73187196203234 1
      vertex 4.994447460431537 -8.719248755431465 13
      vertex 4.962503812856106 -8.73187196203234 13
    endloop
  endfacet
  facet normal 0.4569038756304192 -0.8895160754218567 0
    outer loop
      vertex 4.994447460431537 -8.719248755431465 1
      vertex 5.0249999999999995 -8.703555308033607 13
      vertex 4.994447460431537 -8.719248755431465 13
    endloop
  endfacet
  facet normal 0 0 1
    outer loop
      vertex 4.861451678987621 -8.750259022325782 13
      vertex 5.1672541287476506 -8.547523014903836 13
      vertex 4.829871717078891 -8.74974225028807 13
    endloop
  endfacet
  facet normal 0 0 1
    outer loop
      vertex 4.861451678987621 -8.750259022325782 13
      vertex 4.895684167277017 -8.747452118189887 13
      vertex 5.1672541287476506 -8.547523014903836 13
    endloop
  endfacet
  facet normal 0 0 1
    outer loop
      vertex 4.895684167277017 -8.747452118189887 13
      vertex 4.929476692062031 -8.74130335945612 13
      vertex 5.1672541287476506 -8.547523014903836 13
    endloop
  endfacet
  facet normal 0 0 1
    outer loop
      vertex 4.929476692062031 -8.74130335945612 13
      vertex 4.962503812856106 -8.73187196203234 13
      vertex 5.1672541287476506 -8.547523014903836 13
    endloop
  endfacet
  facet normal 0.5418915805747543 -0.8404484010944364 0
    outer loop
      vertex 5.0249999999999995 -8.703555308033607 1
      vertex 5.053867193903731 -8.684942756316119 13
      vertex 5.0249999999999995 -8.703555308033607 13
    endloop
  endfacet
  facet normal 0.6216605733700664 -0.7832867492286589 0
    outer loop
      vertex 5.053867193903731 -8.684942756316119 1
      vertex 5.080771035285023 -8.663590349326697 13
      vertex 5.053867193903731 -8.684942756316119 13
    endloop
  endfacet
  facet normal 0.695442635009618 -0.718581617779692 0
    outer loop
      vertex 5.080771035285023 -8.663590349326697 1
      vertex 5.105452425444242 -8.639703722417059 13
      vertex 5.080771035285023 -8.663590349326697 13
    endloop
  endfacet
  facet normal 0.762527203906385 -0.6469561525348609 0
    outer loop
      vertex 5.127673669101932 -8.613512916862106 1
      vertex 5.127673669101932 -8.613512916862106 13
      vertex 5.105452425444242 -8.639703722417059 13
    endloop
  endfacet
  facet normal 0.8222682189897754 -0.5691001458788978 0
    outer loop
      vertex 5.147220763534302 -8.585270164436682 1
      vertex 5.147220763534302 -8.585270164436682 13
      vertex 5.127673669101932 -8.613512916862106 13
    endloop
  endfacet
  facet normal 0.8740903416267589 -0.48576339371633986 0
    outer loop
      vertex 5.163905459536441 -8.555247458285704 1
      vertex 5.163905459536441 -8.555247458285704 13
      vertex 5.147220763534302 -8.585270164436682 13
    endloop
  endfacet
  facet normal 0.9174944964474866 -0.3977484745270217 0
    outer loop
      vertex 5.1672541287476506 -8.547523014903836 1
      vertex 5.1672541287476506 -8.547523014903836 13
      vertex 5.163905459536441 -8.555247458285704 13
    endloop
  endfacet
  facet normal 0 0 1
    outer loop
      vertex 4.962503812856106 -8.73187196203234 13
      vertex 4.994447460431537 -8.719248755431465 13
      vertex 5.1672541287476506 -8.547523014903836 13
    endloop
  endfacet
  facet normal 0 0 1
    outer loop
      vertex 4.994447460431537 -8.719248755431465 13
      vertex 5.0249999999999995 -8.703555308033607 13
      vertex 5.1672541287476506 -8.547523014903836 13
    endloop
  endfacet
  facet normal 0 0 1
    outer loop
      vertex 5.0249999999999995 -8.703555308033607 13
      vertex 5.053867193903731 -8.684942756316119 13
      vertex 5.1672541287476506 -8.547523014903836 13
    endloop
  endfacet
  facet normal 0 0 1
    outer loop
      vertex 5.053867193903731 -8.684942756316119 13
      vertex 5.080771035285023 -8.663590349326697 13
      vertex 5.1672541287476506 -8.547523014903836 13
    endloop
  endfacet
  facet normal 0 0 1
    outer loop
      vertex 5.080771035285023 -8.663590349326697 13
      vertex 5.105452425444242 -8.639703722417059 13
      vertex 5.1672541287476506 -8.547523014903836 13
    endloop
  endfacet
  facet normal 0 0 1
    outer loop
      vertex 5.105452425444242 -8.639703722417059 13
      vertex 5.127673669101932 -8.613512916862106 13
      vertex 5.1672541287476506 -8.547523014903836 13
    endloop
  endfacet
  facet normal 0 0 1
    outer loop
      vertex 5.127673669101932 -8.613512916862106 13
      vertex 5.147220763534302 -8.585270164436682 13
      vertex 5.1672541287476506 -8.547523014903836 13
    endloop
  endfacet
  facet normal 0 0 1
    outer loop
      vertex 5.147220763534302 -8.585270164436682 13
      vertex 5.163905459536441 -8.555247458285704 13
      vertex 5.1672541287476506 -8.547523014903836 13
    endloop
  endfacet
  facet normal 0 0 -1
    outer loop
      vertex 6.540789299377837 -7.554882792517609 1
      vertex 6.536846111588659 -7.555258137539964 1
      vertex 6.574498444310181 -7.548292230080149 1
    endloop
  endfacet
  facet normal 0 0 -1
    outer loop
      vertex 6.536846111588659 -7.555258137539964 1
      vertex 6.607399282412744 -7.5384293290129865 1
      vertex 6.574498444310181 -7.548292230080149 1
    endloop
  endfacet
  facet normal 0 0 -1
    outer loop
      vertex 6.536846111588659 -7.555258137539964 1
      vertex 6.639174960629175 -7.525389074445008 1
      vertex 6.607399282412744 -7.5384293290129865 1
    endloop
  endfacet
  facet normal 0 0 -1
    outer loop
      vertex 6.536846111588659 -7.555258137539964 1
      vertex 6.669519461807893 -7.509297051156231 1
      vertex 6.639174960629175 -7.525389074445008 1
    endloop
  endfacet
  facet normal 0 0 -1
    outer loop
      vertex 6.536846111588659 -7.555258137539964 1
      vertex 6.698140551814557 -7.490308234127724 1
      vertex 6.669519461807893 -7.509297051156231 1
    endloop
  endfacet
  facet normal 0 0 -1
    outer loop
      vertex 6.536846111588659 -7.555258137539964 1
      vertex 6.724762593906525 -7.468605496047811 1
      vertex 6.698140551814557 -7.490308234127724 1
    endloop
  endfacet
  facet normal 0 0 -1
    outer loop
      vertex 6.536846111588659 -7.555258137539964 1
      vertex 6.74912920326536 -7.444397846148128 1
      vertex 6.724762593906525 -7.468605496047811 1
    endloop
  endfacet
  facet normal 0 0 -1
    outer loop
      vertex 6.536846111588659 -7.555258137539964 1
      vertex 6.7710057161227954 -7.417918417330453 1
      vertex 6.74912920326536 -7.444397846148128 1
    endloop
  endfacet
  facet normal 0 0 -1
    outer loop
      vertex 6.536846111588659 -7.555258137539964 1
      vertex 6.790181449701095 -7.389422220969434 1
      vertex 6.7710057161227954 -7.417918417330453 1
    endloop
  endfacet
  facet normal 0 0 -1
    outer loop
      vertex 6.536846111588659 -7.555258137539964 1
      vertex 6.8064717312033745 -7.359183691013627 1
      vertex 6.790181449701095 -7.389422220969434 1
    endloop
  endfacet
  facet normal 0 0 -1
    outer loop
      vertex 6.536846111588659 -7.555258137539964 1
      vertex 6.819719676313599 -7.327494041036571 1
      vertex 6.8064717312033745 -7.359183691013627 1
    endloop
  endfacet
  facet normal 0 0 -1
    outer loop
      vertex 6.536846111588659 -7.555258137539964 1
      vertex 6.829797700078289 -7.294658459690871 1
      vertex 6.819719676313599 -7.327494041036571 1
    endloop
  endfacet
  facet normal 0 0 -1
    outer loop
      vertex 6.536846111588659 -7.555258137539964 1
      vertex 6.831015657387615 -7.288638402493431 1
      vertex 6.829797700078289 -7.294658459690871 1
    endloop
  endfacet
  facet normal 0.09475988689760581 -0.995500157626885 -3.972604602435016e-23
    outer loop
      vertex 6.540789299377837 -7.554882792517609 1
      vertex 6.536846111588659 -7.555258137539964 13
      vertex 6.536846111588659 -7.555258137539964 1
    endloop
  endfacet
  facet normal 0.19187967078991341 -0.9814184591383812 3.692773851494123e-21
    outer loop
      vertex 6.540789299377837 -7.554882792517609 1
      vertex 6.574498444310181 -7.548292230080149 1
      vertex 6.574498444310181 -7.548292230080149 13
    endloop
  endfacet
  facet normal 0.2871515485603916 -0.957885164390476 -6.70744534922658e-21
    outer loop
      vertex 6.574498444310181 -7.548292230080149 1
      vertex 6.607399282412744 -7.5384293290129865 1
      vertex 6.607399282412744 -7.5384293290129865 13
    endloop
  endfacet
  facet normal 0.3796579999452268 -0.9251269118761978 -1.963822159475353e-20
    outer loop
      vertex 6.607399282412744 -7.5384293290129865 1
      vertex 6.639174960629175 -7.525389074445008 1
      vertex 6.639174960629175 -7.525389074445008 13
    endloop
  endfacet
  facet normal 0.46850813724846196 -0.8834591814747167 -5.786216885000915e-20
    outer loop
      vertex 6.639174960629175 -7.525389074445008 1
      vertex 6.669519461807893 -7.509297051156231 1
      vertex 6.669519461807893 -7.509297051156231 13
    endloop
  endfacet
  facet normal 0.5528462850773151 -0.8332832562077629 1.1913993167581948e-19
    outer loop
      vertex 6.669519461807893 -7.509297051156231 1
      vertex 6.698140551814557 -7.490308234127724 1
      vertex 6.698140551814557 -7.490308234127724 13
    endloop
  endfacet
  facet normal 0.6318602209644143 -0.7750823576645269 -4.1073003905807545e-20
    outer loop
      vertex 6.698140551814557 -7.490308234127724 1
      vertex 6.724762593906525 -7.468605496047811 1
      vertex 6.724762593906525 -7.468605496047811 13
    endloop
  endfacet
  facet normal 0.7047889975136711 -0.709416992313882 9.124973273114502e-20
    outer loop
      vertex 6.724762593906525 -7.468605496047811 1
      vertex 6.74912920326536 -7.444397846148128 1
      vertex 6.74912920326536 -7.444397846148128 13
    endloop
  endfacet
  facet normal 0.7709302707400276 -0.6369195535204644 0
    outer loop
      vertex 6.74912920326536 -7.444397846148128 1
      vertex 6.7710057161227954 -7.417918417330453 1
      vertex 6.74912920326536 -7.444397846148128 13
    endloop
  endfacet
  facet normal 0.8296470640257663 -0.5582882312510501 0
    outer loop
      vertex 6.7710057161227954 -7.417918417330453 1
      vertex 6.790181449701095 -7.389422220969434 1
      vertex 6.7710057161227954 -7.417918417330453 13
    endloop
  endfacet
  facet normal 0.8803739025537863 -0.4742802881231903 0
    outer loop
      vertex 6.790181449701095 -7.389422220969434 1
      vertex 6.8064717312033745 -7.359183691013627 1
      vertex 6.790181449701095 -7.389422220969434 13
    endloop
  endfacet
  facet normal 0.9226222591388075 -0.3857047665528692 0
    outer loop
      vertex 6.8064717312033745 -7.359183691013627 1
      vertex 6.819719676313599 -7.327494041036571 1
      vertex 6.8064717312033745 -7.359183691013627 13
    endloop
  endfacet
  facet normal 0.955985259011743 -0.2934146972328594 0
    outer loop
      vertex 6.819719676313599 -7.327494041036571 1
      vertex 6.829797700078289 -7.294658459690871 1
      vertex 6.819719676313599 -7.327494041036571 13
    endloop
  endfacet
  facet normal 0.9801415982456904 -0.1982988839816897 0
    outer loop
      vertex 6.829797700078289 -7.294658459690871 1
      vertex 6.831015657387615 -7.288638402493431 1
      vertex 6.829797700078289 -7.294658459690871 13
    endloop
  endfacet
  facet normal 0.09475988689760581 -0.995500157626885 0
    outer loop
      vertex 6.540789299377837 -7.554882792517609 1
      vertex 6.540789299377837 -7.554882792517609 13
      vertex 6.536846111588659 -7.555258137539964 13
    endloop
  endfacet
  facet normal 0.19187967078991341 -0.9814184591383812 0
    outer loop
      vertex 6.540789299377837 -7.554882792517609 1
      vertex 6.574498444310181 -7.548292230080149 13
      vertex 6.540789299377837 -7.554882792517609 13
    endloop
  endfacet
  facet normal 0.2871515485603916 -0.957885164390476 0
    outer loop
      vertex 6.574498444310181 -7.548292230080149 1
      vertex 6.607399282412744 -7.5384293290129865 13
      vertex 6.574498444310181 -7.548292230080149 13
    endloop
  endfacet
  facet normal 0.3796579999452268 -0.9251269118761978 0
    outer loop
      vertex 6.607399282412744 -7.5384293290129865 1
      vertex 6.639174960629175 -7.525389074445008 13
      vertex 6.607399282412744 -7.5384293290129865 13
    endloop
  endfacet
  facet normal 0.46850813724846196 -0.8834591814747167 0
    outer loop
      vertex 6.639174960629175 -7.525389074445008 1
      vertex 6.669519461807893 -7.509297051156231 13
      vertex 6.639174960629175 -7.525389074445008 13
    endloop
  endfacet
  facet normal 0.5528462850773151 -0.8332832562077629 0
    outer loop
      vertex 6.669519461807893 -7.509297051156231 1
      vertex 6.698140551814557 -7.490308234127724 13
      vertex 6.669519461807893 -7.509297051156231 13
    endloop
  endfacet
  facet normal 0.6318602209644143 -0.7750823576645269 0
    outer loop
      vertex 6.698140551814557 -7.490308234127724 1
      vertex 6.724762593906525 -7.468605496047811 13
      vertex 6.698140551814557 -7.490308234127724 13
    endloop
  endfacet
  facet normal 0.7047889975136711 -0.709416992313882 0
    outer loop
      vertex 6.724762593906525 -7.468605496047811 1
      vertex 6.74912920326536 -7.444397846148128 13
      vertex 6.724762593906525 -7.468605496047811 13
    endloop
  endfacet
  facet normal 0.7709302707400276 -0.6369195535204644 0
    outer loop
      vertex 6.7710057161227954 -7.417918417330453 1
      vertex 6.7710057161227954 -7.417918417330453 13
      vertex 6.74912920326536 -7.444397846148128 13
    endloop
  endfacet
  facet normal 0.8296470640257663 -0.5582882312510501 0
    outer loop
      vertex 6.790181449701095 -7.389422220969434 1
      vertex 6.790181449701095 -7.389422220969434 13
      vertex 6.7710057161227954 -7.417918417330453 13
    endloop
  endfacet
  facet normal 0.8803739025537863 -0.4742802881231903 0
    outer loop
      vertex 6.8064717312033745 -7.359183691013627 1
      vertex 6.8064717312033745 -7.359183691013627 13
      vertex 6.790181449701095 -7.389422220969434 13
    endloop
  endfacet
  facet normal 0.9226222591388075 -0.3857047665528692 0
    outer loop
      vertex 6.819719676313599 -7.327494041036571 1
      vertex 6.819719676313599 -7.327494041036571 13
      vertex 6.8064717312033745 -7.359183691013627 13
    endloop
  endfacet
  facet normal 0.955985259011743 -0.2934146972328594 0
    outer loop
      vertex 6.829797700078289 -7.294658459690871 1
      vertex 6.829797700078289 -7.294658459690871 13
      vertex 6.819719676313599 -7.327494041036571 13
    endloop
  endfacet
  facet normal 0.9801415982456904 -0.1982988839816897 0
    outer loop
      vertex 6.831015657387615 -7.288638402493431 1
      vertex 6.831015657387615 -7.288638402493431 13
      vertex 6.829797700078289 -7.294658459690871 13
    endloop
  endfacet
  facet normal 0 0 1
    outer loop
      vertex 6.540789299377837 -7.554882792517609 13
      vertex 6.831015657387615 -7.288638402493431 13
      vertex 6.536846111588659 -7.555258137539964 13
    endloop
  endfacet
  facet normal 0 0 1
    outer loop
      vertex 6.540789299377837 -7.554882792517609 13
      vertex 6.574498444310181 -7.548292230080149 13
      vertex 6.831015657387615 -7.288638402493431 13
    endloop
  endfacet
  facet normal 0 0 1
    outer loop
      vertex 6.574498444310181 -7.548292230080149 13
      vertex 6.607399282412744 -7.5384293290129865 13
      vertex 6.831015657387615 -7.288638402493431 13
    endloop
  endfacet
  facet normal 0 0 1
    outer loop
      vertex 6.607399282412744 -7.5384293290129865 13
      vertex 6.639174960629175 -7.525389074445008 13
      vertex 6.831015657387615 -7.288638402493431 13
    endloop
  endfacet
  facet normal 0 0 1
    outer loop
      vertex 6.639174960629175 -7.525389074445008 13
      vertex 6.669519461807893 -7.509297051156231 13
      vertex 6.831015657387615 -7.288638402493431 13
    endloop
  endfacet
  facet normal 0 0 1
    outer loop
      vertex 6.669519461807893 -7.509297051156231 13
      vertex 6.698140551814557 -7.490308234127724 13
      vertex 6.831015657387615 -7.288638402493431 13
    endloop
  endfacet
  facet normal 0 0 1
    outer loop
      vertex 6.698140551814557 -7.490308234127724 13
      vertex 6.724762593906525 -7.468605496047811 13
      vertex 6.831015657387615 -7.288638402493431 13
    endloop
  endfacet
  facet normal 0 0 1
    outer loop
      vertex 6.724762593906525 -7.468605496047811 13
      vertex 6.74912920326536 -7.444397846148128 13
      vertex 6.831015657387615 -7.288638402493431 13
    endloop
  endfacet
  facet normal 0 0 1
    outer loop
      vertex 6.74912920326536 -7.444397846148128 13
      vertex 6.7710057161227954 -7.417918417330453 13
      vertex 6.831015657387615 -7.288638402493431 13
    endloop
  endfacet
  facet normal 0 0 1
    outer loop
      vertex 6.7710057161227954 -7.417918417330453 13
      vertex 6.790181449701095 -7.389422220969434 13
      vertex 6.831015657387615 -7.288638402493431 13
    endloop
  endfacet
  facet normal 0 0 1
    outer loop
      vertex 6.790181449701095 -7.389422220969434 13
      vertex 6.8064717312033745 -7.359183691013627 13
      vertex 6.831015657387615 -7.288638402493431 13
    endloop
  endfacet
  facet normal 0 0 1
    outer loop
      vertex 6.8064717312033745 -7.359183691013627 13
      vertex 6.819719676313599 -7.327494041036571 13
      vertex 6.831015657387615 -7.288638402493431 13
    endloop
  endfacet
  facet normal 0 0 1
    outer loop
      vertex 6.819719676313599 -7.327494041036571 13
      vertex 6.829797700078289 -7.294658459690871 13
      vertex 6.831015657387615 -7.288638402493431 13
    endloop
  endfacet
  facet normal 0 0 -1
    outer loop
      vertex 7.968605815414113 -6.029883914809858 1
      vertex 7.961322403640311 -6.032171633915142 1
      vertex 8.000208079672658 -6.016428846655266 1
    endloop
  endfacet
  facet normal 0 0 -1
    outer loop
      vertex 7.961322403640311 -6.032171633915142 1
      vertex 8.03033934308757 -5.99994100476092 1
      vertex 8.000208079672658 -6.016428846655266 1
    endloop
  endfacet
  facet normal 0 0 -1
    outer loop
      vertex 7.961322403640311 -6.032171633915142 1
      vertex 8.05870942512074 -5.980579176057437 1
      vertex 8.03033934308757 -5.99994100476092 1
    endloop
  endfacet
  facet normal 0 0 -1
    outer loop
      vertex 7.961322403640311 -6.032171633915142 1
      vertex 8.085045106373519 -5.958529825539478 1
      vertex 8.05870942512074 -5.980579176057437 1
    endloop
  endfacet
  facet normal 0 0 -1
    outer loop
      vertex 7.961322403640311 -6.032171633915142 1
      vertex 8.109092759838898 -5.934005300505937 1
      vertex 8.085045106373519 -5.958529825539478 1
    endloop
  endfacet
  facet normal 0 0 -1
    outer loop
      vertex 7.961322403640311 -6.032171633915142 1
      vertex 8.130620793468221 -5.907241785539354 1
      vertex 8.109092759838898 -5.934005300505937 1
    endloop
  endfacet
  facet normal 0 0 -1
    outer loop
      vertex 7.961322403640311 -6.032171633915142 1
      vertex 8.149421880529218 -5.878497027919284 1
      vertex 8.130620793468221 -5.907241785539354 1
    endloop
  endfacet
  facet normal 0 0 -1
    outer loop
      vertex 7.961322403640311 -6.032171633915142 1
      vertex 8.165314956275767 -5.848047855375088 1
      vertex 8.149421880529218 -5.878497027919284 1
    endloop
  endfacet
  facet normal 0 0 -1
    outer loop
      vertex 7.961322403640311 -6.032171633915142 1
      vertex 8.178146961700397 -5.816187510083583 1
      vertex 8.165314956275767 -5.848047855375088 1
    endloop
  endfacet
  facet normal 0 0 -1
    outer loop
      vertex 7.961322403640311 -6.032171633915142 1
      vertex 8.187794317576175 -5.783222824586556 1
      vertex 8.178146961700397 -5.816187510083583 1
    endloop
  endfacet
  facet normal 0 0 -1
    outer loop
      vertex 7.961322403640311 -6.032171633915142 1
      vertex 8.194164114592242 -5.749471266825678 1
      vertex 8.187794317576175 -5.783222824586556 1
    endloop
  endfacet
  facet normal 0 0 -1
    outer loop
      vertex 7.961322403640311 -6.032171633915142 1
      vertex 8.197184120588886 -5.714148923443002 1
      vertex 8.197195008121243 -5.715257882752663 1
    endloop
  endfacet
  facet normal 0 0 -1
    outer loop
      vertex 7.961322403640311 -6.032171633915142 1
      vertex 8.197195008121243 -5.715257882752663 1
      vertex 8.194164114592242 -5.749471266825678 1
    endloop
  endfacet
  facet normal 0.29966527699621603 -0.9540444024062931 -1.1893519542196115e-20
    outer loop
      vertex 7.968605815414113 -6.029883914809858 1
      vertex 7.961322403640311 -6.032171633915142 13
      vertex 7.961322403640311 -6.032171633915142 1
    endloop
  endfacet
  facet normal 0.39173501085197227 -0.9200780843345879 -6.085731236462615e-21
    outer loop
      vertex 7.968605815414113 -6.029883914809858 1
      vertex 8.000208079672658 -6.016428846655266 1
      vertex 8.000208079672658 -6.016428846655266 13
    endloop
  endfacet
  facet normal 0.4800321224090313 -0.8772509113449132 -7.679846046977854e-20
    outer loop
      vertex 8.000208079672658 -6.016428846655266 1
      vertex 8.03033934308757 -5.99994100476092 1
      vertex 8.03033934308757 -5.99994100476092 13
    endloop
  endfacet
  facet normal 0.5637062622149607 -0.8259753325249115 3.537916255017306e-20
    outer loop
      vertex 8.03033934308757 -5.99994100476092 1
      vertex 8.05870942512074 -5.980579176057437 1
      vertex 8.05870942512074 -5.980579176057437 13
    endloop
  endfacet
  facet normal 0.6419516025627421 -0.7667451597285289 -8.58715209576683e-20
    outer loop
      vertex 8.05870942512074 -5.980579176057437 1
      vertex 8.085045106373519 -5.958529825539478 1
      vertex 8.085045106373519 -5.958529825539478 13
    endloop
  endfacet
  facet normal 0.714014598051261 -0.7001308118985309 0
    outer loop
      vertex 8.085045106373519 -5.958529825539478 1
      vertex 8.109092759838898 -5.934005300505937 1
      vertex 8.085045106373519 -5.958529825539478 13
    endloop
  endfacet
  facet normal 0.7792012426405085 -0.6267738216194798 0
    outer loop
      vertex 8.109092759838898 -5.934005300505937 1
      vertex 8.130620793468221 -5.907241785539354 1
      vertex 8.109092759838898 -5.934005300505937 13
    endloop
  endfacet
  facet normal 0.836883753308391 -0.5473806568088244 0
    outer loop
      vertex 8.130620793468221 -5.907241785539354 1
      vertex 8.149421880529218 -5.878497027919284 1
      vertex 8.130620793468221 -5.907241785539354 13
    endloop
  endfacet
  facet normal 0.8865066159447833 -0.4627159170442794 0
    outer loop
      vertex 8.149421880529218 -5.878497027919284 1
      vertex 8.165314956275767 -5.848047855375088 1
      vertex 8.149421880529218 -5.878497027919284 13
    endloop
  endfacet
  facet normal 0.9275919352556972 -0.37359497005258324 0
    outer loop
      vertex 8.165314956275767 -5.848047855375088 1
      vertex 8.178146961700397 -5.816187510083583 1
      vertex 8.165314956275767 -5.848047855375088 13
    endloop
  endfacet
  facet normal 0.9597440371568723 -0.2808760992712411 0
    outer loop
      vertex 8.178146961700397 -5.816187510083583 1
      vertex 8.187794317576175 -5.783222824586556 1
      vertex 8.178146961700397 -5.816187510083583 13
    endloop
  endfacet
  facet normal 0.9826532793307036 -0.18545223811163467 0
    outer loop
      vertex 8.187794317576175 -5.783222824586556 1
      vertex 8.194164114592242 -5.749471266825678 1
      vertex 8.187794317576175 -5.783222824586556 13
    endloop
  endfacet
  facet normal 0.9960990332516875 -0.08824237052036689 0
    outer loop
      vertex 8.194164114592242 -5.749471266825678 1
      vertex 8.197195008121243 -5.715257882752663 1
      vertex 8.194164114592242 -5.749471266825678 13
    endloop
  endfacet
  facet normal 0.9999518089593262 0.00981731933732761 0
    outer loop
      vertex 8.197195008121243 -5.715257882752663 1
      vertex 8.197184120588886 -5.714148923443002 1
      vertex 8.197195008121243 -5.715257882752663 13
    endloop
  endfacet
  facet normal 0.29966527699621603 -0.9540444024062931 0
    outer loop
      vertex 7.968605815414113 -6.029883914809858 1
      vertex 7.968605815414113 -6.029883914809858 13
      vertex 7.961322403640311 -6.032171633915142 13
    endloop
  endfacet
  facet normal 0.39173501085197227 -0.9200780843345879 0
    outer loop
      vertex 7.968605815414113 -6.029883914809858 1
      vertex 8.000208079672658 -6.016428846655266 13
      vertex 7.968605815414113 -6.029883914809858 13
    endloop
  endfacet
  facet normal 0.4800321224090313 -0.8772509113449132 0
    outer loop
      vertex 8.000208079672658 -6.016428846655266 1
      vertex 8.03033934308757 -5.99994100476092 13
      vertex 8.000208079672658 -6.016428846655266 13
    endloop
  endfacet
  facet normal 0.5637062622149607 -0.8259753325249115 0
    outer loop
      vertex 8.03033934308757 -5.99994100476092 1
      vertex 8.05870942512074 -5.980579176057437 13
      vertex 8.03033934308757 -5.99994100476092 13
    endloop
  endfacet
  facet normal 0.6419516025627421 -0.7667451597285289 0
    outer loop
      vertex 8.05870942512074 -5.980579176057437 1
      vertex 8.085045106373519 -5.958529825539478 13
      vertex 8.05870942512074 -5.980579176057437 13
    endloop
  endfacet
  facet normal 0.714014598051261 -0.7001308118985309 0
    outer loop
      vertex 8.109092759838898 -5.934005300505937 1
      vertex 8.109092759838898 -5.934005300505937 13
      vertex 8.085045106373519 -5.958529825539478 13
    endloop
  endfacet
  facet normal 0.7792012426405085 -0.6267738216194798 0
    outer loop
      vertex 8.130620793468221 -5.907241785539354 1
      vertex 8.130620793468221 -5.907241785539354 13
      vertex 8.109092759838898 -5.934005300505937 13
    endloop
  endfacet
  facet normal 0.836883753308391 -0.5473806568088244 0
    outer loop
      vertex 8.149421880529218 -5.878497027919284 1
      vertex 8.149421880529218 -5.878497027919284 13
      vertex 8.130620793468221 -5.907241785539354 13
    endloop
  endfacet
  facet normal 0.8865066159447833 -0.4627159170442794 0
    outer loop
      vertex 8.165314956275767 -5.848047855375088 1
      vertex 8.165314956275767 -5.848047855375088 13
      vertex 8.149421880529218 -5.878497027919284 13
    endloop
  endfacet
  facet normal 0.9275919352556972 -0.37359497005258324 0
    outer loop
      vertex 8.178146961700397 -5.816187510083583 1
      vertex 8.178146961700397 -5.816187510083583 13
      vertex 8.165314956275767 -5.848047855375088 13
    endloop
  endfacet
  facet normal 0.9597440371568723 -0.2808760992712411 0
    outer loop
      vertex 8.187794317576175 -5.783222824586556 1
      vertex 8.187794317576175 -5.783222824586556 13
      vertex 8.178146961700397 -5.816187510083583 13
    endloop
  endfacet
  facet normal 0.9826532793307036 -0.18545223811163467 0
    outer loop
      vertex 8.194164114592242 -5.749471266825678 1
      vertex 8.194164114592242 -5.749471266825678 13
      vertex 8.187794317576175 -5.783222824586556 13
    endloop
  endfacet
  facet normal 0.9960990332516875 -0.08824237052036689 0
    outer loop
      vertex 8.197195008121243 -5.715257882752663 1
      vertex 8.197195008121243 -5.715257882752663 13
      vertex 8.194164114592242 -5.749471266825678 13
    endloop
  endfacet
  facet normal 0.9999518089593262 0.00981731933732761 0
    outer loop
      vertex 8.197184120588886 -5.714148923443002 1
      vertex 8.197184120588886 -5.714148923443002 13
      vertex 8.197195008121243 -5.715257882752663 13
    endloop
  endfacet
  facet normal 0 0 1
    outer loop
      vertex 7.968605815414113 -6.029883914809858 13
      vertex 8.197184120588886 -5.714148923443002 13
      vertex 7.961322403640311 -6.032171633915142 13
    endloop
  endfacet
  facet normal 0 0 1
    outer loop
      vertex 7.968605815414113 -6.029883914809858 13
      vertex 8.000208079672658 -6.016428846655266 13
      vertex 8.197184120588886 -5.714148923443002 13
    endloop
  endfacet
  facet normal 0 0 1
    outer loop
      vertex 8.000208079672658 -6.016428846655266 13
      vertex 8.03033934308757 -5.99994100476092 13
      vertex 8.197184120588886 -5.714148923443002 13
    endloop
  endfacet
  facet normal 0 0 1
    outer loop
      vertex 8.03033934308757 -5.99994100476092 13
      vertex 8.05870942512074 -5.980579176057437 13
      vertex 8.197184120588886 -5.714148923443002 13
    endloop
  endfacet
  facet normal 0 0 1
    outer loop
      vertex 8.05870942512074 -5.980579176057437 13
      vertex 8.085045106373519 -5.958529825539478 13
      vertex 8.197184120588886 -5.714148923443002 13
    endloop
  endfacet
  facet normal 0 0 1
    outer loop
      vertex 8.085045106373519 -5.958529825539478 13
      vertex 8.109092759838898 -5.934005300505937 13
      vertex 8.197184120588886 -5.714148923443002 13
    endloop
  endfacet
  facet normal 0 0 1
    outer loop
      vertex 8.109092759838898 -5.934005300505937 13
      vertex 8.130620793468221 -5.907241785539354 13
      vertex 8.197184120588886 -5.714148923443002 13
    endloop
  endfacet
  facet normal 0 0 1
    outer loop
      vertex 8.130620793468221 -5.907241785539354 13
      vertex 8.149421880529218 -5.878497027919284 13
      vertex 8.197184120588886 -5.714148923443002 13
    endloop
  endfacet
  facet normal 0 0 1
    outer loop
      vertex 8.149421880529218 -5.878497027919284 13
      vertex 8.165314956275767 -5.848047855375088 13
      vertex 8.197184120588886 -5.714148923443002 13
    endloop
  endfacet
  facet normal 0 0 1
    outer loop
      vertex 8.165314956275767 -5.848047855375088 13
      vertex 8.178146961700397 -5.816187510083583 13
      vertex 8.197184120588886 -5.714148923443002 13
    endloop
  endfacet
  facet normal 0 0 1
    outer loop
      vertex 8.178146961700397 -5.816187510083583 13
      vertex 8.187794317576175 -5.783222824586556 13
      vertex 8.197184120588886 -5.714148923443002 13
    endloop
  endfacet
  facet normal 0 0 1
    outer loop
      vertex 8.187794317576175 -5.783222824586556 13
      vertex 8.194164114592242 -5.749471266825678 13
      vertex 8.197184120588886 -5.714148923443002 13
    endloop
  endfacet
  facet normal 0 0 1
    outer loop
      vertex 8.194164114592242 -5.749471266825678 13
      vertex 8.197195008121243 -5.715257882752663 13
      vertex 8.197184120588886 -5.714148923443002 13
    endloop
  endfacet
  facet normal 0 0 -1
    outer loop
      vertex 9.048156019703692 -4.241350175431653 1
      vertex 9.040773445782623 -4.245516410402635 1
      vertex 9.076270232695856 -4.2216186526028645 1
    endloop
  endfacet
  facet normal 0 0 -1
    outer loop
      vertex 9.040773445782623 -4.245516410402635 1
      vertex 9.10231504062604 -4.199226467689562 1
      vertex 9.076270232695856 -4.2216186526028645 1
    endloop
  endfacet
  facet normal 0 0 -1
    outer loop
      vertex 9.040773445782623 -4.245516410402635 1
      vertex 9.126039617756343 -4.174389269673276 1
      vertex 9.10231504062604 -4.199226467689562 1
    endloop
  endfacet
  facet normal 0 0 -1
    outer loop
      vertex 9.040773445782623 -4.245516410402635 1
      vertex 9.147215483439815 -4.147346254348293 1
      vertex 9.126039617756343 -4.174389269673276 1
    endloop
  endfacet
  facet normal 0 0 -1
    outer loop
      vertex 9.040773445782623 -4.245516410402635 1
      vertex 9.165638702514027 -4.118357860735412 1
      vertex 9.147215483439815 -4.147346254348293 1
    endloop
  endfacet
  facet normal 0 0 -1
    outer loop
      vertex 9.040773445782623 -4.245516410402635 1
      vertex 9.181131849308137 -4.087703262911791 1
      vertex 9.165638702514027 -4.118357860735412 1
    endloop
  endfacet
  facet normal 0 0 -1
    outer loop
      vertex 9.040773445782623 -4.245516410402635 1
      vertex 9.193545716349103 -4.055677681411981 1
      vertex 9.181131849308137 -4.087703262911791 1
    endloop
  endfacet
  facet normal 0 0 -1
    outer loop
      vertex 9.040773445782623 -4.245516410402635 1
      vertex 9.202760751311207 -4.022589540092787 1
      vertex 9.193545716349103 -4.055677681411981 1
    endloop
  endfacet
  facet normal 0 0 -1
    outer loop
      vertex 9.040773445782623 -4.245516410402635 1
      vertex 9.208688208370317 -3.988757495842932 1
      vertex 9.202760751311207 -4.022589540092787 1
    endloop
  endfacet
  facet normal 0 0 -1
    outer loop
      vertex 9.040773445782623 -4.245516410402635 1
      vertex 9.210484261101302 -3.9201690092304102 1
      vertex 9.208688208370317 -3.988757495842932 1
    endloop
  endfacet
  facet normal 0 0 -1
    outer loop
      vertex 9.040773445782623 -4.245516410402635 1
      vertex 9.207244475491594 -3.8935429904048133 1
      vertex 9.210484261101302 -3.9201690092304102 1
    endloop
  endfacet
  facet normal 0 0 -1
    outer loop
      vertex 9.208688208370317 -3.988757495842932 1
      vertex 9.210484261101302 -3.9201690092304102 1
      vertex 9.211271002874673 -3.954507369743017 1
    endloop
  endfacet
  facet normal 0.4914738565366515 -0.8708923287875434 2.6465720490042617e-21
    outer loop
      vertex 9.048156019703692 -4.241350175431653 1
      vertex 9.040773445782623 -4.245516410402635 13
      vertex 9.040773445782623 -4.245516410402635 1
    endloop
  endfacet
  facet normal 0.5744696511866412 -0.8185258822208976 -4.684257680295587e-20
    outer loop
      vertex 9.048156019703692 -4.241350175431653 1
      vertex 9.076270232695856 -4.2216186526028645 1
      vertex 9.076270232695856 -4.2216186526028645 13
    endloop
  endfacet
  facet normal 0.6519329890587099 -0.7582765839566563 -1.2510059856630654e-19
    outer loop
      vertex 9.076270232695856 -4.2216186526028645 1
      vertex 9.10231504062604 -4.199226467689562 1
      vertex 9.10231504062604 -4.199226467689562 13
    endloop
  endfacet
  facet normal 0.7231178558631837 -0.6907246676728955 0
    outer loop
      vertex 9.10231504062604 -4.199226467689562 1
      vertex 9.126039617756343 -4.174389269673276 1
      vertex 9.10231504062604 -4.199226467689562 13
    endloop
  endfacet
  facet normal 0.7873387024194657 -0.6165206952507206 0
    outer loop
      vertex 9.126039617756343 -4.174389269673276 1
      vertex 9.147215483439815 -4.147346254348293 1
      vertex 9.126039617756343 -4.174389269673276 13
    endloop
  endfacet
  facet normal 0.8439770468682068 -0.5363792915089289 0
    outer loop
      vertex 9.147215483439815 -4.147346254348293 1
      vertex 9.165638702514027 -4.118357860735412 1
      vertex 9.147215483439815 -4.147346254348293 13
    endloop
  endfacet
  facet normal 0.8924874309908323 -0.4510722619751566 0
    outer loop
      vertex 9.165638702514027 -4.118357860735412 1
      vertex 9.181131849308137 -4.087703262911791 1
      vertex 9.165638702514027 -4.118357860735412 13
    endloop
  endfacet
  facet normal 0.9324026732697615 -0.3614211599773903 0
    outer loop
      vertex 9.181131849308137 -4.087703262911791 1
      vertex 9.193545716349103 -4.055677681411981 1
      vertex 9.181131849308137 -4.087703262911791 13
    endloop
  endfacet
  facet normal 0.9633383681019868 -0.2682893746360465 0
    outer loop
      vertex 9.193545716349103 -4.055677681411981 1
      vertex 9.202760751311207 -4.022589540092787 1
      vertex 9.193545716349103 -4.055677681411981 13
    endloop
  endfacet
  facet normal 0.984996587835036 -0.17257381595519117 0
    outer loop
      vertex 9.202760751311207 -4.022589540092787 1
      vertex 9.208688208370317 -3.988757495842932 1
      vertex 9.202760751311207 -4.022589540092787 13
    endloop
  endfacet
  facet normal 0.9971687519733492 -0.07519627708811938 0
    outer loop
      vertex 9.208688208370317 -3.988757495842932 1
      vertex 9.211271002874673 -3.954507369743017 1
      vertex 9.208688208370317 -3.988757495842932 13
    endloop
  endfacet
  facet normal 0.9997376359222607 0.022905443033682152 0
    outer loop
      vertex 9.211271002874673 -3.954507369743017 1
      vertex 9.210484261101302 -3.9201690092304102 1
      vertex 9.211271002874673 -3.954507369743017 13
    endloop
  endfacet
  facet normal 0.9926784999250545 0.12078657121776237 0
    outer loop
      vertex 9.210484261101302 -3.9201690092304102 1
      vertex 9.207244475491594 -3.8935429904048133 1
      vertex 9.210484261101302 -3.9201690092304102 13
    endloop
  endfacet
  facet normal 0.4914738565366515 -0.8708923287875434 0
    outer loop
      vertex 9.048156019703692 -4.241350175431653 1
      vertex 9.048156019703692 -4.241350175431653 13
      vertex 9.040773445782623 -4.245516410402635 13
    endloop
  endfacet
  facet normal 0.5744696511866412 -0.8185258822208976 0
    outer loop
      vertex 9.048156019703692 -4.241350175431653 1
      vertex 9.076270232695856 -4.2216186526028645 13
      vertex 9.048156019703692 -4.241350175431653 13
    endloop
  endfacet
  facet normal 0.6519329890587099 -0.7582765839566563 0
    outer loop
      vertex 9.076270232695856 -4.2216186526028645 1
      vertex 9.10231504062604 -4.199226467689562 13
      vertex 9.076270232695856 -4.2216186526028645 13
    endloop
  endfacet
  facet normal 0.7231178558631837 -0.6907246676728955 0
    outer loop
      vertex 9.126039617756343 -4.174389269673276 1
      vertex 9.126039617756343 -4.174389269673276 13
      vertex 9.10231504062604 -4.199226467689562 13
    endloop
  endfacet
  facet normal 0.7873387024194657 -0.6165206952507206 0
    outer loop
      vertex 9.147215483439815 -4.147346254348293 1
      vertex 9.147215483439815 -4.147346254348293 13
      vertex 9.126039617756343 -4.174389269673276 13
    endloop
  endfacet
  facet normal 0.8439770468682068 -0.5363792915089289 0
    outer loop
      vertex 9.165638702514027 -4.118357860735412 1
      vertex 9.165638702514027 -4.118357860735412 13
      vertex 9.147215483439815 -4.147346254348293 13
    endloop
  endfacet
  facet normal 0.8924874309908323 -0.4510722619751566 0
    outer loop
      vertex 9.181131849308137 -4.087703262911791 1
      vertex 9.181131849308137 -4.087703262911791 13
      vertex 9.165638702514027 -4.118357860735412 13
    endloop
  endfacet
  facet normal 0.9324026732697615 -0.3614211599773903 0
    outer loop
      vertex 9.193545716349103 -4.055677681411981 1
      vertex 9.193545716349103 -4.055677681411981 13
      vertex 9.181131849308137 -4.087703262911791 13
    endloop
  endfacet
  facet normal 0.9633383681019868 -0.2682893746360465 0
    outer loop
      vertex 9.202760751311207 -4.022589540092787 1
      vertex 9.202760751311207 -4.022589540092787 13
      vertex 9.193545716349103 -4.055677681411981 13
    endloop
  endfacet
  facet normal 0.984996587835036 -0.17257381595519117 0
    outer loop
      vertex 9.208688208370317 -3.988757495842932 1
      vertex 9.208688208370317 -3.988757495842932 13
      vertex 9.202760751311207 -4.022589540092787 13
    endloop
  endfacet
  facet normal 0.9971687519733492 -0.07519627708811938 0
    outer loop
      vertex 9.211271002874673 -3.954507369743017 1
      vertex 9.211271002874673 -3.954507369743017 13
      vertex 9.208688208370317 -3.988757495842932 13
    endloop
  endfacet
  facet normal 0.9997376359222607 0.022905443033682152 0
    outer loop
      vertex 9.210484261101302 -3.9201690092304102 1
      vertex 9.210484261101302 -3.9201690092304102 13
      vertex 9.211271002874673 -3.954507369743017 13
    endloop
  endfacet
  facet normal 0.9926784999250545 0.12078657121776237 0
    outer loop
      vertex 9.207244475491594 -3.8935429904048133 1
      vertex 9.207244475491594 -3.8935429904048133 13
      vertex 9.210484261101302 -3.9201690092304102 13
    endloop
  endfacet
  facet normal 0 0 1
    outer loop
      vertex 9.048156019703692 -4.241350175431653 13
      vertex 9.207244475491594 -3.8935429904048133 13
      vertex 9.040773445782623 -4.245516410402635 13
    endloop
  endfacet
  facet normal 0 0 1
    outer loop
      vertex 9.048156019703692 -4.241350175431653 13
      vertex 9.076270232695856 -4.2216186526028645 13
      vertex 9.207244475491594 -3.8935429904048133 13
    endloop
  endfacet
  facet normal 0 0 1
    outer loop
      vertex 9.076270232695856 -4.2216186526028645 13
      vertex 9.10231504062604 -4.199226467689562 13
      vertex 9.207244475491594 -3.8935429904048133 13
    endloop
  endfacet
  facet normal 0 0 1
    outer loop
      vertex 9.10231504062604 -4.199226467689562 13
      vertex 9.126039617756343 -4.174389269673276 13
      vertex 9.207244475491594 -3.8935429904048133 13
    endloop
  endfacet
  facet normal 0 0 1
    outer loop
      vertex 9.126039617756343 -4.174389269673276 13
      vertex 9.147215483439815 -4.147346254348293 13
      vertex 9.207244475491594 -3.8935429904048133 13
    endloop
  endfacet
  facet normal 0 0 1
    outer loop
      vertex 9.147215483439815 -4.147346254348293 13
      vertex 9.165638702514027 -4.118357860735412 13
      vertex 9.207244475491594 -3.8935429904048133 13
    endloop
  endfacet
  facet normal 0 0 1
    outer loop
      vertex 9.165638702514027 -4.118357860735412 13
      vertex 9.181131849308137 -4.087703262911791 13
      vertex 9.207244475491594 -3.8935429904048133 13
    endloop
  endfacet
  facet normal 0 0 1
    outer loop
      vertex 9.181131849308137 -4.087703262911791 13
      vertex 9.193545716349103 -4.055677681411981 13
      vertex 9.207244475491594 -3.8935429904048133 13
    endloop
  endfacet
  facet normal 0 0 1
    outer loop
      vertex 9.193545716349103 -4.055677681411981 13
      vertex 9.202760751311207 -4.022589540092787 13
      vertex 9.207244475491594 -3.8935429904048133 13
    endloop
  endfacet
  facet normal 0 0 1
    outer loop
      vertex 9.202760751311207 -4.022589540092787 13
      vertex 9.208688208370317 -3.988757495842932 13
      vertex 9.207244475491594 -3.8935429904048133 13
    endloop
  endfacet
  facet normal 0 0 1
    outer loop
      vertex 9.208688208370317 -3.988757495842932 13
      vertex 9.211271002874673 -3.954507369743017 13
      vertex 9.210484261101302 -3.9201690092304102 13
    endloop
  endfacet
  facet normal 0 0 1
    outer loop
      vertex 9.208688208370317 -3.988757495842932 13
      vertex 9.210484261101302 -3.9201690092304102 13
      vertex 9.207244475491594 -3.8935429904048133 13
    endloop
  endfacet
  facet normal 0 0 -1
    outer loop
      vertex 9.732258388062503 -2.2674490811308945 1
      vertex 9.727512829572374 -2.2716383769876938 1
      vertex 9.755655823773564 -2.2423034658578795 1
    endloop
  endfacet
  facet normal 0 0 -1
    outer loop
      vertex 9.727512829572374 -2.2716383769876938 1
      vertex 9.776475893135618 -2.214985583855957 1
      vertex 9.755655823773564 -2.2423034658578795 1
    endloop
  endfacet
  facet normal 0 0 -1
    outer loop
      vertex 9.727512829572374 -2.2716383769876938 1
      vertex 9.794518087499304 -2.1857585212622785 1
      vertex 9.776475893135618 -2.214985583855957 1
    endloop
  endfacet
  facet normal 0 0 -1
    outer loop
      vertex 9.727512829572374 -2.2716383769876938 1
      vertex 9.809608650670027 -2.154903750666759 1
      vertex 9.794518087499304 -2.1857585212622785 1
    endloop
  endfacet
  facet normal 0 0 -1
    outer loop
      vertex 9.727512829572374 -2.2716383769876938 1
      vertex 9.807852804032304 -1.9509032201612824 1
      vertex 9.809608650670027 -2.154903750666759 1
    endloop
  endfacet
  facet normal 0 0 -1
    outer loop
      vertex 9.809608650670027 -2.154903750666759 1
      vertex 9.807852804032304 -1.9509032201612824 1
      vertex 9.821602252275119 -2.1227184203771663 1
    endloop
  endfacet
  facet normal 0 0 -1
    outer loop
      vertex 9.821602252275119 -2.1227184203771663 1
      vertex 9.824262048593193 -1.919536554873813 1
      vertex 9.830383387374747 -2.089512492718481 1
    endloop
  endfacet
  facet normal 0 0 -1
    outer loop
      vertex 9.830383387374747 -2.089512492718481 1
      vertex 9.832170944765299 -1.9529609670100136 1
      vertex 9.835867488837648 -2.0556057589262626 1
    endloop
  endfacet
  facet normal 0 0 -1
    outer loop
      vertex 9.821602252275119 -2.1227184203771663 1
      vertex 9.807852804032304 -1.9509032201612824 1
      vertex 9.824262048593193 -1.919536554873813 1
    endloop
  endfacet
  facet normal 0 0 -1
    outer loop
      vertex 9.835867488837648 -2.0556057589262626 1
      vertex 9.836765592145829 -1.9869996388519109 1
      vertex 9.838001741768815 -2.021324759382236 1
    endloop
  endfacet
  facet normal 0 0 -1
    outer loop
      vertex 9.835867488837648 -2.0556057589262626 1
      vertex 9.832170944765299 -1.9529609670100136 1
      vertex 9.836765592145829 -1.9869996388519109 1
    endloop
  endfacet
  facet normal 0 0 -1
    outer loop
      vertex 9.830383387374747 -2.089512492718481 1
      vertex 9.824262048593193 -1.919536554873813 1
      vertex 9.832170944765299 -1.9529609670100136 1
    endloop
  endfacet
  facet normal 0 0 -1
    outer loop
      vertex 9.807852804032304 -1.9509032201612824 1
      vertex 9.816054138529518 -1.8956143139874293 1
      vertex 9.824262048593193 -1.919536554873813 1
    endloop
  endfacet
  facet normal 0.6618026701931012 -0.7496780813957958 7.15498498892665e-21
    outer loop
      vertex 9.732258388062503 -2.2674490811308945 1
      vertex 9.727512829572374 -2.2716383769876938 13
      vertex 9.727512829572374 -2.2716383769876938 1
    endloop
  endfacet
  facet normal 0.73209721115326 -0.6812001713311727 0
    outer loop
      vertex 9.732258388062503 -2.2674490811308945 1
      vertex 9.755655823773564 -2.2423034658578795 1
      vertex 9.732258388062503 -2.2674490811308945 13
    endloop
  endfacet
  facet normal 0.7953412557649242 -0.6061619312347759 0
    outer loop
      vertex 9.755655823773564 -2.2423034658578795 1
      vertex 9.776475893135618 -2.214985583855957 1
      vertex 9.755655823773564 -2.2423034658578795 13
    endloop
  endfacet
  facet normal 0.8509257293057877 -0.5252860203788154 0
    outer loop
      vertex 9.776475893135618 -2.214985583855957 1
      vertex 9.794518087499304 -2.1857585212622785 1
      vertex 9.776475893135618 -2.214985583855957 13
    endloop
  endfacet
  facet normal 0.898315322910174 -0.4393513179959631 0
    outer loop
      vertex 9.794518087499304 -2.1857585212622785 1
      vertex 9.809608650670027 -2.154903750666759 1
      vertex 9.794518087499304 -2.1857585212622785 13
    endloop
  endfacet
  facet normal 0.9370536488857665 -0.3491854222470788 0
    outer loop
      vertex 9.809608650670027 -2.154903750666759 1
      vertex 9.821602252275119 -2.1227184203771663 1
      vertex 9.809608650670027 -2.154903750666759 13
    endloop
  endfacet
  facet normal 0.9667676359770051 -0.2556566799976734 0
    outer loop
      vertex 9.821602252275119 -2.1227184203771663 1
      vertex 9.830383387374747 -2.089512492718481 1
      vertex 9.821602252275119 -2.1227184203771663 13
    endloop
  endfacet
  facet normal 0.9871711222448208 -0.15966582416378633 0
    outer loop
      vertex 9.830383387374747 -2.089512492718481 1
      vertex 9.835867488837648 -2.0556057589262626 1
      vertex 9.830383387374747 -2.089512492718481 13
    endloop
  endfacet
  facet normal 0.998067610962801 -0.06213729916086423 0
    outer loop
      vertex 9.835867488837648 -2.0556057589262626 1
      vertex 9.838001741768815 -2.021324759382236 1
      vertex 9.835867488837648 -2.0556057589262626 13
    endloop
  endfacet
  facet normal 0.9993521629879432 0.03598964200043684 0
    outer loop
      vertex 9.838001741768815 -2.021324759382236 1
      vertex 9.836765592145829 -1.9869996388519109 1
      vertex 9.838001741768815 -2.021324759382236 13
    endloop
  endfacet
  facet normal 0.9910124073820465 0.1337699832355549 0
    outer loop
      vertex 9.836765592145829 -1.9869996388519109 1
      vertex 9.832170944765299 -1.9529609670100136 1
      vertex 9.836765592145829 -1.9869996388519109 13
    endloop
  endfacet
  facet normal 0.9731286605505856 0.230262046405879 0
    outer loop
      vertex 9.832170944765299 -1.9529609670100136 1
      vertex 9.824262048593193 -1.919536554873813 1
      vertex 9.832170944765299 -1.9529609670100136 13
    endloop
  endfacet
  facet normal 0.9458731527517755 0.32453656019532895 0
    outer loop
      vertex 9.824262048593193 -1.919536554873813 1
      vertex 9.816054138529518 -1.8956143139874293 1
      vertex 9.824262048593193 -1.919536554873813 13
    endloop
  endfacet
  facet normal 0.6618026701931012 -0.7496780813957958 0
    outer loop
      vertex 9.732258388062503 -2.2674490811308945 1
      vertex 9.732258388062503 -2.2674490811308945 13
      vertex 9.727512829572374 -2.2716383769876938 13
    endloop
  endfacet
  facet normal 0.73209721115326 -0.6812001713311727 0
    outer loop
      vertex 9.755655823773564 -2.2423034658578795 1
      vertex 9.755655823773564 -2.2423034658578795 13
      vertex 9.732258388062503 -2.2674490811308945 13
    endloop
  endfacet
  facet normal 0.7953412557649242 -0.6061619312347759 0
    outer loop
      vertex 9.776475893135618 -2.214985583855957 1
      vertex 9.776475893135618 -2.214985583855957 13
      vertex 9.755655823773564 -2.2423034658578795 13
    endloop
  endfacet
  facet normal 0.8509257293057877 -0.5252860203788154 0
    outer loop
      vertex 9.794518087499304 -2.1857585212622785 1
      vertex 9.794518087499304 -2.1857585212622785 13
      vertex 9.776475893135618 -2.214985583855957 13
    endloop
  endfacet
  facet normal 0.898315322910174 -0.4393513179959631 0
    outer loop
      vertex 9.809608650670027 -2.154903750666759 1
      vertex 9.809608650670027 -2.154903750666759 13
      vertex 9.794518087499304 -2.1857585212622785 13
    endloop
  endfacet
  facet normal 0.9370536488857665 -0.3491854222470788 0
    outer loop
      vertex 9.821602252275119 -2.1227184203771663 1
      vertex 9.821602252275119 -2.1227184203771663 13
      vertex 9.809608650670027 -2.154903750666759 13
    endloop
  endfacet
  facet normal 0.9667676359770051 -0.2556566799976734 0
    outer loop
      vertex 9.830383387374747 -2.089512492718481 1
      vertex 9.830383387374747 -2.089512492718481 13
      vertex 9.821602252275119 -2.1227184203771663 13
    endloop
  endfacet
  facet normal 0.9871711222448208 -0.15966582416378633 0
    outer loop
      vertex 9.835867488837648 -2.0556057589262626 1
      vertex 9.835867488837648 -2.0556057589262626 13
      vertex 9.830383387374747 -2.089512492718481 13
    endloop
  endfacet
  facet normal 0.998067610962801 -0.06213729916086423 0
    outer loop
      vertex 9.838001741768815 -2.021324759382236 1
      vertex 9.838001741768815 -2.021324759382236 13
      vertex 9.835867488837648 -2.0556057589262626 13
    endloop
  endfacet
  facet normal 0.9993521629879432 0.03598964200043684 0
    outer loop
      vertex 9.836765592145829 -1.9869996388519109 1
      vertex 9.836765592145829 -1.9869996388519109 13
      vertex 9.838001741768815 -2.021324759382236 13
    endloop
  endfacet
  facet normal 0.9910124073820465 0.1337699832355549 0
    outer loop
      vertex 9.832170944765299 -1.9529609670100136 1
      vertex 9.832170944765299 -1.9529609670100136 13
      vertex 9.836765592145829 -1.9869996388519109 13
    endloop
  endfacet
  facet normal 0.9731286605505856 0.230262046405879 0
    outer loop
      vertex 9.824262048593193 -1.919536554873813 1
      vertex 9.824262048593193 -1.919536554873813 13
      vertex 9.832170944765299 -1.9529609670100136 13
    endloop
  endfacet
  facet normal 0.9458731527517755 0.32453656019532895 0
    outer loop
      vertex 9.816054138529518 -1.8956143139874293 1
      vertex 9.816054138529518 -1.8956143139874293 13
      vertex 9.824262048593193 -1.919536554873813 13
    endloop
  endfacet
  facet normal 0 0 1
    outer loop
      vertex 9.732258388062503 -2.2674490811308945 13
      vertex 9.807852804032304 -1.9509032201612824 13
      vertex 9.727512829572374 -2.2716383769876938 13
    endloop
  endfacet
  facet normal 0 0 1
    outer loop
      vertex 9.732258388062503 -2.2674490811308945 13
      vertex 9.755655823773564 -2.2423034658578795 13
      vertex 9.807852804032304 -1.9509032201612824 13
    endloop
  endfacet
  facet normal 0 0 1
    outer loop
      vertex 9.755655823773564 -2.2423034658578795 13
      vertex 9.776475893135618 -2.214985583855957 13
      vertex 9.807852804032304 -1.9509032201612824 13
    endloop
  endfacet
  facet normal 0 0 1
    outer loop
      vertex 9.776475893135618 -2.214985583855957 13
      vertex 9.794518087499304 -2.1857585212622785 13
      vertex 9.807852804032304 -1.9509032201612824 13
    endloop
  endfacet
  facet normal 0 0 1
    outer loop
      vertex 9.794518087499304 -2.1857585212622785 13
      vertex 9.809608650670027 -2.154903750666759 13
      vertex 9.807852804032304 -1.9509032201612824 13
    endloop
  endfacet
  facet normal 0 0 1
    outer loop
      vertex 9.809608650670027 -2.154903750666759 13
      vertex 9.821602252275119 -2.1227184203771663 13
      vertex 9.816054138529518 -1.8956143139874293 13
    endloop
  endfacet
  facet normal 0 0 1
    outer loop
      vertex 9.821602252275119 -2.1227184203771663 13
      vertex 9.830383387374747 -2.089512492718481 13
      vertex 9.824262048593193 -1.919536554873813 13
    endloop
  endfacet
  facet normal 0 0 1
    outer loop
      vertex 9.830383387374747 -2.089512492718481 13
      vertex 9.835867488837648 -2.0556057589262626 13
      vertex 9.832170944765299 -1.9529609670100136 13
    endloop
  endfacet
  facet normal 0 0 1
    outer loop
      vertex 9.809608650670027 -2.154903750666759 13
      vertex 9.816054138529518 -1.8956143139874293 13
      vertex 9.807852804032304 -1.9509032201612824 13
    endloop
  endfacet
  facet normal 0 0 1
    outer loop
      vertex 9.835867488837648 -2.0556057589262626 13
      vertex 9.838001741768815 -2.021324759382236 13
      vertex 9.836765592145829 -1.9869996388519109 13
    endloop
  endfacet
  facet normal 0 0 1
    outer loop
      vertex 9.835867488837648 -2.0556057589262626 13
      vertex 9.836765592145829 -1.9869996388519109 13
      vertex 9.832170944765299 -1.9529609670100136 13
    endloop
  endfacet
  facet normal 0 0 1
    outer loop
      vertex 9.821602252275119 -2.1227184203771663 13
      vertex 9.824262048593193 -1.919536554873813 13
      vertex 9.816054138529518 -1.8956143139874293 13
    endloop
  endfacet
  facet normal 0 0 1
    outer loop
      vertex 9.830383387374747 -2.089512492718481 13
      vertex 9.832170944765299 -1.9529609670100136 13
      vertex 9.824262048593193 -1.919536554873813 13
    endloop
  endfacet
  facet normal -0.8032075314806452 -0.595699304492433 -9.4130178036623e-17
    outer loop
      vertex -7.73010453362737 -6.343932841636455 0
      vertex -7.961322403640311 -6.032171633915142 1
      vertex -8.314696123025453 -5.555702330196022 0
    endloop
  endfacet
  facet normal -0.8032075314806459 -0.5956993044924321 5.950675374033964e-16
    outer loop
      vertex -8.314696123025453 -5.555702330196022 0
      vertex -7.961322403640311 -6.032171633915142 1
      vertex -8.197184120588886 -5.714148923443002 1
    endloop
  endfacet
  facet normal -0.6715589548470184 -0.7409511253549591 -1.471488362084133e-16
    outer loop
      vertex -6.343932841636455 -7.73010453362737 0
      vertex -6.536846111588659 -7.555258137539964 1
      vertex -6.831015657387615 -7.288638402493431 1
    endloop
  endfacet
  facet normal -0.5141027441932224 -0.8577286100002717 -3.4086644506440355e-16
    outer loop
      vertex -5.555702330196022 -8.314696123025453 0
      vertex -4.7139673682599765 -8.819212643483551 0
      vertex -5.1672541287476506 -8.547523014903836 1
    endloop
  endfacet
  facet normal -0.6715589548470183 -0.7409511253549591 -7.951226313359137e-17
    outer loop
      vertex -6.343932841636455 -7.73010453362737 0
      vertex -6.831015657387615 -7.288638402493431 1
      vertex -7.0710678118654755 -7.0710678118654755 0
    endloop
  endfacet
  facet normal -0.8032075314806439 -0.5956993044924345 0
    outer loop
      vertex -8.314696123025453 -5.555702330196022 0
      vertex -8.197184120588886 -5.714148923443002 1
      vertex -8.314696123025453 -5.555702330196022 14
    endloop
  endfacet
  facet normal -0.8032075314806449 -0.5956993044924332 0
    outer loop
      vertex -7.73010453362737 -6.343932841636455 0
      vertex -7.73010453362737 -6.343932841636455 14
      vertex -7.961322403640311 -6.032171633915142 1
    endloop
  endfacet
  facet normal -0.671558954847018 -0.7409511253549594 0
    outer loop
      vertex -6.343932841636455 -7.73010453362737 0
      vertex -6.343932841636455 -7.73010453362737 14
      vertex -6.536846111588659 -7.555258137539964 1
    endloop
  endfacet
  facet normal -0.595699304492433 -0.803207531480645 -1.927817063687649e-18
    outer loop
      vertex -6.343932841636455 -7.73010453362737 0
      vertex -5.555702330196022 -8.314696123025453 0
      vertex -5.555702330196022 -8.314696123025453 14
    endloop
  endfacet
  facet normal -0.5141027441932231 -0.8577286100002712 -4.905844426077616e-19
    outer loop
      vertex -5.555702330196022 -8.314696123025453 0
      vertex -5.1672541287476506 -8.547523014903836 1
      vertex -5.1672541287476506 -8.547523014903836 13
    endloop
  endfacet
  facet normal -0.6715589548470187 -0.740951125354959 -7.680429519611184e-19
    outer loop
      vertex -7.0710678118654755 -7.0710678118654755 0
      vertex -6.831015657387615 -7.288638402493431 1
      vertex -6.831015657387615 -7.288638402493431 13
    endloop
  endfacet
  facet normal -0.7409511253549591 -0.6715589548470183 0
    outer loop
      vertex -7.73010453362737 -6.343932841636455 0
      vertex -7.0710678118654755 -7.0710678118654755 0
      vertex -7.73010453362737 -6.343932841636455 14
    endloop
  endfacet
  facet normal -0.9039892931234434 -0.42755509343028164 -3.003391884707978e-16
    outer loop
      vertex -8.819212643483551 -4.7139673682599765 0
      vertex -9.040773445782623 -4.245516410402635 1
      vertex -9.238795325112868 -3.826834323650898 0
    endloop
  endfacet
  facet normal -0.9039892931234436 -0.4275550934302817 -3.03942914045738e-16
    outer loop
      vertex -9.238795325112868 -3.826834323650898 0
      vertex -9.040773445782623 -4.245516410402635 1
      vertex -9.207244475491594 -3.8935429904048133 1
    endloop
  endfacet
  facet normal -0.9700312531945439 -0.24298017990326456 -2.3039728625763326e-18
    outer loop
      vertex -9.569403357322088 -2.902846772544623 0
      vertex -9.807852804032304 -1.9509032201612824 1
      vertex -9.807852804032304 -1.9509032201612824 0
    endloop
  endfacet
  facet normal -0.9891765099647809 -0.14673047445536314 0
    outer loop
      vertex -9.807852804032304 -1.9509032201612824 0
      vertex -9.807852804032304 -1.9509032201612824 1
      vertex -9.816054138529518 -1.8956143139874293 1
    endloop
  endfacet
  facet normal -0.9700312531945435 -0.24298017990326556 1.0365851975689039e-15
    outer loop
      vertex -9.569403357322088 -2.902846772544623 0
      vertex -9.727512829572374 -2.2716383769876938 1
      vertex -9.807852804032304 -1.9509032201612824 1
    endloop
  endfacet
  facet normal 0 0 -1
    outer loop
      vertex -8.819212643483551 -4.7139673682599765 0
      vertex -9.238795325112868 -3.826834323650898 0
      vertex -8.819212643483551 4.7139673682599765 0
    endloop
  endfacet
  facet normal 0 0 -1
    outer loop
      vertex -9.569403357322088 -2.902846772544623 0
      vertex -9.807852804032304 -1.9509032201612824 0
      vertex -9.569403357322088 2.902846772544623 0
    endloop
  endfacet
  facet normal 0 0 -1
    outer loop
      vertex -9.807852804032304 -1.9509032201612824 0
      vertex -9.95184726672197 -0.980171403295606 0
      vertex -9.807852804032304 1.9509032201612824 0
    endloop
  endfacet
  facet normal -0.9987954562051724 -0.04906767432741713 -5.439893964931484e-16
    outer loop
      vertex -9.95184726672197 -0.980171403295606 0
      vertex -9.990407078044662 -0.19526841229093309 1
      vertex -10 0 0
    endloop
  endfacet
  facet normal -0.9987954562051726 -0.04906767432741433 1.5786931443973569e-19
    outer loop
      vertex -9.990407078044662 -0.19526841229093309 1
      vertex -10 0 1
      vertex -10 0 0
    endloop
  endfacet
  facet normal 0 0 -1
    outer loop
      vertex -9.238795325112868 -3.826834323650898 0
      vertex -9.569403357322088 -2.902846772544623 0
      vertex -9.238795325112868 3.826834323650898 0
    endloop
  endfacet
  facet normal 0 0 -1
    outer loop
      vertex -8.314696123025453 -5.555702330196022 0
      vertex -8.819212643483551 -4.7139673682599765 0
      vertex -8.314696123025453 5.555702330196022 0
    endloop
  endfacet
  facet normal 0 0 -1
    outer loop
      vertex -7.73010453362737 -6.343932841636455 0
      vertex -8.314696123025453 -5.555702330196022 0
      vertex -7.73010453362737 6.343932841636455 0
    endloop
  endfacet
  facet normal 0 0 -1
    outer loop
      vertex -6.343932841636455 -7.73010453362737 0
      vertex -5.555702330196022 8.314696123025453 0
      vertex -5.555702330196022 -8.314696123025453 0
    endloop
  endfacet
  facet normal 0 0 -1
    outer loop
      vertex -7.73010453362737 -6.343932841636455 0
      vertex -7.0710678118654755 7.0710678118654755 0
      vertex -7.0710678118654755 -7.0710678118654755 0
    endloop
  endfacet
  facet normal 0 0 -1
    outer loop
      vertex -6.343932841636455 -7.73010453362737 0
      vertex -7.0710678118654755 -7.0710678118654755 0
      vertex -6.343932841636455 7.73010453362737 0
    endloop
  endfacet
  facet normal -0.9039892931234433 -0.4275550934302822 0
    outer loop
      vertex -8.819212643483551 -4.7139673682599765 0
      vertex -8.819212643483551 -4.7139673682599765 14
      vertex -9.040773445782623 -4.245516410402635 1
    endloop
  endfacet
  facet normal -0.9039892931234453 -0.4275550934302779 0
    outer loop
      vertex -9.238795325112868 -3.826834323650898 0
      vertex -9.207244475491594 -3.8935429904048133 1
      vertex -9.238795325112868 -3.826834323650898 14
    endloop
  endfacet
  facet normal -0.9415440651830213 -0.33688985339221883 -1.593798779714481e-18
    outer loop
      vertex -9.238795325112868 -3.826834323650898 0
      vertex -9.569403357322088 -2.902846772544623 14
      vertex -9.569403357322088 -2.902846772544623 0
    endloop
  endfacet
  facet normal -0.9700312531945439 -0.24298017990326404 0
    outer loop
      vertex -9.569403357322088 -2.902846772544623 0
      vertex -9.569403357322088 -2.902846772544623 14
      vertex -9.727512829572374 -2.2716383769876938 1
    endloop
  endfacet
  facet normal -0.8577286100002717 -0.5141027441932224 -1.4219268601605256e-18
    outer loop
      vertex -8.314696123025453 -5.555702330196022 0
      vertex -8.819212643483551 -4.7139673682599765 14
      vertex -8.819212643483551 -4.7139673682599765 0
    endloop
  endfacet
  facet normal -0.9891765099647808 -0.14673047445536283 -1.0056642622066044e-18
    outer loop
      vertex -9.807852804032304 -1.9509032201612824 0
      vertex -9.95184726672197 -0.980171403295606 14
      vertex -9.95184726672197 -0.980171403295606 0
    endloop
  endfacet
  facet normal -0.9891765099647809 -0.14673047445536172 -8.083304018220575e-17
    outer loop
      vertex -9.807852804032304 -1.9509032201612824 0
      vertex -9.816054138529518 -1.8956143139874293 1
      vertex -9.95184726672197 -0.980171403295606 14
    endloop
  endfacet
  facet normal -0.9987954562051724 -0.04906767432741782 1.5287764467133817e-20
    outer loop
      vertex -9.95184726672197 -0.980171403295606 0
      vertex -9.990407078044662 -0.19526841229093309 13
      vertex -9.990407078044662 -0.19526841229093309 1
    endloop
  endfacet
  facet normal -0.5141027441932231 -0.8577286100002712 -7.4764277503946e-16
    outer loop
      vertex -5.1672541287476506 -8.547523014903836 1
      vertex -4.7139673682599765 -8.819212643483551 0
      vertex -4.829871717078891 -8.74974225028807 1
    endloop
  endfacet
  facet normal -0.3368898533922188 -0.9415440651830211 8.791174893419849e-16
    outer loop
      vertex -3.826834323650898 -9.238795325112868 0
      vertex -2.902846772544623 -9.569403357322088 0
      vertex -3.276841249925715 -9.435585993575097 1
    endloop
  endfacet
  facet normal -0.33688985339222216 -0.9415440651830199 -5.403880812242356e-16
    outer loop
      vertex -2.902846772544623 -9.569403357322088 0
      vertex -2.9151136931610373 -9.565014182942624 1
      vertex -3.276841249925715 -9.435585993575097 1
    endloop
  endfacet
  facet normal 0 0 -1
    outer loop
      vertex -3.826834323650898 -9.238795325112868 0
      vertex -2.864026550784989 -1.1863186403317783 0
      vertex -2.902846772544623 -9.569403357322088 0
    endloop
  endfacet
  facet normal -0.14673047445536283 -0.9891765099647808 -1.160484407993431e-15
    outer loop
      vertex -1.9509032201612824 -9.807852804032304 0
      vertex -0.980171403295606 -9.95184726672197 0
      vertex -1.2407361321266028 -9.913196140353163 1
    endloop
  endfacet
  facet normal 0 0 -1
    outer loop
      vertex -1.9509032201612824 -9.807852804032304 0
      vertex -0.8998824994888333 -2.9665150407698473 0
      vertex -0.980171403295606 -9.95184726672197 0
    endloop
  endfacet
  facet normal -0.04906767432741713 -0.9987954562051724 0
    outer loop
      vertex -0.980171403295606 -9.95184726672197 0
      vertex 0 -10 0
      vertex -0.980171403295606 -9.95184726672197 1
    endloop
  endfacet
  facet normal -0.1467304744553585 -0.9891765099647815 0
    outer loop
      vertex -0.980171403295606 -9.95184726672197 0
      vertex -0.980171403295606 -9.95184726672197 1
      vertex -1.2407361321266028 -9.913196140353163 1
    endloop
  endfacet
  facet normal -0.04906767432741504 -0.9987954562051724 2.056436648734684e-15
    outer loop
      vertex -0.980171403295606 -9.95184726672197 1
      vertex 0 -10 0
      vertex -0.8540477377909933 -9.958043325089589 1
    endloop
  endfacet
  facet normal 0 0 -1
    outer loop
      vertex -0.980171403295606 -9.95184726672197 0
      vertex 0 -3.1 0
      vertex 0 -10 0
    endloop
  endfacet
  facet normal 0 0 -1
    outer loop
      vertex -2.902846772544623 -9.569403357322088 0
      vertex -1.7222677223607668 -2.5775557981378903 0
      vertex -1.9509032201612824 -9.807852804032304 0
    endloop
  endfacet
  facet normal 0 0 -1
    outer loop
      vertex -1.9509032201612824 -9.807852804032304 0
      vertex -1.7222677223607668 -2.5775557981378903 0
      vertex -1.4613298841605928 -2.7339559194799006 0
    endloop
  endfacet
  facet normal 0 0 -1
    outer loop
      vertex -1.9509032201612824 -9.807852804032304 0
      vertex -1.4613298841605928 -2.7339559194799006 0
      vertex -1.1863186403317783 -2.864026550784989 0
    endloop
  endfacet
  facet normal 0 0 -1
    outer loop
      vertex -1.9509032201612824 -9.807852804032304 0
      vertex -1.1863186403317783 -2.864026550784989 0
      vertex -0.8998824994888333 -2.9665150407698473 0
    endloop
  endfacet
  facet normal 0 0 -1
    outer loop
      vertex -0.980171403295606 -9.95184726672197 0
      vertex -0.8998824994888333 -2.9665150407698473 0
      vertex -0.6047799982499976 -3.0404343692500144 0
    endloop
  endfacet
  facet normal 0 0 -1
    outer loop
      vertex -0.980171403295606 -9.95184726672197 0
      vertex -0.6047799982499976 -3.0404343692500144 0
      vertex -0.30385313502163785 -3.0850726526838104 0
    endloop
  endfacet
  facet normal 0 0 -1
    outer loop
      vertex -0.980171403295606 -9.95184726672197 0
      vertex -0.30385313502163785 -3.0850726526838104 0
      vertex 0 -3.1 0
    endloop
  endfacet
  facet normal -0.5141027441932183 -0.8577286100002741 0
    outer loop
      vertex -4.7139673682599765 -8.819212643483551 0
      vertex -4.7139673682599765 -8.819212643483551 14
      vertex -4.829871717078891 -8.74974225028807 1
    endloop
  endfacet
  facet normal -0.4275550934302817 -0.9039892931234436 7.5725551244499315e-19
    outer loop
      vertex -4.7139673682599765 -8.819212643483551 0
      vertex -3.826834323650898 -9.238795325112868 0
      vertex -3.826834323650898 -9.238795325112868 14
    endloop
  endfacet
  facet normal -0.3368898533922174 -0.9415440651830218 -8.115929139665954e-19
    outer loop
      vertex -3.826834323650898 -9.238795325112868 0
      vertex -3.276841249925715 -9.435585993575097 1
      vertex -3.276841249925715 -9.435585993575097 13
    endloop
  endfacet
  facet normal -0.33688985339218314 -0.9415440651830339 -6.448214609499583e-21
    outer loop
      vertex -2.902846772544623 -9.569403357322088 0
      vertex -2.9151136931610373 -9.565014182942624 13
      vertex -2.9151136931610373 -9.565014182942624 1
    endloop
  endfacet
  facet normal -0.2429801799032646 -0.9700312531945439 -1.645694901840238e-19
    outer loop
      vertex -2.902846772544623 -9.569403357322088 0
      vertex -1.9509032201612824 -9.807852804032304 0
      vertex -1.9509032201612824 -9.807852804032304 14
    endloop
  endfacet
  facet normal -0.14673047445536447 -0.9891765099647807 -2.717126826513087e-19
    outer loop
      vertex -1.9509032201612824 -9.807852804032304 0
      vertex -1.2407361321266028 -9.913196140353163 1
      vertex -1.2407361321266028 -9.913196140353163 13
    endloop
  endfacet
  facet normal -0.049067674327417446 -0.9987954562051725 -2.31052261784918e-19
    outer loop
      vertex -0.8540477377909933 -9.958043325089589 1
      vertex 0 -10 0
      vertex 0 -10 14
    endloop
  endfacet
  facet normal 0 0 -1
    outer loop
      vertex -5.555702330196022 -8.314696123025453 0
      vertex -4.7139673682599765 8.819212643483551 0
      vertex -4.7139673682599765 -8.819212643483551 0
    endloop
  endfacet
  facet normal 0 0 -1
    outer loop
      vertex -4.7139673682599765 -8.819212643483551 0
      vertex -3.826834323650898 9.238795325112868 0
      vertex -3.826834323650898 -9.238795325112868 0
    endloop
  endfacet
  facet normal 0 0 -1
    outer loop
      vertex -3.826834323650898 -9.238795325112868 0
      vertex -2.9665150407698473 -0.8998824994888333 0
      vertex -2.864026550784989 -1.1863186403317783 0
    endloop
  endfacet
  facet normal 0 0 -1
    outer loop
      vertex -2.902846772544623 -9.569403357322088 0
      vertex -2.5775557981378903 -1.7222677223607668 0
      vertex -2.396332405424485 -1.966619180907301 0
    endloop
  endfacet
  facet normal 0 0 -1
    outer loop
      vertex -2.902846772544623 -9.569403357322088 0
      vertex -2.864026550784989 -1.1863186403317783 0
      vertex -2.7339559194799006 -1.4613298841605928 0
    endloop
  endfacet
  facet normal 0 0 -1
    outer loop
      vertex -2.902846772544623 -9.569403357322088 0
      vertex -2.7339559194799006 -1.4613298841605928 0
      vertex -2.5775557981378903 -1.7222677223607668 0
    endloop
  endfacet
  facet normal 0 0 -1
    outer loop
      vertex -3.826834323650898 -9.238795325112868 0
      vertex -3.0404343692500144 -0.6047799982499976 0
      vertex -2.9665150407698473 -0.8998824994888333 0
    endloop
  endfacet
  facet normal 0 0 -1
    outer loop
      vertex -3.826834323650898 -9.238795325112868 0
      vertex -3.0850726526838104 -0.30385313502163785 0
      vertex -3.0404343692500144 -0.6047799982499976 0
    endloop
  endfacet
  facet normal 0 0 -1
    outer loop
      vertex -3.826834323650898 -9.238795325112868 0
      vertex -3.1 0 0
      vertex -3.0850726526838104 -0.30385313502163785 0
    endloop
  endfacet
  facet normal 0 0 -1
    outer loop
      vertex -2.902846772544623 -9.569403357322088 0
      vertex -2.1920310216782974 -2.1920310216782974 0
      vertex -1.966619180907301 -2.396332405424485 0
    endloop
  endfacet
  facet normal 0 0 -1
    outer loop
      vertex -2.902846772544623 -9.569403357322088 0
      vertex -2.396332405424485 -1.966619180907301 0
      vertex -2.1920310216782974 -2.1920310216782974 0
    endloop
  endfacet
  facet normal 0 0 -1
    outer loop
      vertex -2.902846772544623 -9.569403357322088 0
      vertex -1.966619180907301 -2.396332405424485 0
      vertex -1.7222677223607668 -2.5775557981378903 0
    endloop
  endfacet
  facet normal -0.803207531480644 -0.5956993044924346 0
    outer loop
      vertex -8.197184120588886 -5.714148923443002 1
      vertex -8.197184120588886 -5.714148923443002 13
      vertex -8.314696123025453 -5.555702330196022 14
    endloop
  endfacet
  facet normal -0.8577286100002717 -0.5141027441932224 0
    outer loop
      vertex -8.314696123025453 -5.555702330196022 0
      vertex -8.314696123025453 -5.555702330196022 14
      vertex -8.819212643483551 -4.7139673682599765 14
    endloop
  endfacet
  facet normal -0.803207531480645 -0.5956993044924332 0
    outer loop
      vertex -7.961322403640311 -6.032171633915142 1
      vertex -7.73010453362737 -6.343932841636455 14
      vertex -7.961322403640311 -6.032171633915142 13
    endloop
  endfacet
  facet normal -0.671558954847018 -0.7409511253549594 0
    outer loop
      vertex -6.536846111588659 -7.555258137539964 1
      vertex -6.343932841636455 -7.73010453362737 14
      vertex -6.536846111588659 -7.555258137539964 13
    endloop
  endfacet
  facet normal -0.595699304492433 -0.803207531480645 0
    outer loop
      vertex -6.343932841636455 -7.73010453362737 0
      vertex -5.555702330196022 -8.314696123025453 14
      vertex -6.343932841636455 -7.73010453362737 14
    endloop
  endfacet
  facet normal -0.5141027441932231 -0.8577286100002713 0
    outer loop
      vertex -5.555702330196022 -8.314696123025453 0
      vertex -5.1672541287476506 -8.547523014903836 13
      vertex -5.555702330196022 -8.314696123025453 14
    endloop
  endfacet
  facet normal -0.6715589548470186 -0.7409511253549589 0
    outer loop
      vertex -7.0710678118654755 -7.0710678118654755 0
      vertex -6.831015657387615 -7.288638402493431 13
      vertex -7.0710678118654755 -7.0710678118654755 14
    endloop
  endfacet
  facet normal -0.7409511253549591 -0.6715589548470183 0
    outer loop
      vertex -7.0710678118654755 -7.0710678118654755 0
      vertex -7.0710678118654755 -7.0710678118654755 14
      vertex -7.73010453362737 -6.343932841636455 14
    endloop
  endfacet
  facet normal -0.8032075314806459 -0.5956993044924321 -5.977738222093812e-16
    outer loop
      vertex -8.197184120588886 -5.714148923443002 13
      vertex -7.961322403640311 -6.032171633915142 13
      vertex -8.314696123025453 -5.555702330196022 14
    endloop
  endfacet
  facet normal -0.8032075314806452 -0.595699304492433 9.082516831381188e-17
    outer loop
      vertex -7.73010453362737 -6.343932841636455 14
      vertex -8.314696123025453 -5.555702330196022 14
      vertex -7.961322403640311 -6.032171633915142 13
    endloop
  endfacet
  facet normal -0.5141027441932231 -0.8577286100002712 -2.5128242099079983e-17
    outer loop
      vertex -5.1672541287476506 -8.547523014903836 13
      vertex -4.829871717078891 -8.74974225028807 13
      vertex -5.555702330196022 -8.314696123025453 14
    endloop
  endfacet
  facet normal -0.5141027441932224 -0.8577286100002717 6.533925488804001e-16
    outer loop
      vertex -5.555702330196022 -8.314696123025453 14
      vertex -4.829871717078891 -8.74974225028807 13
      vertex -4.7139673682599765 -8.819212643483551 14
    endloop
  endfacet
  facet normal -0.6715589548470184 -0.7409511253549591 6.830255239069646e-17
    outer loop
      vertex -6.536846111588659 -7.555258137539964 13
      vertex -7.0710678118654755 -7.0710678118654755 14
      vertex -6.831015657387615 -7.288638402493431 13
    endloop
  endfacet
  facet normal -0.6715589548470183 -0.7409511253549591 1.1745212882672893e-16
    outer loop
      vertex -6.536846111588659 -7.555258137539964 13
      vertex -6.343932841636455 -7.73010453362737 14
      vertex -7.0710678118654755 -7.0710678118654755 14
    endloop
  endfacet
  facet normal -0.9039892931234432 -0.42755509343028214 0
    outer loop
      vertex -9.040773445782623 -4.245516410402635 1
      vertex -8.819212643483551 -4.7139673682599765 14
      vertex -9.040773445782623 -4.245516410402635 13
    endloop
  endfacet
  facet normal -0.9039892931234453 -0.427555093430278 0
    outer loop
      vertex -9.207244475491594 -3.8935429904048133 1
      vertex -9.207244475491594 -3.8935429904048133 13
      vertex -9.238795325112868 -3.826834323650898 14
    endloop
  endfacet
  facet normal -0.9415440651830213 -0.33688985339221883 0
    outer loop
      vertex -9.238795325112868 -3.826834323650898 0
      vertex -9.238795325112868 -3.826834323650898 14
      vertex -9.569403357322088 -2.902846772544623 14
    endloop
  endfacet
  facet normal -0.970031253194544 -0.24298017990326407 0
    outer loop
      vertex -9.727512829572374 -2.2716383769876938 1
      vertex -9.569403357322088 -2.902846772544623 14
      vertex -9.727512829572374 -2.2716383769876938 13
    endloop
  endfacet
  facet normal -0.9891765099647809 -0.14673047445536286 0
    outer loop
      vertex -9.816054138529518 -1.8956143139874293 1
      vertex -9.816054138529518 -1.8956143139874293 13
      vertex -9.95184726672197 -0.980171403295606 14
    endloop
  endfacet
  facet normal -0.9987954562051724 -0.04906767432741783 0
    outer loop
      vertex -9.95184726672197 -0.980171403295606 0
      vertex -9.95184726672197 -0.980171403295606 14
      vertex -9.990407078044662 -0.19526841229093309 13
    endloop
  endfacet
  facet normal -0.9039892931234436 -0.4275550934302817 3.057924679077297e-16
    outer loop
      vertex -9.207244475491594 -3.8935429904048133 13
      vertex -9.040773445782623 -4.245516410402635 13
      vertex -9.238795325112868 -3.826834323650898 14
    endloop
  endfacet
  facet normal -0.9039892931234434 -0.42755509343028164 2.9375229203159803e-16
    outer loop
      vertex -9.040773445782623 -4.245516410402635 13
      vertex -8.819212643483551 -4.7139673682599765 14
      vertex -9.238795325112868 -3.826834323650898 14
    endloop
  endfacet
  facet normal -0.9700312531945435 -0.24298017990326556 0
    outer loop
      vertex -9.807852804032304 -1.9509032201612824 13
      vertex -9.727512829572374 -2.2716383769876938 13
      vertex -9.807852804032304 -1.9509032201612824 14
    endloop
  endfacet
  facet normal -0.9700312531945439 -0.24298017990326456 -3.329865930864852e-16
    outer loop
      vertex -9.569403357322088 -2.902846772544623 14
      vertex -9.807852804032304 -1.9509032201612824 14
      vertex -9.727512829572374 -2.2716383769876938 13
    endloop
  endfacet
  facet normal -0.9891765099647809 -0.14673047445536314 2.746530595781339e-16
    outer loop
      vertex -9.816054138529518 -1.8956143139874293 13
      vertex -9.807852804032304 -1.9509032201612824 13
      vertex -9.95184726672197 -0.980171403295606 14
    endloop
  endfacet
  facet normal -0.9891765099647808 -0.14673047445536283 0
    outer loop
      vertex -9.807852804032304 -1.9509032201612824 13
      vertex -9.807852804032304 -1.9509032201612824 14
      vertex -9.95184726672197 -0.980171403295606 14
    endloop
  endfacet
  facet normal 0 0 1
    outer loop
      vertex -9.238795325112868 -3.826834323650898 14
      vertex -9.569403357322088 2.902846772544623 14
      vertex -9.569403357322088 -2.902846772544623 14
    endloop
  endfacet
  facet normal 0 0 1
    outer loop
      vertex -8.819212643483551 -4.7139673682599765 14
      vertex -9.238795325112868 3.826834323650898 14
      vertex -9.238795325112868 -3.826834323650898 14
    endloop
  endfacet
  facet normal 0 0 1
    outer loop
      vertex -9.807852804032304 -1.9509032201612824 14
      vertex -9.95184726672197 0.980171403295606 14
      vertex -9.95184726672197 -0.980171403295606 14
    endloop
  endfacet
  facet normal 0 0 1
    outer loop
      vertex -9.569403357322088 -2.902846772544623 14
      vertex -9.807852804032304 1.9509032201612824 14
      vertex -9.807852804032304 -1.9509032201612824 14
    endloop
  endfacet
  facet normal -0.9987954562051726 -0.04906767432741433 1.5786931443973569e-19
    outer loop
      vertex -9.990407078044662 -0.19526841229093309 13
      vertex -10 0 14
      vertex -10 0 13
    endloop
  endfacet
  facet normal -0.9987954562051724 -0.04906767432741713 5.478784146958915e-16
    outer loop
      vertex -9.990407078044662 -0.19526841229093309 13
      vertex -9.95184726672197 -0.980171403295606 14
      vertex -10 0 14
    endloop
  endfacet
  facet normal 0 0 1
    outer loop
      vertex -8.314696123025453 -5.555702330196022 14
      vertex -8.819212643483551 4.7139673682599765 14
      vertex -8.819212643483551 -4.7139673682599765 14
    endloop
  endfacet
  facet normal 0 0 1
    outer loop
      vertex -7.73010453362737 -6.343932841636455 14
      vertex -8.314696123025453 5.555702330196022 14
      vertex -8.314696123025453 -5.555702330196022 14
    endloop
  endfacet
  facet normal 0 0 1
    outer loop
      vertex -6.343932841636455 -7.73010453362737 14
      vertex -7.0710678118654755 7.0710678118654755 14
      vertex -7.0710678118654755 -7.0710678118654755 14
    endloop
  endfacet
  facet normal 0 0 1
    outer loop
      vertex -6.343932841636455 -7.73010453362737 14
      vertex -5.555702330196022 -8.314696123025453 14
      vertex -6.343932841636455 7.73010453362737 14
    endloop
  endfacet
  facet normal 0 0 1
    outer loop
      vertex -5.555702330196022 -8.314696123025453 14
      vertex -4.7139673682599765 -8.819212643483551 14
      vertex -5.555702330196022 8.314696123025453 14
    endloop
  endfacet
  facet normal 0 0 1
    outer loop
      vertex -7.73010453362737 -6.343932841636455 14
      vertex -7.0710678118654755 -7.0710678118654755 14
      vertex -7.73010453362737 6.343932841636455 14
    endloop
  endfacet
  facet normal -0.5141027441932183 -0.857728610000274 0
    outer loop
      vertex -4.829871717078891 -8.74974225028807 1
      vertex -4.7139673682599765 -8.819212643483551 14
      vertex -4.829871717078891 -8.74974225028807 13
    endloop
  endfacet
  facet normal -0.4275550934302817 -0.9039892931234436 0
    outer loop
      vertex -4.7139673682599765 -8.819212643483551 0
      vertex -3.826834323650898 -9.238795325112868 14
      vertex -4.7139673682599765 -8.819212643483551 14
    endloop
  endfacet
  facet normal -0.3368898533922174 -0.9415440651830218 0
    outer loop
      vertex -3.826834323650898 -9.238795325112868 0
      vertex -3.276841249925715 -9.435585993575097 13
      vertex -3.826834323650898 -9.238795325112868 14
    endloop
  endfacet
  facet normal -0.3368898533921832 -0.941544065183034 0
    outer loop
      vertex -2.902846772544623 -9.569403357322088 0
      vertex -2.902846772544623 -9.569403357322088 14
      vertex -2.9151136931610373 -9.565014182942624 13
    endloop
  endfacet
  facet normal -0.2429801799032646 -0.9700312531945439 0
    outer loop
      vertex -2.902846772544623 -9.569403357322088 0
      vertex -1.9509032201612824 -9.807852804032304 14
      vertex -2.902846772544623 -9.569403357322088 14
    endloop
  endfacet
  facet normal -0.14673047445536444 -0.9891765099647806 0
    outer loop
      vertex -1.9509032201612824 -9.807852804032304 0
      vertex -1.2407361321266028 -9.913196140353163 13
      vertex -1.9509032201612824 -9.807852804032304 14
    endloop
  endfacet
  facet normal -0.04906767432741744 -0.9987954562051724 0
    outer loop
      vertex -0.8540477377909933 -9.958043325089589 1
      vertex 0 -10 14
      vertex -0.8540477377909933 -9.958043325089589 13
    endloop
  endfacet
  facet normal -0.33688985339222216 -0.9415440651830199 -2.9930441163691697e-15
    outer loop
      vertex -3.826834323650898 -9.238795325112868 14
      vertex -3.276841249925715 -9.435585993575097 13
      vertex -2.9151136931610373 -9.565014182942624 13
    endloop
  endfacet
  facet normal -0.3368898533922188 -0.9415440651830211 4.749560748881628e-16
    outer loop
      vertex -3.826834323650898 -9.238795325112868 14
      vertex -2.9151136931610373 -9.565014182942624 13
      vertex -2.902846772544623 -9.569403357322088 14
    endloop
  endfacet
  facet normal -0.1467304744553585 -0.9891765099647815 4.310076474544157e-15
    outer loop
      vertex -1.9509032201612824 -9.807852804032304 14
      vertex -1.2407361321266028 -9.913196140353163 13
      vertex -0.980171403295606 -9.95184726672197 13
    endloop
  endfacet
  facet normal -0.14673047445536283 -0.9891765099647808 -1.407929967089246e-17
    outer loop
      vertex -1.9509032201612824 -9.807852804032304 14
      vertex -0.980171403295606 -9.95184726672197 13
      vertex -0.980171403295606 -9.95184726672197 14
    endloop
  endfacet
  facet normal -0.04906767432741504 -0.9987954562051724 0
    outer loop
      vertex -0.980171403295606 -9.95184726672197 13
      vertex -0.8540477377909933 -9.958043325089589 13
      vertex -0.980171403295606 -9.95184726672197 14
    endloop
  endfacet
  facet normal -0.04906767432741713 -0.9987954562051724 -2.641055170291872e-16
    outer loop
      vertex -0.8540477377909933 -9.958043325089589 13
      vertex 0 -10 14
      vertex -0.980171403295606 -9.95184726672197 14
    endloop
  endfacet
  facet normal 0 0 1
    outer loop
      vertex -4.7139673682599765 -8.819212643483551 14
      vertex -3.826834323650898 -9.238795325112868 14
      vertex -4.7139673682599765 8.819212643483551 14
    endloop
  endfacet
  facet normal 0 0 1
    outer loop
      vertex -3.826834323650898 -9.238795325112868 14
      vertex -2.902846772544623 -9.569403357322088 14
      vertex -3.826834323650898 9.238795325112868 14
    endloop
  endfacet
  facet normal 0 0 1
    outer loop
      vertex -2.902846772544623 -9.569403357322088 14
      vertex -1.9509032201612824 -9.807852804032304 14
      vertex -2.902846772544623 9.569403357322088 14
    endloop
  endfacet
  facet normal 0 0 1
    outer loop
      vertex -1.9509032201612824 -9.807852804032304 14
      vertex -0.980171403295606 -9.95184726672197 14
      vertex -1.9509032201612824 9.807852804032304 14
    endloop
  endfacet
  facet normal 0 0 1
    outer loop
      vertex -0.980171403295606 -9.95184726672197 14
      vertex 0 -10 14
      vertex -0.980171403295606 9.95184726672197 14
    endloop
  endfacet
  facet normal 0 0 -1
    outer loop
      vertex -9.95184726672197 -0.980171403295606 0
      vertex -10 0 0
      vertex -9.95184726672197 0.980171403295606 0
    endloop
  endfacet
  facet normal -0.9987954562051724 0.04906767432741713 -5.482922753793851e-16
    outer loop
      vertex -10 0 0
      vertex -9.990407078044662 0.19526841229093309 1
      vertex -9.95184726672197 0.980171403295606 0
    endloop
  endfacet
  facet normal -0.9987954562051726 0.04906767432741433 0
    outer loop
      vertex -10 0 0
      vertex -10 0 1
      vertex -9.990407078044662 0.19526841229093309 1
    endloop
  endfacet
  facet normal 0 0 -1
    outer loop
      vertex -9.95184726672197 -0.980171403295606 0
      vertex -9.95184726672197 0.980171403295606 0
      vertex -9.807852804032304 1.9509032201612824 0
    endloop
  endfacet
  facet normal 0 0 -1
    outer loop
      vertex -9.807852804032304 -1.9509032201612824 0
      vertex -9.807852804032304 1.9509032201612824 0
      vertex -9.569403357322088 2.902846772544623 0
    endloop
  endfacet
  facet normal -0.9891765099647808 0.14673047445536283 1.407929967089246e-17
    outer loop
      vertex -9.95184726672197 0.980171403295606 0
      vertex -9.807852804032304 1.9509032201612824 1
      vertex -9.807852804032304 1.9509032201612824 0
    endloop
  endfacet
  facet normal 0 0 -1
    outer loop
      vertex -9.569403357322088 -2.902846772544623 0
      vertex -9.569403357322088 2.902846772544623 0
      vertex -9.238795325112868 3.826834323650898 0
    endloop
  endfacet
  facet normal -0.9891765099647809 0.14673047445536314 -5.05902760775321e-16
    outer loop
      vertex -9.95184726672197 0.980171403295606 0
      vertex -9.816054138529518 1.8956143139874293 1
      vertex -9.807852804032304 1.9509032201612824 1
    endloop
  endfacet
  facet normal -0.9700312531945439 0.24298017990326456 3.3741567902281187e-16
    outer loop
      vertex -9.807852804032304 1.9509032201612824 0
      vertex -9.727512829572374 2.2716383769876938 1
      vertex -9.569403357322088 2.902846772544623 0
    endloop
  endfacet
  facet normal -0.9700312531945435 0.24298017990326556 0
    outer loop
      vertex -9.807852804032304 1.9509032201612824 0
      vertex -9.807852804032304 1.9509032201612824 1
      vertex -9.727512829572374 2.2716383769876938 1
    endloop
  endfacet
  facet normal 0 0 -1
    outer loop
      vertex -9.238795325112868 -3.826834323650898 0
      vertex -9.238795325112868 3.826834323650898 0
      vertex -8.819212643483551 4.7139673682599765 0
    endloop
  endfacet
  facet normal 0 0 -1
    outer loop
      vertex -8.819212643483551 -4.7139673682599765 0
      vertex -8.819212643483551 4.7139673682599765 0
      vertex -8.314696123025453 5.555702330196022 0
    endloop
  endfacet
  facet normal 0 0 -1
    outer loop
      vertex -8.314696123025453 -5.555702330196022 0
      vertex -8.314696123025453 5.555702330196022 0
      vertex -7.73010453362737 6.343932841636455 0
    endloop
  endfacet
  facet normal -0.9039892931234434 0.42755509343028164 -2.8265781154532654e-16
    outer loop
      vertex -9.238795325112868 3.826834323650898 0
      vertex -9.040773445782623 4.245516410402635 1
      vertex -8.819212643483551 4.7139673682599765 0
    endloop
  endfacet
  facet normal -0.9039892931234436 0.4275550934302817 -3.0351757634017315e-16
    outer loop
      vertex -9.238795325112868 3.826834323650898 0
      vertex -9.207244475491594 3.8935429904048133 1
      vertex -9.040773445782623 4.245516410402635 1
    endloop
  endfacet
  facet normal 0 0 -1
    outer loop
      vertex -7.73010453362737 -6.343932841636455 0
      vertex -7.73010453362737 6.343932841636455 0
      vertex -7.0710678118654755 7.0710678118654755 0
    endloop
  endfacet
  facet normal 0 0 -1
    outer loop
      vertex -7.0710678118654755 -7.0710678118654755 0
      vertex -7.0710678118654755 7.0710678118654755 0
      vertex -6.343932841636455 7.73010453362737 0
    endloop
  endfacet
  facet normal 0 0 -1
    outer loop
      vertex -6.343932841636455 -7.73010453362737 0
      vertex -6.343932841636455 7.73010453362737 0
      vertex -5.555702330196022 8.314696123025453 0
    endloop
  endfacet
  facet normal 0 0 -1
    outer loop
      vertex -5.555702330196022 -8.314696123025453 0
      vertex -5.555702330196022 8.314696123025453 0
      vertex -4.7139673682599765 8.819212643483551 0
    endloop
  endfacet
  facet normal -0.9987954562051724 0.04906767432741783 0
    outer loop
      vertex -9.95184726672197 0.980171403295606 0
      vertex -9.990407078044662 0.19526841229093309 1
      vertex -9.95184726672197 0.980171403295606 14
    endloop
  endfacet
  facet normal -0.9891765099647809 0.14673047445536286 6.147533911497654e-19
    outer loop
      vertex -9.95184726672197 0.980171403295606 0
      vertex -9.816054138529518 1.8956143139874293 13
      vertex -9.816054138529518 1.8956143139874293 1
    endloop
  endfacet
  facet normal -0.970031253194544 0.24298017990326407 0
    outer loop
      vertex -9.727512829572374 2.2716383769876938 1
      vertex -9.727512829572374 2.2716383769876938 13
      vertex -9.569403357322088 2.902846772544623 0
    endloop
  endfacet
  facet normal -0.9415440651830213 0.33688985339221883 1.593798779714481e-18
    outer loop
      vertex -9.569403357322088 2.902846772544623 0
      vertex -9.238795325112868 3.826834323650898 14
      vertex -9.238795325112868 3.826834323650898 0
    endloop
  endfacet
  facet normal -0.9039892931234453 0.427555093430278 1.6626016354321465e-19
    outer loop
      vertex -9.238795325112868 3.826834323650898 0
      vertex -9.207244475491594 3.8935429904048133 13
      vertex -9.207244475491594 3.8935429904048133 1
    endloop
  endfacet
  facet normal -0.9039892931234432 0.42755509343028214 1.0394993318972409e-18
    outer loop
      vertex -8.819212643483551 4.7139673682599765 0
      vertex -9.040773445782623 4.245516410402635 1
      vertex -9.040773445782623 4.245516410402635 13
    endloop
  endfacet
  facet normal -0.8032075314806452 0.595699304492433 -9.542369324469698e-17
    outer loop
      vertex -8.314696123025453 5.555702330196022 0
      vertex -7.961322403640311 6.032171633915142 1
      vertex -7.73010453362737 6.343932841636455 0
    endloop
  endfacet
  facet normal -0.8032075314806459 0.5956993044924321 6.042196899520707e-16
    outer loop
      vertex -8.314696123025453 5.555702330196022 0
      vertex -8.197184120588886 5.714148923443002 1
      vertex -7.961322403640311 6.032171633915142 1
    endloop
  endfacet
  facet normal -0.6715589548470183 0.7409511253549591 -1.350150310370325e-16
    outer loop
      vertex -7.0710678118654755 7.0710678118654755 0
      vertex -6.536846111588659 7.555258137539964 1
      vertex -6.343932841636455 7.73010453362737 0
    endloop
  endfacet
  facet normal -0.6715589548470184 0.7409511253549591 -7.914798065084529e-17
    outer loop
      vertex -7.0710678118654755 7.0710678118654755 0
      vertex -6.831015657387615 7.288638402493431 1
      vertex -6.536846111588659 7.555258137539964 1
    endloop
  endfacet
  facet normal -0.5141027441932224 0.8577286100002717 -6.533925488804001e-16
    outer loop
      vertex -5.555702330196022 8.314696123025453 0
      vertex -4.829871717078891 8.74974225028807 1
      vertex -4.7139673682599765 8.819212643483551 0
    endloop
  endfacet
  facet normal -0.5141027441932231 0.8577286100002712 2.3250192190506868e-17
    outer loop
      vertex -5.555702330196022 8.314696123025453 0
      vertex -5.1672541287476506 8.547523014903836 1
      vertex -4.829871717078891 8.74974225028807 1
    endloop
  endfacet
  facet normal -0.8577286100002717 0.5141027441932224 1.4219268601605256e-18
    outer loop
      vertex -8.819212643483551 4.7139673682599765 0
      vertex -8.314696123025453 5.555702330196022 14
      vertex -8.314696123025453 5.555702330196022 0
    endloop
  endfacet
  facet normal -0.803207531480644 0.5956993044924346 4.526551668881637e-19
    outer loop
      vertex -8.314696123025453 5.555702330196022 0
      vertex -8.197184120588886 5.714148923443002 13
      vertex -8.197184120588886 5.714148923443002 1
    endloop
  endfacet
  facet normal -0.803207531480645 0.5956993044924332 0
    outer loop
      vertex -7.961322403640311 6.032171633915142 1
      vertex -7.961322403640311 6.032171633915142 13
      vertex -7.73010453362737 6.343932841636455 0
    endloop
  endfacet
  facet normal -0.7409511253549591 0.6715589548470183 -9.764293822957502e-19
    outer loop
      vertex -7.73010453362737 6.343932841636455 0
      vertex -7.0710678118654755 7.0710678118654755 14
      vertex -7.0710678118654755 7.0710678118654755 0
    endloop
  endfacet
  facet normal -0.6715589548470186 0.7409511253549589 0
    outer loop
      vertex -7.0710678118654755 7.0710678118654755 0
      vertex -7.0710678118654755 7.0710678118654755 14
      vertex -6.831015657387615 7.288638402493431 1
    endloop
  endfacet
  facet normal -0.671558954847018 0.7409511253549594 -9.98170563528362e-19
    outer loop
      vertex -6.343932841636455 7.73010453362737 0
      vertex -6.536846111588659 7.555258137539964 1
      vertex -6.536846111588659 7.555258137539964 13
    endloop
  endfacet
  facet normal -0.595699304492433 0.803207531480645 0
    outer loop
      vertex -6.343932841636455 7.73010453362737 0
      vertex -6.343932841636455 7.73010453362737 14
      vertex -5.555702330196022 8.314696123025453 0
    endloop
  endfacet
  facet normal -0.5141027441932231 0.8577286100002713 0
    outer loop
      vertex -5.555702330196022 8.314696123025453 0
      vertex -5.555702330196022 8.314696123025453 14
      vertex -5.1672541287476506 8.547523014903836 1
    endloop
  endfacet
  facet normal 0 0 -1
    outer loop
      vertex -3.826834323650898 -9.238795325112868 0
      vertex -2.902846772544623 9.569403357322088 0
      vertex -3.1 0 0
    endloop
  endfacet
  facet normal 0 0 -1
    outer loop
      vertex -4.7139673682599765 -8.819212643483551 0
      vertex -4.7139673682599765 8.819212643483551 0
      vertex -3.826834323650898 9.238795325112868 0
    endloop
  endfacet
  facet normal 0 0 -1
    outer loop
      vertex -3.826834323650898 -9.238795325112868 0
      vertex -3.826834323650898 9.238795325112868 0
      vertex -2.902846772544623 9.569403357322088 0
    endloop
  endfacet
  facet normal 0 0 -1
    outer loop
      vertex -2.902846772544623 9.569403357322088 0
      vertex -3.0850726526838104 0.30385313502163785 0
      vertex -3.1 0 0
    endloop
  endfacet
  facet normal 0 0 -1
    outer loop
      vertex -2.902846772544623 9.569403357322088 0
      vertex -3.0404343692500144 0.6047799982499976 0
      vertex -3.0850726526838104 0.30385313502163785 0
    endloop
  endfacet
  facet normal 0 0 -1
    outer loop
      vertex -2.902846772544623 9.569403357322088 0
      vertex -2.9665150407698473 0.8998824994888333 0
      vertex -3.0404343692500144 0.6047799982499976 0
    endloop
  endfacet
  facet normal 0 0 -1
    outer loop
      vertex -2.902846772544623 9.569403357322088 0
      vertex -2.864026550784989 1.1863186403317783 0
      vertex -2.9665150407698473 0.8998824994888333 0
    endloop
  endfacet
  facet normal 0 0 -1
    outer loop
      vertex -2.902846772544623 9.569403357322088 0
      vertex -2.7339559194799006 1.4613298841605928 0
      vertex -2.864026550784989 1.1863186403317783 0
    endloop
  endfacet
  facet normal 0 0 -1
    outer loop
      vertex -2.902846772544623 9.569403357322088 0
      vertex -2.5775557981378903 1.7222677223607668 0
      vertex -2.7339559194799006 1.4613298841605928 0
    endloop
  endfacet
  facet normal 0 0 -1
    outer loop
      vertex -2.902846772544623 9.569403357322088 0
      vertex -2.396332405424485 1.966619180907301 0
      vertex -2.5775557981378903 1.7222677223607668 0
    endloop
  endfacet
  facet normal 0 0 -1
    outer loop
      vertex -1.9509032201612824 9.807852804032304 0
      vertex -2.1920310216782974 2.1920310216782974 0
      vertex -2.396332405424485 1.966619180907301 0
    endloop
  endfacet
  facet normal 0 0 -1
    outer loop
      vertex -1.9509032201612824 9.807852804032304 0
      vertex -1.966619180907301 2.396332405424485 0
      vertex -2.1920310216782974 2.1920310216782974 0
    endloop
  endfacet
  facet normal 0 0 -1
    outer loop
      vertex -1.9509032201612824 9.807852804032304 0
      vertex -1.7222677223607668 2.5775557981378903 0
      vertex -1.966619180907301 2.396332405424485 0
    endloop
  endfacet
  facet normal -0.3368898533922188 0.9415440651830211 -4.749560748881628e-16
    outer loop
      vertex -3.826834323650898 9.238795325112868 0
      vertex -2.9151136931610373 9.565014182942624 1
      vertex -2.902846772544623 9.569403357322088 0
    endloop
  endfacet
  facet normal -0.33688985339222216 0.9415440651830199 2.9930441163691697e-15
    outer loop
      vertex -3.826834323650898 9.238795325112868 0
      vertex -3.276841249925715 9.435585993575097 1
      vertex -2.9151136931610373 9.565014182942624 1
    endloop
  endfacet
  facet normal 0 0 -1
    outer loop
      vertex -1.9509032201612824 9.807852804032304 0
      vertex -1.4613298841605928 2.7339559194799006 0
      vertex -1.7222677223607668 2.5775557981378903 0
    endloop
  endfacet
  facet normal 0 0 -1
    outer loop
      vertex -2.902846772544623 9.569403357322088 0
      vertex -1.9509032201612824 9.807852804032304 0
      vertex -2.396332405424485 1.966619180907301 0
    endloop
  endfacet
  facet normal 0 0 -1
    outer loop
      vertex -1.9509032201612824 9.807852804032304 0
      vertex -0.980171403295606 9.95184726672197 0
      vertex -1.4613298841605928 2.7339559194799006 0
    endloop
  endfacet
  facet normal 0 0 -1
    outer loop
      vertex -0.980171403295606 9.95184726672197 0
      vertex -1.1863186403317783 2.864026550784989 0
      vertex -1.4613298841605928 2.7339559194799006 0
    endloop
  endfacet
  facet normal 0 0 -1
    outer loop
      vertex -0.980171403295606 9.95184726672197 0
      vertex -0.8998824994888333 2.9665150407698473 0
      vertex -1.1863186403317783 2.864026550784989 0
    endloop
  endfacet
  facet normal 0 0 -1
    outer loop
      vertex -0.980171403295606 9.95184726672197 0
      vertex -0.6047799982499976 3.0404343692500144 0
      vertex -0.8998824994888333 2.9665150407698473 0
    endloop
  endfacet
  facet normal 0 0 -1
    outer loop
      vertex 0 10 0
      vertex -0.30385313502163785 3.0850726526838104 0
      vertex -0.6047799982499976 3.0404343692500144 0
    endloop
  endfacet
  facet normal 0 0 -1
    outer loop
      vertex 0 10 0
      vertex 0 3.1 0
      vertex -0.30385313502163785 3.0850726526838104 0
    endloop
  endfacet
  facet normal -0.14673047445536283 0.9891765099647808 1.407929967089246e-17
    outer loop
      vertex -1.9509032201612824 9.807852804032304 0
      vertex -0.980171403295606 9.95184726672197 1
      vertex -0.980171403295606 9.95184726672197 0
    endloop
  endfacet
  facet normal -0.1467304744553585 0.9891765099647815 -4.310076474544157e-15
    outer loop
      vertex -1.9509032201612824 9.807852804032304 0
      vertex -1.2407361321266028 9.913196140353163 1
      vertex -0.980171403295606 9.95184726672197 1
    endloop
  endfacet
  facet normal 0 0 -1
    outer loop
      vertex -0.980171403295606 9.95184726672197 0
      vertex 0 10 0
      vertex -0.6047799982499976 3.0404343692500144 0
    endloop
  endfacet
  facet normal -0.04906767432741504 0.9987954562051724 0
    outer loop
      vertex -0.980171403295606 9.95184726672197 0
      vertex -0.980171403295606 9.95184726672197 1
      vertex -0.8540477377909933 9.958043325089589 1
    endloop
  endfacet
  facet normal -0.04906767432741713 0.9987954562051724 2.640548744635104e-16
    outer loop
      vertex -0.980171403295606 9.95184726672197 0
      vertex -0.8540477377909933 9.958043325089589 1
      vertex 0 10 0
    endloop
  endfacet
  facet normal -0.5141027441932183 0.857728610000274 0
    outer loop
      vertex -4.829871717078891 8.74974225028807 1
      vertex -4.829871717078891 8.74974225028807 13
      vertex -4.7139673682599765 8.819212643483551 0
    endloop
  endfacet
  facet normal -0.4275550934302817 0.9039892931234436 0
    outer loop
      vertex -4.7139673682599765 8.819212643483551 0
      vertex -4.7139673682599765 8.819212643483551 14
      vertex -3.826834323650898 9.238795325112868 0
    endloop
  endfacet
  facet normal -0.3368898533922174 0.9415440651830218 0
    outer loop
      vertex -3.826834323650898 9.238795325112868 0
      vertex -3.826834323650898 9.238795325112868 14
      vertex -3.276841249925715 9.435585993575097 1
    endloop
  endfacet
  facet normal -0.2429801799032646 0.9700312531945439 0
    outer loop
      vertex -2.902846772544623 9.569403357322088 0
      vertex -2.902846772544623 9.569403357322088 14
      vertex -1.9509032201612824 9.807852804032304 0
    endloop
  endfacet
  facet normal -0.3368898533921832 0.941544065183034 0
    outer loop
      vertex -2.902846772544623 9.569403357322088 0
      vertex -2.9151136931610373 9.565014182942624 1
      vertex -2.902846772544623 9.569403357322088 14
    endloop
  endfacet
  facet normal -0.14673047445536444 0.9891765099647806 0
    outer loop
      vertex -1.9509032201612824 9.807852804032304 0
      vertex -1.9509032201612824 9.807852804032304 14
      vertex -1.2407361321266028 9.913196140353163 1
    endloop
  endfacet
  facet normal -0.04906767432741744 0.9987954562051724 0
    outer loop
      vertex -0.8540477377909933 9.958043325089589 1
      vertex -0.8540477377909933 9.958043325089589 13
      vertex 0 10 0
    endloop
  endfacet
  facet normal -0.9987954562051724 0.04906767432741782 0
    outer loop
      vertex -9.990407078044662 0.19526841229093309 1
      vertex -9.990407078044662 0.19526841229093309 13
      vertex -9.95184726672197 0.980171403295606 14
    endloop
  endfacet
  facet normal -0.9891765099647809 0.14673047445536122 7.664322499609664e-17
    outer loop
      vertex -9.95184726672197 0.980171403295606 0
      vertex -9.807852804032304 1.9509032201612824 14
      vertex -9.816054138529518 1.8956143139874293 13
    endloop
  endfacet
  facet normal -0.9891765099647808 0.14673047445536283 0
    outer loop
      vertex -9.95184726672197 0.980171403295606 0
      vertex -9.95184726672197 0.980171403295606 14
      vertex -9.807852804032304 1.9509032201612824 14
    endloop
  endfacet
  facet normal -0.9700312531945439 0.24298017990326404 0
    outer loop
      vertex -9.569403357322088 2.902846772544623 0
      vertex -9.727512829572374 2.2716383769876938 13
      vertex -9.569403357322088 2.902846772544623 14
    endloop
  endfacet
  facet normal -0.9415440651830213 0.33688985339221883 0
    outer loop
      vertex -9.569403357322088 2.902846772544623 0
      vertex -9.569403357322088 2.902846772544623 14
      vertex -9.238795325112868 3.826834323650898 14
    endloop
  endfacet
  facet normal -0.9039892931234453 0.4275550934302779 0
    outer loop
      vertex -9.238795325112868 3.826834323650898 0
      vertex -9.238795325112868 3.826834323650898 14
      vertex -9.207244475491594 3.8935429904048133 13
    endloop
  endfacet
  facet normal -0.9039892931234433 0.4275550934302822 0
    outer loop
      vertex -8.819212643483551 4.7139673682599765 0
      vertex -9.040773445782623 4.245516410402635 13
      vertex -8.819212643483551 4.7139673682599765 14
    endloop
  endfacet
  facet normal -0.8577286100002717 0.5141027441932224 0
    outer loop
      vertex -8.819212643483551 4.7139673682599765 0
      vertex -8.819212643483551 4.7139673682599765 14
      vertex -8.314696123025453 5.555702330196022 14
    endloop
  endfacet
  facet normal -0.9987954562051726 0.04906767432741433 0
    outer loop
      vertex -10 0 13
      vertex -10 0 14
      vertex -9.990407078044662 0.19526841229093309 13
    endloop
  endfacet
  facet normal 0 0 1
    outer loop
      vertex -9.95184726672197 -0.980171403295606 14
      vertex -9.95184726672197 0.980171403295606 14
      vertex -10 0 14
    endloop
  endfacet
  facet normal -0.9987954562051724 0.04906767432741713 5.482104692770879e-16
    outer loop
      vertex -9.990407078044662 0.19526841229093309 13
      vertex -10 0 14
      vertex -9.95184726672197 0.980171403295606 14
    endloop
  endfacet
  facet normal 0 0 1
    outer loop
      vertex -9.807852804032304 -1.9509032201612824 14
      vertex -9.807852804032304 1.9509032201612824 14
      vertex -9.95184726672197 0.980171403295606 14
    endloop
  endfacet
  facet normal 0 0 1
    outer loop
      vertex -9.569403357322088 -2.902846772544623 14
      vertex -9.569403357322088 2.902846772544623 14
      vertex -9.807852804032304 1.9509032201612824 14
    endloop
  endfacet
  facet normal 0 0 1
    outer loop
      vertex -9.238795325112868 -3.826834323650898 14
      vertex -9.238795325112868 3.826834323650898 14
      vertex -9.569403357322088 2.902846772544623 14
    endloop
  endfacet
  facet normal -0.9891765099647809 0.14673047445536314 2.9748675770809286e-19
    outer loop
      vertex -9.816054138529518 1.8956143139874293 13
      vertex -9.807852804032304 1.9509032201612824 14
      vertex -9.807852804032304 1.9509032201612824 13
    endloop
  endfacet
  facet normal -0.9700312531945435 0.24298017990326556 -1.0234396483196215e-15
    outer loop
      vertex -9.807852804032304 1.9509032201612824 13
      vertex -9.569403357322088 2.902846772544623 14
      vertex -9.727512829572374 2.2716383769876938 13
    endloop
  endfacet
  facet normal -0.9700312531945439 0.24298017990326456 0
    outer loop
      vertex -9.807852804032304 1.9509032201612824 13
      vertex -9.807852804032304 1.9509032201612824 14
      vertex -9.569403357322088 2.902846772544623 14
    endloop
  endfacet
  facet normal 0 0 1
    outer loop
      vertex -8.819212643483551 -4.7139673682599765 14
      vertex -8.819212643483551 4.7139673682599765 14
      vertex -9.238795325112868 3.826834323650898 14
    endloop
  endfacet
  facet normal 0 0 1
    outer loop
      vertex -8.314696123025453 -5.555702330196022 14
      vertex -8.314696123025453 5.555702330196022 14
      vertex -8.819212643483551 4.7139673682599765 14
    endloop
  endfacet
  facet normal 0 0 1
    outer loop
      vertex -7.73010453362737 -6.343932841636455 14
      vertex -7.73010453362737 6.343932841636455 14
      vertex -8.314696123025453 5.555702330196022 14
    endloop
  endfacet
  facet normal -0.9039892931234436 0.4275550934302817 3.061233914342311e-16
    outer loop
      vertex -9.207244475491594 3.8935429904048133 13
      vertex -9.238795325112868 3.826834323650898 14
      vertex -9.040773445782623 4.245516410402635 13
    endloop
  endfacet
  facet normal -0.9039892931234434 0.42755509343028164 2.97077401788671e-16
    outer loop
      vertex -9.040773445782623 4.245516410402635 13
      vertex -9.238795325112868 3.826834323650898 14
      vertex -8.819212643483551 4.7139673682599765 14
    endloop
  endfacet
  facet normal 0 0 1
    outer loop
      vertex -7.0710678118654755 -7.0710678118654755 14
      vertex -7.0710678118654755 7.0710678118654755 14
      vertex -7.73010453362737 6.343932841636455 14
    endloop
  endfacet
  facet normal 0 0 1
    outer loop
      vertex -6.343932841636455 -7.73010453362737 14
      vertex -6.343932841636455 7.73010453362737 14
      vertex -7.0710678118654755 7.0710678118654755 14
    endloop
  endfacet
  facet normal 0 0 1
    outer loop
      vertex -5.555702330196022 -8.314696123025453 14
      vertex -5.555702330196022 8.314696123025453 14
      vertex -6.343932841636455 7.73010453362737 14
    endloop
  endfacet
  facet normal -0.8032075314806439 0.5956993044924345 0
    outer loop
      vertex -8.314696123025453 5.555702330196022 0
      vertex -8.314696123025453 5.555702330196022 14
      vertex -8.197184120588886 5.714148923443002 13
    endloop
  endfacet
  facet normal -0.8032075314806449 0.5956993044924332 0
    outer loop
      vertex -7.73010453362737 6.343932841636455 0
      vertex -7.961322403640311 6.032171633915142 13
      vertex -7.73010453362737 6.343932841636455 14
    endloop
  endfacet
  facet normal -0.7409511253549591 0.6715589548470183 0
    outer loop
      vertex -7.73010453362737 6.343932841636455 0
      vertex -7.73010453362737 6.343932841636455 14
      vertex -7.0710678118654755 7.0710678118654755 14
    endloop
  endfacet
  facet normal -0.6715589548470187 0.740951125354959 0
    outer loop
      vertex -6.831015657387615 7.288638402493431 1
      vertex -7.0710678118654755 7.0710678118654755 14
      vertex -6.831015657387615 7.288638402493431 13
    endloop
  endfacet
  facet normal -0.671558954847018 0.7409511253549594 0
    outer loop
      vertex -6.343932841636455 7.73010453362737 0
      vertex -6.536846111588659 7.555258137539964 13
      vertex -6.343932841636455 7.73010453362737 14
    endloop
  endfacet
  facet normal -0.595699304492433 0.803207531480645 0
    outer loop
      vertex -5.555702330196022 8.314696123025453 0
      vertex -6.343932841636455 7.73010453362737 14
      vertex -5.555702330196022 8.314696123025453 14
    endloop
  endfacet
  facet normal -0.5141027441932231 0.8577286100002712 0
    outer loop
      vertex -5.1672541287476506 8.547523014903836 1
      vertex -5.555702330196022 8.314696123025453 14
      vertex -5.1672541287476506 8.547523014903836 13
    endloop
  endfacet
  facet normal -0.8032075314806459 0.5956993044924321 -6.015134051460859e-16
    outer loop
      vertex -8.197184120588886 5.714148923443002 13
      vertex -8.314696123025453 5.555702330196022 14
      vertex -7.961322403640311 6.032171633915142 13
    endloop
  endfacet
  facet normal -0.8032075314806452 0.595699304492433 1.0699717605551419e-16
    outer loop
      vertex -7.961322403640311 6.032171633915142 13
      vertex -8.314696123025453 5.555702330196022 14
      vertex -7.73010453362737 6.343932841636455 14
    endloop
  endfacet
  facet normal -0.6715589548470183 0.7409511253549591 1.0329570037240072e-16
    outer loop
      vertex -6.831015657387615 7.288638402493431 13
      vertex -7.0710678118654755 7.0710678118654755 14
      vertex -6.343932841636455 7.73010453362737 14
    endloop
  endfacet
  facet normal -0.6715589548470184 0.7409511253549591 1.7337032435428654e-16
    outer loop
      vertex -6.831015657387615 7.288638402493431 13
      vertex -6.343932841636455 7.73010453362737 14
      vertex -6.536846111588659 7.555258137539964 13
    endloop
  endfacet
  facet normal -0.5141027441932224 0.8577286100002717 3.2978609931571527e-16
    outer loop
      vertex -5.1672541287476506 8.547523014903836 13
      vertex -5.555702330196022 8.314696123025453 14
      vertex -4.7139673682599765 8.819212643483551 14
    endloop
  endfacet
  facet normal 0 0 1
    outer loop
      vertex -4.7139673682599765 -8.819212643483551 14
      vertex -4.7139673682599765 8.819212643483551 14
      vertex -5.555702330196022 8.314696123025453 14
    endloop
  endfacet
  facet normal 0 0 1
    outer loop
      vertex -3.826834323650898 -9.238795325112868 14
      vertex -3.826834323650898 9.238795325112868 14
      vertex -4.7139673682599765 8.819212643483551 14
    endloop
  endfacet
  facet normal 0 0 1
    outer loop
      vertex -2.902846772544623 -9.569403357322088 14
      vertex -2.902846772544623 9.569403357322088 14
      vertex -3.826834323650898 9.238795325112868 14
    endloop
  endfacet
  facet normal 0 0 1
    outer loop
      vertex -0.980171403295606 9.95184726672197 14
      vertex 0 -10 14
      vertex -0.5 5.5 14
    endloop
  endfacet
  facet normal 0 0 1
    outer loop
      vertex -1.9509032201612824 -9.807852804032304 14
      vertex -1.9509032201612824 9.807852804032304 14
      vertex -2.902846772544623 9.569403357322088 14
    endloop
  endfacet
  facet normal 0 0 1
    outer loop
      vertex -0.980171403295606 -9.95184726672197 14
      vertex -0.980171403295606 9.95184726672197 14
      vertex -1.9509032201612824 9.807852804032304 14
    endloop
  endfacet
  facet normal -0.5141027441932183 0.8577286100002741 0
    outer loop
      vertex -4.7139673682599765 8.819212643483551 0
      vertex -4.829871717078891 8.74974225028807 13
      vertex -4.7139673682599765 8.819212643483551 14
    endloop
  endfacet
  facet normal -0.4275550934302817 0.9039892931234436 0
    outer loop
      vertex -3.826834323650898 9.238795325112868 0
      vertex -4.7139673682599765 8.819212643483551 14
      vertex -3.826834323650898 9.238795325112868 14
    endloop
  endfacet
  facet normal -0.3368898533922174 0.9415440651830218 0
    outer loop
      vertex -3.276841249925715 9.435585993575097 1
      vertex -3.826834323650898 9.238795325112868 14
      vertex -3.276841249925715 9.435585993575097 13
    endloop
  endfacet
  facet normal -0.33688985339218314 0.9415440651830339 0
    outer loop
      vertex -2.9151136931610373 9.565014182942624 1
      vertex -2.9151136931610373 9.565014182942624 13
      vertex -2.902846772544623 9.569403357322088 14
    endloop
  endfacet
  facet normal -0.2429801799032646 0.9700312531945439 0
    outer loop
      vertex -1.9509032201612824 9.807852804032304 0
      vertex -2.902846772544623 9.569403357322088 14
      vertex -1.9509032201612824 9.807852804032304 14
    endloop
  endfacet
  facet normal -0.14673047445536444 0.9891765099647807 0
    outer loop
      vertex -1.2407361321266028 9.913196140353163 1
      vertex -1.9509032201612824 9.807852804032304 14
      vertex -1.2407361321266028 9.913196140353163 13
    endloop
  endfacet
  facet normal -0.049067674327417446 0.9987954562051725 2.31052261784918e-19
    outer loop
      vertex -0.8540477377909933 9.958043325089589 13
      vertex 0 10 14
      vertex 0 10 0
    endloop
  endfacet
  facet normal -0.5141027441932231 0.8577286100002712 7.4764277503946e-16
    outer loop
      vertex -5.1672541287476506 8.547523014903836 13
      vertex -4.7139673682599765 8.819212643483551 14
      vertex -4.829871717078891 8.74974225028807 13
    endloop
  endfacet
  facet normal -0.3368898533922188 0.9415440651830211 -8.791174893419849e-16
    outer loop
      vertex -3.826834323650898 9.238795325112868 14
      vertex -2.902846772544623 9.569403357322088 14
      vertex -3.276841249925715 9.435585993575097 13
    endloop
  endfacet
  facet normal -0.33688985339222216 0.9415440651830199 5.427553538866247e-16
    outer loop
      vertex -3.276841249925715 9.435585993575097 13
      vertex -2.902846772544623 9.569403357322088 14
      vertex -2.9151136931610373 9.565014182942624 13
    endloop
  endfacet
  facet normal -0.14673047445536283 0.9891765099647808 1.160484407993431e-15
    outer loop
      vertex -1.9509032201612824 9.807852804032304 14
      vertex -0.980171403295606 9.95184726672197 14
      vertex -1.2407361321266028 9.913196140353163 13
    endloop
  endfacet
  facet normal 0 0 1
    outer loop
      vertex -0.980171403295606 9.95184726672197 14
      vertex -0.5 5.5 14
      vertex -0.5 8.5 14
    endloop
  endfacet
  facet normal -0.1467304744553585 0.9891765099647815 1.941540691625272e-18
    outer loop
      vertex -1.2407361321266028 9.913196140353163 13
      vertex -0.980171403295606 9.95184726672197 14
      vertex -0.980171403295606 9.95184726672197 13
    endloop
  endfacet
  facet normal -0.04906767432741713 0.9987954562051724 0
    outer loop
      vertex -0.980171403295606 9.95184726672197 13
      vertex -0.980171403295606 9.95184726672197 14
      vertex 0 10 14
    endloop
  endfacet
  facet normal -0.04906767432741504 0.9987954562051724 -2.056436648734684e-15
    outer loop
      vertex -0.980171403295606 9.95184726672197 13
      vertex 0 10 14
      vertex -0.8540477377909933 9.958043325089589 13
    endloop
  endfacet
  facet normal 0 0 1
    outer loop
      vertex -0.980171403295606 9.95184726672197 14
      vertex -0.5 8.5 14
      vertex 0 10 14
    endloop
  endfacet
  facet normal 0.04906767432741713 -0.9987954562051724 2.63844707325611e-16
    outer loop
      vertex 0 -10 0
      vertex 0.980171403295606 -9.95184726672197 0
      vertex 0.8540477377909933 -9.958043325089589 1
    endloop
  endfacet
  facet normal 0.04906767432741504 -0.9987954562051724 0
    outer loop
      vertex 0.980171403295606 -9.95184726672197 0
      vertex 0.980171403295606 -9.95184726672197 1
      vertex 0.8540477377909933 -9.958043325089589 1
    endloop
  endfacet
  facet normal 0 0 -1
    outer loop
      vertex 0 -10 0
      vertex 0.6047799982499976 -3.0404343692500144 0
      vertex 0.980171403295606 -9.95184726672197 0
    endloop
  endfacet
  facet normal 0.14673047445536283 -0.9891765099647808 0
    outer loop
      vertex 0.980171403295606 -9.95184726672197 0
      vertex 1.9509032201612824 -9.807852804032304 0
      vertex 0.980171403295606 -9.95184726672197 1
    endloop
  endfacet
  facet normal 0.1467304744553585 -0.9891765099647815 -4.323607037798659e-15
    outer loop
      vertex 0.980171403295606 -9.95184726672197 1
      vertex 1.9509032201612824 -9.807852804032304 0
      vertex 1.2407361321266028 -9.913196140353163 1
    endloop
  endfacet
  facet normal 0 0 -1
    outer loop
      vertex 0 -10 0
      vertex 0 -3.1 0
      vertex 0.30385313502163785 -3.0850726526838104 0
    endloop
  endfacet
  facet normal 0 0 -1
    outer loop
      vertex 0 -10 0
      vertex 0.30385313502163785 -3.0850726526838104 0
      vertex 0.6047799982499976 -3.0404343692500144 0
    endloop
  endfacet
  facet normal 0 0 -1
    outer loop
      vertex 0.980171403295606 -9.95184726672197 0
      vertex 0.6047799982499976 -3.0404343692500144 0
      vertex 0.8998824994888333 -2.9665150407698473 0
    endloop
  endfacet
  facet normal 0 0 -1
    outer loop
      vertex 0.980171403295606 -9.95184726672197 0
      vertex 0.8998824994888333 -2.9665150407698473 0
      vertex 1.1863186403317783 -2.864026550784989 0
    endloop
  endfacet
  facet normal 0 0 -1
    outer loop
      vertex 0.980171403295606 -9.95184726672197 0
      vertex 1.1863186403317783 -2.864026550784989 0
      vertex 1.4613298841605928 -2.7339559194799006 0
    endloop
  endfacet
  facet normal 0 0 -1
    outer loop
      vertex 0.980171403295606 -9.95184726672197 0
      vertex 1.4613298841605928 -2.7339559194799006 0
      vertex 1.9509032201612824 -9.807852804032304 0
    endloop
  endfacet
  facet normal 0 0 -1
    outer loop
      vertex 1.9509032201612824 -9.807852804032304 0
      vertex 1.4613298841605928 -2.7339559194799006 0
      vertex 1.6500000000000004 -2.620871403970663 0
    endloop
  endfacet
  facet normal 0.3368898533922188 -0.9415440651830211 -4.937788009694603e-16
    outer loop
      vertex 2.902846772544623 -9.569403357322088 0
      vertex 3.826834323650898 -9.238795325112868 0
      vertex 2.9151136931610373 -9.565014182942624 1
    endloop
  endfacet
  facet normal 0.33688985339222216 -0.9415440651830199 2.9960922212756687e-15
    outer loop
      vertex 2.9151136931610373 -9.565014182942624 1
      vertex 3.826834323650898 -9.238795325112868 0
      vertex 3.276841249925715 -9.435585993575097 1
    endloop
  endfacet
  facet normal 0.049067674327417446 -0.9987954562051724 2.6956097208240435e-19
    outer loop
      vertex 0 -10 0
      vertex 0.8540477377909933 -9.958043325089589 1
      vertex 0.8540477377909933 -9.958043325089589 13
    endloop
  endfacet
  facet normal 0.14673047445536444 -0.9891765099647806 2.328965851296931e-19
    outer loop
      vertex 1.2407361321266028 -9.913196140353163 1
      vertex 1.9509032201612824 -9.807852804032304 0
      vertex 1.9509032201612824 -9.807852804032304 14
    endloop
  endfacet
  facet normal 0.2429801799032646 -0.9700312531945439 1.645694901840238e-19
    outer loop
      vertex 1.9509032201612824 -9.807852804032304 0
      vertex 2.902846772544623 -9.569403357322088 0
      vertex 2.902846772544623 -9.569403357322088 14
    endloop
  endfacet
  facet normal 0.3368898533921832 -0.941544065183034 0
    outer loop
      vertex 2.902846772544623 -9.569403357322088 0
      vertex 2.9151136931610373 -9.565014182942624 1
      vertex 2.902846772544623 -9.569403357322088 14
    endloop
  endfacet
  facet normal 0.3368898533922174 -0.9415440651830218 6.956510691142246e-19
    outer loop
      vertex 3.276841249925715 -9.435585993575097 1
      vertex 3.826834323650898 -9.238795325112868 0
      vertex 3.826834323650898 -9.238795325112868 14
    endloop
  endfacet
  facet normal 0.4275550934302817 -0.9039892931234436 -7.5725551244499315e-19
    outer loop
      vertex 3.826834323650898 -9.238795325112868 0
      vertex 4.7139673682599765 -8.819212643483551 0
      vertex 4.7139673682599765 -8.819212643483551 14
    endloop
  endfacet
  facet normal 0.5141027441932183 -0.857728610000274 3.546820416365789e-19
    outer loop
      vertex 4.7139673682599765 -8.819212643483551 0
      vertex 4.829871717078891 -8.74974225028807 1
      vertex 4.829871717078891 -8.74974225028807 13
    endloop
  endfacet
  facet normal 0 0 -1
    outer loop
      vertex 1.9509032201612824 -9.807852804032304 0
      vertex 1.6500000000000004 -2.620871403970663 0
      vertex 1.6500000000000004 2.620871403970663 0
    endloop
  endfacet
  facet normal 0 0 -1
    outer loop
      vertex 1.9509032201612824 -9.807852804032304 0
      vertex 2.902846772544623 9.569403357322088 0
      vertex 2.902846772544623 -9.569403357322088 0
    endloop
  endfacet
  facet normal 0 0 -1
    outer loop
      vertex 2.902846772544623 -9.569403357322088 0
      vertex 3.826834323650898 9.238795325112868 0
      vertex 3.826834323650898 -9.238795325112868 0
    endloop
  endfacet
  facet normal 0 0 -1
    outer loop
      vertex 3.826834323650898 -9.238795325112868 0
      vertex 4.7139673682599765 8.819212643483551 0
      vertex 4.7139673682599765 -8.819212643483551 0
    endloop
  endfacet
  facet normal 0.5141027441932224 -0.8577286100002717 -6.484425897484817e-16
    outer loop
      vertex 4.7139673682599765 -8.819212643483551 0
      vertex 5.555702330196022 -8.314696123025453 0
      vertex 4.829871717078891 -8.74974225028807 1
    endloop
  endfacet
  facet normal 0.5141027441932231 -0.8577286100002712 1.6283088687105502e-17
    outer loop
      vertex 4.829871717078891 -8.74974225028807 1
      vertex 5.555702330196022 -8.314696123025453 0
      vertex 5.1672541287476506 -8.547523014903836 1
    endloop
  endfacet
  facet normal 0.6715589548470183 -0.7409511253549591 -1.155334853749622e-16
    outer loop
      vertex 6.343932841636455 -7.73010453362737 0
      vertex 7.0710678118654755 -7.0710678118654755 0
      vertex 6.536846111588659 -7.555258137539964 1
    endloop
  endfacet
  facet normal 0.6715589548470184 -0.7409511253549591 -6.830255239069646e-17
    outer loop
      vertex 6.536846111588659 -7.555258137539964 1
      vertex 7.0710678118654755 -7.0710678118654755 0
      vertex 6.831015657387615 -7.288638402493431 1
    endloop
  endfacet
  facet normal 0.8032075314806452 -0.595699304492433 -9.082516831381188e-17
    outer loop
      vertex 7.73010453362737 -6.343932841636455 0
      vertex 8.314696123025453 -5.555702330196022 0
      vertex 7.961322403640311 -6.032171633915142 1
    endloop
  endfacet
  facet normal 0.8032075314806459 -0.5956993044924321 6.042196899520707e-16
    outer loop
      vertex 8.314696123025453 -5.555702330196022 0
      vertex 8.197184120588886 -5.714148923443002 1
      vertex 7.961322403640311 -6.032171633915142 1
    endloop
  endfacet
  facet normal 0.5141027441932231 -0.8577286100002713 0
    outer loop
      vertex 5.555702330196022 -8.314696123025453 0
      vertex 5.555702330196022 -8.314696123025453 14
      vertex 5.1672541287476506 -8.547523014903836 1
    endloop
  endfacet
  facet normal 0.595699304492433 -0.803207531480645 1.927817063687649e-18
    outer loop
      vertex 5.555702330196022 -8.314696123025453 0
      vertex 6.343932841636455 -7.73010453362737 0
      vertex 6.343932841636455 -7.73010453362737 14
    endloop
  endfacet
  facet normal 0.671558954847018 -0.7409511253549594 -9.98170563528362e-19
    outer loop
      vertex 6.343932841636455 -7.73010453362737 0
      vertex 6.536846111588659 -7.555258137539964 1
      vertex 6.536846111588659 -7.555258137539964 13
    endloop
  endfacet
  facet normal 0.6715589548470186 -0.7409511253549589 0
    outer loop
      vertex 7.0710678118654755 -7.0710678118654755 0
      vertex 7.0710678118654755 -7.0710678118654755 14
      vertex 6.831015657387615 -7.288638402493431 1
    endloop
  endfacet
  facet normal 0.7409511253549591 -0.6715589548470183 0
    outer loop
      vertex 7.0710678118654755 -7.0710678118654755 0
      vertex 7.73010453362737 -6.343932841636455 0
      vertex 7.0710678118654755 -7.0710678118654755 14
    endloop
  endfacet
  facet normal 0.803207531480645 -0.5956993044924332 4.2781841948633793e-19
    outer loop
      vertex 7.73010453362737 -6.343932841636455 0
      vertex 7.961322403640311 -6.032171633915142 1
      vertex 7.961322403640311 -6.032171633915142 13
    endloop
  endfacet
  facet normal 0.803207531480644 -0.5956993044924346 4.526551668881637e-19
    outer loop
      vertex 8.314696123025453 -5.555702330196022 0
      vertex 8.197184120588886 -5.714148923443002 13
      vertex 8.197184120588886 -5.714148923443002 1
    endloop
  endfacet
  facet normal 0.8577286100002717 -0.5141027441932224 0
    outer loop
      vertex 8.314696123025453 -5.555702330196022 0
      vertex 8.819212643483551 -4.7139673682599765 0
      vertex 8.314696123025453 -5.555702330196022 14
    endloop
  endfacet
  facet normal 0 0 -1
    outer loop
      vertex 4.7139673682599765 -8.819212643483551 0
      vertex 5.555702330196022 8.314696123025453 0
      vertex 5.555702330196022 -8.314696123025453 0
    endloop
  endfacet
  facet normal 0 0 -1
    outer loop
      vertex 5.555702330196022 -8.314696123025453 0
      vertex 6.343932841636455 7.73010453362737 0
      vertex 6.343932841636455 -7.73010453362737 0
    endloop
  endfacet
  facet normal 0 0 -1
    outer loop
      vertex 6.343932841636455 -7.73010453362737 0
      vertex 7.0710678118654755 7.0710678118654755 0
      vertex 7.0710678118654755 -7.0710678118654755 0
    endloop
  endfacet
  facet normal 0 0 -1
    outer loop
      vertex 7.0710678118654755 -7.0710678118654755 0
      vertex 7.73010453362737 6.343932841636455 0
      vertex 7.73010453362737 -6.343932841636455 0
    endloop
  endfacet
  facet normal 0.9039892931234434 -0.42755509343028164 -3.0463198239932184e-16
    outer loop
      vertex 8.819212643483551 -4.7139673682599765 0
      vertex 9.238795325112868 -3.826834323650898 0
      vertex 9.040773445782623 -4.245516410402635 1
    endloop
  endfacet
  facet normal 0.9039892931234436 -0.4275550934302817 -3.0351757634017315e-16
    outer loop
      vertex 9.238795325112868 -3.826834323650898 0
      vertex 9.207244475491594 -3.8935429904048133 1
      vertex 9.040773445782623 -4.245516410402635 1
    endloop
  endfacet
  facet normal 0 0 -1
    outer loop
      vertex 7.73010453362737 -6.343932841636455 0
      vertex 8.314696123025453 5.555702330196022 0
      vertex 8.314696123025453 -5.555702330196022 0
    endloop
  endfacet
  facet normal 0 0 -1
    outer loop
      vertex 8.314696123025453 -5.555702330196022 0
      vertex 8.819212643483551 4.7139673682599765 0
      vertex 8.819212643483551 -4.7139673682599765 0
    endloop
  endfacet
  facet normal 0 0 -1
    outer loop
      vertex 8.819212643483551 -4.7139673682599765 0
      vertex 9.238795325112868 3.826834323650898 0
      vertex 9.238795325112868 -3.826834323650898 0
    endloop
  endfacet
  facet normal 0.9700312531945439 -0.24298017990326456 3.329865930864852e-16
    outer loop
      vertex 9.569403357322088 -2.902846772544623 0
      vertex 9.807852804032304 -1.9509032201612824 0
      vertex 9.727512829572374 -2.2716383769876938 1
    endloop
  endfacet
  facet normal 0.9700312531945435 -0.24298017990326556 0
    outer loop
      vertex 9.807852804032304 -1.9509032201612824 0
      vertex 9.807852804032304 -1.9509032201612824 1
      vertex 9.727512829572374 -2.2716383769876938 1
    endloop
  endfacet
  facet normal 0 0 -1
    outer loop
      vertex 9.238795325112868 -3.826834323650898 0
      vertex 9.569403357322088 2.902846772544623 0
      vertex 9.569403357322088 -2.902846772544623 0
    endloop
  endfacet
  facet normal 0.9891765099647808 -0.14673047445536283 0
    outer loop
      vertex 9.807852804032304 -1.9509032201612824 0
      vertex 9.95184726672197 -0.980171403295606 0
      vertex 9.807852804032304 -1.9509032201612824 1
    endloop
  endfacet
  facet normal 0.9891765099647809 -0.14673047445536314 -2.737455775299374e-16
    outer loop
      vertex 9.807852804032304 -1.9509032201612824 1
      vertex 9.95184726672197 -0.980171403295606 0
      vertex 9.816054138529518 -1.8956143139874293 1
    endloop
  endfacet
  facet normal 0 0 -1
    outer loop
      vertex 9.569403357322088 -2.902846772544623 0
      vertex 9.807852804032304 1.9509032201612824 0
      vertex 9.807852804032304 -1.9509032201612824 0
    endloop
  endfacet
  facet normal 0 0 -1
    outer loop
      vertex 9.807852804032304 -1.9509032201612824 0
      vertex 9.95184726672197 0.980171403295606 0
      vertex 9.95184726672197 -0.980171403295606 0
    endloop
  endfacet
  facet normal 0.9987954562051724 -0.04906767432741713 -5.474735328436356e-16
    outer loop
      vertex 9.95184726672197 -0.980171403295606 0
      vertex 10 0 0
      vertex 9.990407078044662 -0.19526841229093309 1
    endloop
  endfacet
  facet normal 0.9987954562051726 -0.04906767432741433 -1.5786931443973569e-19
    outer loop
      vertex 9.990407078044662 -0.19526841229093309 1
      vertex 10 0 0
      vertex 10 0 1
    endloop
  endfacet
  facet normal 0.9039892931234432 -0.42755509343028214 1.0394993318972409e-18
    outer loop
      vertex 8.819212643483551 -4.7139673682599765 0
      vertex 9.040773445782623 -4.245516410402635 1
      vertex 9.040773445782623 -4.245516410402635 13
    endloop
  endfacet
  facet normal 0.9039892931234453 -0.427555093430278 1.6626016354321465e-19
    outer loop
      vertex 9.238795325112868 -3.826834323650898 0
      vertex 9.207244475491594 -3.8935429904048133 13
      vertex 9.207244475491594 -3.8935429904048133 1
    endloop
  endfacet
  facet normal 0.9415440651830213 -0.33688985339221883 0
    outer loop
      vertex 9.238795325112868 -3.826834323650898 0
      vertex 9.569403357322088 -2.902846772544623 0
      vertex 9.238795325112868 -3.826834323650898 14
    endloop
  endfacet
  facet normal 0.970031253194544 -0.24298017990326407 -5.459210751617144e-19
    outer loop
      vertex 9.569403357322088 -2.902846772544623 0
      vertex 9.727512829572374 -2.2716383769876938 1
      vertex 9.727512829572374 -2.2716383769876938 13
    endloop
  endfacet
  facet normal 0.9891765099647809 -0.14673047445536286 0
    outer loop
      vertex 9.816054138529518 -1.8956143139874293 1
      vertex 9.95184726672197 -0.980171403295606 0
      vertex 9.816054138529518 -1.8956143139874293 13
    endloop
  endfacet
  facet normal 0.9987954562051724 -0.04906767432741783 0
    outer loop
      vertex 9.95184726672197 -0.980171403295606 0
      vertex 9.990407078044662 -0.19526841229093309 1
      vertex 9.95184726672197 -0.980171403295606 14
    endloop
  endfacet
  facet normal 0.049067674327417446 -0.9987954562051725 0
    outer loop
      vertex 0 -10 0
      vertex 0.8540477377909933 -9.958043325089589 13
      vertex 0 -10 14
    endloop
  endfacet
  facet normal 0.14673047445536444 -0.9891765099647807 0
    outer loop
      vertex 1.2407361321266028 -9.913196140353163 1
      vertex 1.9509032201612824 -9.807852804032304 14
      vertex 1.2407361321266028 -9.913196140353163 13
    endloop
  endfacet
  facet normal 0.2429801799032646 -0.9700312531945439 0
    outer loop
      vertex 1.9509032201612824 -9.807852804032304 0
      vertex 2.902846772544623 -9.569403357322088 14
      vertex 1.9509032201612824 -9.807852804032304 14
    endloop
  endfacet
  facet normal 0.33688985339218314 -0.9415440651830339 0
    outer loop
      vertex 2.9151136931610373 -9.565014182942624 1
      vertex 2.9151136931610373 -9.565014182942624 13
      vertex 2.902846772544623 -9.569403357322088 14
    endloop
  endfacet
  facet normal 0.3368898533922174 -0.9415440651830218 0
    outer loop
      vertex 3.276841249925715 -9.435585993575097 1
      vertex 3.826834323650898 -9.238795325112868 14
      vertex 3.276841249925715 -9.435585993575097 13
    endloop
  endfacet
  facet normal 0.4275550934302817 -0.9039892931234436 0
    outer loop
      vertex 3.826834323650898 -9.238795325112868 0
      vertex 4.7139673682599765 -8.819212643483551 14
      vertex 3.826834323650898 -9.238795325112868 14
    endloop
  endfacet
  facet normal 0.5141027441932183 -0.8577286100002741 0
    outer loop
      vertex 4.7139673682599765 -8.819212643483551 0
      vertex 4.829871717078891 -8.74974225028807 13
      vertex 4.7139673682599765 -8.819212643483551 14
    endloop
  endfacet
  facet normal 0.04906767432741504 -0.9987954562051724 -2.0560430794987495e-15
    outer loop
      vertex 0.8540477377909933 -9.958043325089589 13
      vertex 0.980171403295606 -9.95184726672197 13
      vertex 0 -10 14
    endloop
  endfacet
  facet normal 0.1467304744553585 -0.9891765099647815 0
    outer loop
      vertex 0.980171403295606 -9.95184726672197 13
      vertex 1.2407361321266028 -9.913196140353163 13
      vertex 0.980171403295606 -9.95184726672197 14
    endloop
  endfacet
  facet normal 0.04906767432741713 -0.9987954562051724 0
    outer loop
      vertex 0.980171403295606 -9.95184726672197 13
      vertex 0.980171403295606 -9.95184726672197 14
      vertex 0 -10 14
    endloop
  endfacet
  facet normal 0.14673047445536283 -0.9891765099647808 1.1593000508827708e-15
    outer loop
      vertex 1.2407361321266028 -9.913196140353163 13
      vertex 1.9509032201612824 -9.807852804032304 14
      vertex 0.980171403295606 -9.95184726672197 14
    endloop
  endfacet
  facet normal 0.33688985339222216 -0.9415440651830199 5.403672069074314e-16
    outer loop
      vertex 2.9151136931610373 -9.565014182942624 13
      vertex 3.276841249925715 -9.435585993575097 13
      vertex 2.902846772544623 -9.569403357322088 14
    endloop
  endfacet
  facet normal 0.3368898533922188 -0.9415440651830211 -8.959788386729774e-16
    outer loop
      vertex 3.276841249925715 -9.435585993575097 13
      vertex 3.826834323650898 -9.238795325112868 14
      vertex 2.902846772544623 -9.569403357322088 14
    endloop
  endfacet
  facet normal 0.5141027441932231 -0.8577286100002712 7.58114372051963e-16
    outer loop
      vertex 4.7139673682599765 -8.819212643483551 14
      vertex 4.829871717078891 -8.74974225028807 13
      vertex 5.1672541287476506 -8.547523014903836 13
    endloop
  endfacet
  facet normal 0 0 1
    outer loop
      vertex 0 -10 14
      vertex 0.980171403295606 -9.95184726672197 14
      vertex -0.5 5.5 14
    endloop
  endfacet
  facet normal 0 0 1
    outer loop
      vertex 0.980171403295606 -9.95184726672197 14
      vertex 1.9509032201612824 -9.807852804032304 14
      vertex 0.980171403295606 9.95184726672197 14
    endloop
  endfacet
  facet normal 0 0 1
    outer loop
      vertex 1.9509032201612824 -9.807852804032304 14
      vertex 2.902846772544623 -9.569403357322088 14
      vertex 1.9509032201612824 9.807852804032304 14
    endloop
  endfacet
  facet normal 0 0 1
    outer loop
      vertex 2.902846772544623 -9.569403357322088 14
      vertex 3.826834323650898 -9.238795325112868 14
      vertex 2.902846772544623 9.569403357322088 14
    endloop
  endfacet
  facet normal 0 0 1
    outer loop
      vertex 3.826834323650898 -9.238795325112868 14
      vertex 4.7139673682599765 -8.819212643483551 14
      vertex 3.826834323650898 9.238795325112868 14
    endloop
  endfacet
  facet normal 0 0 1
    outer loop
      vertex 4.7139673682599765 -8.819212643483551 14
      vertex 5.555702330196022 -8.314696123025453 14
      vertex 4.7139673682599765 8.819212643483551 14
    endloop
  endfacet
  facet normal 0.5141027441932231 -0.8577286100002712 0
    outer loop
      vertex 5.1672541287476506 -8.547523014903836 1
      vertex 5.555702330196022 -8.314696123025453 14
      vertex 5.1672541287476506 -8.547523014903836 13
    endloop
  endfacet
  facet normal 0.595699304492433 -0.803207531480645 0
    outer loop
      vertex 5.555702330196022 -8.314696123025453 0
      vertex 6.343932841636455 -7.73010453362737 14
      vertex 5.555702330196022 -8.314696123025453 14
    endloop
  endfacet
  facet normal 0.671558954847018 -0.7409511253549594 0
    outer loop
      vertex 6.343932841636455 -7.73010453362737 0
      vertex 6.536846111588659 -7.555258137539964 13
      vertex 6.343932841636455 -7.73010453362737 14
    endloop
  endfacet
  facet normal 0.6715589548470187 -0.740951125354959 0
    outer loop
      vertex 6.831015657387615 -7.288638402493431 1
      vertex 7.0710678118654755 -7.0710678118654755 14
      vertex 6.831015657387615 -7.288638402493431 13
    endloop
  endfacet
  facet normal 0.7409511253549591 -0.6715589548470183 0
    outer loop
      vertex 7.73010453362737 -6.343932841636455 0
      vertex 7.73010453362737 -6.343932841636455 14
      vertex 7.0710678118654755 -7.0710678118654755 14
    endloop
  endfacet
  facet normal 0.8032075314806449 -0.5956993044924332 0
    outer loop
      vertex 7.73010453362737 -6.343932841636455 0
      vertex 7.961322403640311 -6.032171633915142 13
      vertex 7.73010453362737 -6.343932841636455 14
    endloop
  endfacet
  facet normal 0.8032075314806439 -0.5956993044924345 0
    outer loop
      vertex 8.314696123025453 -5.555702330196022 0
      vertex 8.314696123025453 -5.555702330196022 14
      vertex 8.197184120588886 -5.714148923443002 13
    endloop
  endfacet
  facet normal 0.5141027441932224 -0.8577286100002717 3.1869335192339316e-16
    outer loop
      vertex 4.7139673682599765 -8.819212643483551 14
      vertex 5.1672541287476506 -8.547523014903836 13
      vertex 5.555702330196022 -8.314696123025453 14
    endloop
  endfacet
  facet normal 0.6715589548470184 -0.7409511253549591 1.4401874791857642e-16
    outer loop
      vertex 6.536846111588659 -7.555258137539964 13
      vertex 6.831015657387615 -7.288638402493431 13
      vertex 6.343932841636455 -7.73010453362737 14
    endloop
  endfacet
  facet normal 0.6715589548470183 -0.7409511253549591 7.951226313359137e-17
    outer loop
      vertex 6.343932841636455 -7.73010453362737 14
      vertex 6.831015657387615 -7.288638402493431 13
      vertex 7.0710678118654755 -7.0710678118654755 14
    endloop
  endfacet
  facet normal 0.8032075314806459 -0.5956993044924321 -6.105845543021804e-16
    outer loop
      vertex 7.961322403640311 -6.032171633915142 13
      vertex 8.197184120588886 -5.714148923443002 13
      vertex 8.314696123025453 -5.555702330196022 14
    endloop
  endfacet
  facet normal 0.8032075314806452 -0.595699304492433 9.4130178036623e-17
    outer loop
      vertex 7.73010453362737 -6.343932841636455 14
      vertex 7.961322403640311 -6.032171633915142 13
      vertex 8.314696123025453 -5.555702330196022 14
    endloop
  endfacet
  facet normal 0.8577286100002717 -0.5141027441932224 0
    outer loop
      vertex 8.819212643483551 -4.7139673682599765 0
      vertex 8.819212643483551 -4.7139673682599765 14
      vertex 8.314696123025453 -5.555702330196022 14
    endloop
  endfacet
  facet normal 0.9039892931234433 -0.4275550934302822 0
    outer loop
      vertex 8.819212643483551 -4.7139673682599765 0
      vertex 9.040773445782623 -4.245516410402635 13
      vertex 8.819212643483551 -4.7139673682599765 14
    endloop
  endfacet
  facet normal 0.9039892931234453 -0.4275550934302779 0
    outer loop
      vertex 9.238795325112868 -3.826834323650898 0
      vertex 9.238795325112868 -3.826834323650898 14
      vertex 9.207244475491594 -3.8935429904048133 13
    endloop
  endfacet
  facet normal 0.9415440651830213 -0.33688985339221883 0
    outer loop
      vertex 9.569403357322088 -2.902846772544623 0
      vertex 9.569403357322088 -2.902846772544623 14
      vertex 9.238795325112868 -3.826834323650898 14
    endloop
  endfacet
  facet normal 0.9700312531945439 -0.24298017990326404 0
    outer loop
      vertex 9.569403357322088 -2.902846772544623 0
      vertex 9.727512829572374 -2.2716383769876938 13
      vertex 9.569403357322088 -2.902846772544623 14
    endloop
  endfacet
  facet normal 0.9891765099647809 -0.14673047445536122 7.664322499609664e-17
    outer loop
      vertex 9.95184726672197 -0.980171403295606 0
      vertex 9.807852804032304 -1.9509032201612824 14
      vertex 9.816054138529518 -1.8956143139874293 13
    endloop
  endfacet
  facet normal 0.9891765099647808 -0.14673047445536283 0
    outer loop
      vertex 9.95184726672197 -0.980171403295606 0
      vertex 9.95184726672197 -0.980171403295606 14
      vertex 9.807852804032304 -1.9509032201612824 14
    endloop
  endfacet
  facet normal 0.9987954562051724 -0.04906767432741782 0
    outer loop
      vertex 9.990407078044662 -0.19526841229093309 1
      vertex 9.990407078044662 -0.19526841229093309 13
      vertex 9.95184726672197 -0.980171403295606 14
    endloop
  endfacet
  facet normal 0 0 1
    outer loop
      vertex 5.555702330196022 -8.314696123025453 14
      vertex 6.343932841636455 -7.73010453362737 14
      vertex 5.555702330196022 8.314696123025453 14
    endloop
  endfacet
  facet normal 0 0 1
    outer loop
      vertex 6.343932841636455 -7.73010453362737 14
      vertex 7.0710678118654755 -7.0710678118654755 14
      vertex 6.343932841636455 7.73010453362737 14
    endloop
  endfacet
  facet normal 0 0 1
    outer loop
      vertex 7.0710678118654755 -7.0710678118654755 14
      vertex 7.73010453362737 -6.343932841636455 14
      vertex 7.0710678118654755 7.0710678118654755 14
    endloop
  endfacet
  facet normal 0.9039892931234436 -0.4275550934302817 2.9530781012102646e-16
    outer loop
      vertex 9.040773445782623 -4.245516410402635 13
      vertex 9.207244475491594 -3.8935429904048133 13
      vertex 9.238795325112868 -3.826834323650898 14
    endloop
  endfacet
  facet normal 0.9039892931234434 -0.42755509343028164 2.97077401788671e-16
    outer loop
      vertex 9.040773445782623 -4.245516410402635 13
      vertex 9.238795325112868 -3.826834323650898 14
      vertex 8.819212643483551 -4.7139673682599765 14
    endloop
  endfacet
  facet normal 0 0 1
    outer loop
      vertex 7.73010453362737 -6.343932841636455 14
      vertex 8.314696123025453 -5.555702330196022 14
      vertex 7.73010453362737 6.343932841636455 14
    endloop
  endfacet
  facet normal 0 0 1
    outer loop
      vertex 8.314696123025453 -5.555702330196022 14
      vertex 8.819212643483551 -4.7139673682599765 14
      vertex 8.314696123025453 5.555702330196022 14
    endloop
  endfacet
  facet normal 0 0 1
    outer loop
      vertex 8.819212643483551 -4.7139673682599765 14
      vertex 9.238795325112868 -3.826834323650898 14
      vertex 8.819212643483551 4.7139673682599765 14
    endloop
  endfacet
  facet normal 0.9700312531945435 -0.24298017990326556 -1.0365851975689039e-15
    outer loop
      vertex 9.569403357322088 -2.902846772544623 14
      vertex 9.727512829572374 -2.2716383769876938 13
      vertex 9.807852804032304 -1.9509032201612824 13
    endloop
  endfacet
  facet normal 0.9891765099647809 -0.14673047445536314 0
    outer loop
      vertex 9.807852804032304 -1.9509032201612824 13
      vertex 9.816054138529518 -1.8956143139874293 13
      vertex 9.807852804032304 -1.9509032201612824 14
    endloop
  endfacet
  facet normal 0.9700312531945439 -0.24298017990326456 2.3039728625763326e-18
    outer loop
      vertex 9.569403357322088 -2.902846772544623 14
      vertex 9.807852804032304 -1.9509032201612824 13
      vertex 9.807852804032304 -1.9509032201612824 14
    endloop
  endfacet
  facet normal 0 0 1
    outer loop
      vertex 9.238795325112868 -3.826834323650898 14
      vertex 9.569403357322088 -2.902846772544623 14
      vertex 9.238795325112868 3.826834323650898 14
    endloop
  endfacet
  facet normal 0 0 1
    outer loop
      vertex 9.569403357322088 -2.902846772544623 14
      vertex 9.807852804032304 -1.9509032201612824 14
      vertex 9.569403357322088 2.902846772544623 14
    endloop
  endfacet
  facet normal 0.9987954562051726 -0.04906767432741433 -1.5786931443973569e-19
    outer loop
      vertex 9.990407078044662 -0.19526841229093309 13
      vertex 10 0 13
      vertex 10 0 14
    endloop
  endfacet
  facet normal 0.9987954562051724 -0.04906767432741713 5.482104692770879e-16
    outer loop
      vertex 9.990407078044662 -0.19526841229093309 13
      vertex 10 0 14
      vertex 9.95184726672197 -0.980171403295606 14
    endloop
  endfacet
  facet normal 0 0 1
    outer loop
      vertex 9.807852804032304 -1.9509032201612824 14
      vertex 9.95184726672197 -0.980171403295606 14
      vertex 9.807852804032304 1.9509032201612824 14
    endloop
  endfacet
  facet normal 0 0 -1
    outer loop
      vertex 1.9509032201612824 -9.807852804032304 0
      vertex 1.6500000000000004 2.620871403970663 0
      vertex 1.9509032201612824 9.807852804032304 0
    endloop
  endfacet
  facet normal 0 0 -1
    outer loop
      vertex 1.9509032201612824 -9.807852804032304 0
      vertex 1.9509032201612824 9.807852804032304 0
      vertex 2.902846772544623 9.569403357322088 0
    endloop
  endfacet
  facet normal 0 0 -1
    outer loop
      vertex 2.902846772544623 -9.569403357322088 0
      vertex 2.902846772544623 9.569403357322088 0
      vertex 3.826834323650898 9.238795325112868 0
    endloop
  endfacet
  facet normal 0 0 -1
    outer loop
      vertex 3.826834323650898 -9.238795325112868 0
      vertex 3.826834323650898 9.238795325112868 0
      vertex 4.7139673682599765 8.819212643483551 0
    endloop
  endfacet
  facet normal 0 0 -1
    outer loop
      vertex 4.7139673682599765 -8.819212643483551 0
      vertex 4.7139673682599765 8.819212643483551 0
      vertex 5.555702330196022 8.314696123025453 0
    endloop
  endfacet
  facet normal 0 0 -1
    outer loop
      vertex 0.980171403295606 9.95184726672197 0
      vertex 0.30385313502163785 3.0850726526838104 0
      vertex 0 3.1 0
    endloop
  endfacet
  facet normal 0 0 -1
    outer loop
      vertex 0.980171403295606 9.95184726672197 0
      vertex 0.6047799982499976 3.0404343692500144 0
      vertex 0.30385313502163785 3.0850726526838104 0
    endloop
  endfacet
  facet normal 0 0 -1
    outer loop
      vertex 0.980171403295606 9.95184726672197 0
      vertex 0.8998824994888333 2.9665150407698473 0
      vertex 0.6047799982499976 3.0404343692500144 0
    endloop
  endfacet
  facet normal 0 0 -1
    outer loop
      vertex 1.9509032201612824 9.807852804032304 0
      vertex 1.1863186403317783 2.864026550784989 0
      vertex 0.8998824994888333 2.9665150407698473 0
    endloop
  endfacet
  facet normal 0 0 -1
    outer loop
      vertex 1.9509032201612824 9.807852804032304 0
      vertex 1.4613298841605928 2.7339559194799006 0
      vertex 1.1863186403317783 2.864026550784989 0
    endloop
  endfacet
  facet normal 0 0 -1
    outer loop
      vertex 1.9509032201612824 9.807852804032304 0
      vertex 1.6500000000000004 2.620871403970663 0
      vertex 1.4613298841605928 2.7339559194799006 0
    endloop
  endfacet
  facet normal 0 0 -1
    outer loop
      vertex 0 10 0
      vertex 0.980171403295606 9.95184726672197 0
      vertex 0 3.1 0
    endloop
  endfacet
  facet normal 0.04906767432741504 0.9987954562051724 2.0374635951026662e-15
    outer loop
      vertex 0 10 0
      vertex 0.8540477377909933 9.958043325089589 1
      vertex 0.980171403295606 9.95184726672197 1
    endloop
  endfacet
  facet normal 0.04906767432741713 0.9987954562051724 -2.7678596386886827e-18
    outer loop
      vertex 0 10 0
      vertex 0.980171403295606 9.95184726672197 1
      vertex 0.980171403295606 9.95184726672197 0
    endloop
  endfacet
  facet normal 0.1467304744553585 0.9891765099647815 0
    outer loop
      vertex 0.980171403295606 9.95184726672197 0
      vertex 0.980171403295606 9.95184726672197 1
      vertex 1.2407361321266028 9.913196140353163 1
    endloop
  endfacet
  facet normal 0 0 -1
    outer loop
      vertex 0.980171403295606 9.95184726672197 0
      vertex 1.9509032201612824 9.807852804032304 0
      vertex 0.8998824994888333 2.9665150407698473 0
    endloop
  endfacet
  facet normal 0.14673047445536283 0.9891765099647808 -1.1568525217359852e-15
    outer loop
      vertex 0.980171403295606 9.95184726672197 0
      vertex 1.2407361321266028 9.913196140353163 1
      vertex 1.9509032201612824 9.807852804032304 0
    endloop
  endfacet
  facet normal 0.33688985339222216 0.9415440651830199 -5.403880812242356e-16
    outer loop
      vertex 2.902846772544623 9.569403357322088 0
      vertex 2.9151136931610373 9.565014182942624 1
      vertex 3.276841249925715 9.435585993575097 1
    endloop
  endfacet
  facet normal 0.3368898533922188 0.9415440651830211 8.93604230148645e-16
    outer loop
      vertex 2.902846772544623 9.569403357322088 0
      vertex 3.276841249925715 9.435585993575097 1
      vertex 3.826834323650898 9.238795325112868 0
    endloop
  endfacet
  facet normal 0.5141027441932231 0.8577286100002712 -7.623649492050277e-16
    outer loop
      vertex 4.829871717078891 8.74974225028807 1
      vertex 5.1672541287476506 8.547523014903836 1
      vertex 4.7139673682599765 8.819212643483551 0
    endloop
  endfacet
  facet normal 0.049067674327417446 0.9987954562051725 0
    outer loop
      vertex 0 10 0
      vertex 0 10 14
      vertex 0.8540477377909933 9.958043325089589 1
    endloop
  endfacet
  facet normal 0.14673047445536444 0.9891765099647807 0
    outer loop
      vertex 1.2407361321266028 9.913196140353163 1
      vertex 1.2407361321266028 9.913196140353163 13
      vertex 1.9509032201612824 9.807852804032304 0
    endloop
  endfacet
  facet normal 0.2429801799032646 0.9700312531945439 0
    outer loop
      vertex 1.9509032201612824 9.807852804032304 0
      vertex 1.9509032201612824 9.807852804032304 14
      vertex 2.902846772544623 9.569403357322088 0
    endloop
  endfacet
  facet normal 0.33688985339218314 0.9415440651830339 -6.448214609499583e-21
    outer loop
      vertex 2.902846772544623 9.569403357322088 0
      vertex 2.9151136931610373 9.565014182942624 13
      vertex 2.9151136931610373 9.565014182942624 1
    endloop
  endfacet
  facet normal 0.3368898533922174 0.9415440651830218 0
    outer loop
      vertex 3.276841249925715 9.435585993575097 1
      vertex 3.276841249925715 9.435585993575097 13
      vertex 3.826834323650898 9.238795325112868 0
    endloop
  endfacet
  facet normal 0.4275550934302817 0.9039892931234436 0
    outer loop
      vertex 3.826834323650898 9.238795325112868 0
      vertex 3.826834323650898 9.238795325112868 14
      vertex 4.7139673682599765 8.819212643483551 0
    endloop
  endfacet
  facet normal 0.5141027441932183 0.8577286100002741 -3.040131785456391e-19
    outer loop
      vertex 4.829871717078891 8.74974225028807 1
      vertex 4.7139673682599765 8.819212643483551 0
      vertex 4.7139673682599765 8.819212643483551 14
    endloop
  endfacet
  facet normal 0 0 -1
    outer loop
      vertex 6.343932841636455 -7.73010453362737 0
      vertex 6.343932841636455 7.73010453362737 0
      vertex 7.0710678118654755 7.0710678118654755 0
    endloop
  endfacet
  facet normal 0 0 -1
    outer loop
      vertex 7.0710678118654755 -7.0710678118654755 0
      vertex 7.0710678118654755 7.0710678118654755 0
      vertex 7.73010453362737 6.343932841636455 0
    endloop
  endfacet
  facet normal 0 0 -1
    outer loop
      vertex 5.555702330196022 -8.314696123025453 0
      vertex 5.555702330196022 8.314696123025453 0
      vertex 6.343932841636455 7.73010453362737 0
    endloop
  endfacet
  facet normal 0 0 -1
    outer loop
      vertex 7.73010453362737 -6.343932841636455 0
      vertex 7.73010453362737 6.343932841636455 0
      vertex 8.314696123025453 5.555702330196022 0
    endloop
  endfacet
  facet normal 0 0 -1
    outer loop
      vertex 8.314696123025453 -5.555702330196022 0
      vertex 8.314696123025453 5.555702330196022 0
      vertex 8.819212643483551 4.7139673682599765 0
    endloop
  endfacet
  facet normal 0 0 -1
    outer loop
      vertex 9.238795325112868 -3.826834323650898 0
      vertex 9.238795325112868 3.826834323650898 0
      vertex 9.569403357322088 2.902846772544623 0
    endloop
  endfacet
  facet normal 0 0 -1
    outer loop
      vertex 9.95184726672197 -0.980171403295606 0
      vertex 9.95184726672197 0.980171403295606 0
      vertex 10 0 0
    endloop
  endfacet
  facet normal 0 0 -1
    outer loop
      vertex 9.807852804032304 -1.9509032201612824 0
      vertex 9.807852804032304 1.9509032201612824 0
      vertex 9.95184726672197 0.980171403295606 0
    endloop
  endfacet
  facet normal 0.9987954562051724 0.04906767432741713 -5.480679247649392e-16
    outer loop
      vertex 10 0 0
      vertex 9.95184726672197 0.980171403295606 0
      vertex 9.990407078044662 0.19526841229093309 1
    endloop
  endfacet
  facet normal 0.9987954562051726 0.04906767432741433 0
    outer loop
      vertex 10 0 0
      vertex 9.990407078044662 0.19526841229093309 1
      vertex 10 0 1
    endloop
  endfacet
  facet normal 0 0 -1
    outer loop
      vertex 9.569403357322088 -2.902846772544623 0
      vertex 9.569403357322088 2.902846772544623 0
      vertex 9.807852804032304 1.9509032201612824 0
    endloop
  endfacet
  facet normal 0 0 -1
    outer loop
      vertex 8.819212643483551 -4.7139673682599765 0
      vertex 8.819212643483551 4.7139673682599765 0
      vertex 9.238795325112868 3.826834323650898 0
    endloop
  endfacet
  facet normal 0.9700312531945439 0.24298017990326456 0
    outer loop
      vertex 9.807852804032304 1.9509032201612824 0
      vertex 9.569403357322088 2.902846772544623 0
      vertex 9.807852804032304 1.9509032201612824 1
    endloop
  endfacet
  facet normal 0.9700312531945435 0.24298017990326556 1.0221843688842872e-15
    outer loop
      vertex 9.727512829572374 2.2716383769876938 1
      vertex 9.807852804032304 1.9509032201612824 1
      vertex 9.569403357322088 2.902846772544623 0
    endloop
  endfacet
  facet normal 0.9891765099647809 0.14673047445536314 0
    outer loop
      vertex 9.807852804032304 1.9509032201612824 0
      vertex 9.807852804032304 1.9509032201612824 1
      vertex 9.816054138529518 1.8956143139874293 1
    endloop
  endfacet
  facet normal 0.9039892931234434 0.42755509343028164 -2.9403040522509194e-16
    outer loop
      vertex 9.238795325112868 3.826834323650898 0
      vertex 8.819212643483551 4.7139673682599765 0
      vertex 9.040773445782623 4.245516410402635 1
    endloop
  endfacet
  facet normal 0.9039892931234436 0.4275550934302817 -3.03942914045738e-16
    outer loop
      vertex 9.238795325112868 3.826834323650898 0
      vertex 9.040773445782623 4.245516410402635 1
      vertex 9.207244475491594 3.8935429904048133 1
    endloop
  endfacet
  facet normal 0.9987954562051724 0.04906767432741782 1.5287764467133817e-20
    outer loop
      vertex 9.95184726672197 0.980171403295606 0
      vertex 9.990407078044662 0.19526841229093309 13
      vertex 9.990407078044662 0.19526841229093309 1
    endloop
  endfacet
  facet normal 0.9891765099647808 0.14673047445536283 0
    outer loop
      vertex 9.95184726672197 0.980171403295606 0
      vertex 9.807852804032304 1.9509032201612824 0
      vertex 9.95184726672197 0.980171403295606 14
    endloop
  endfacet
  facet normal 0.9891765099647809 0.14673047445536172 -8.083304018220575e-17
    outer loop
      vertex 9.807852804032304 1.9509032201612824 0
      vertex 9.816054138529518 1.8956143139874293 1
      vertex 9.95184726672197 0.980171403295606 14
    endloop
  endfacet
  facet normal 0.8577286100002717 0.5141027441932224 0
    outer loop
      vertex 8.819212643483551 4.7139673682599765 0
      vertex 8.314696123025453 5.555702330196022 0
      vertex 8.819212643483551 4.7139673682599765 14
    endloop
  endfacet
  facet normal 0.9700312531945439 0.24298017990326404 4.679323501386123e-19
    outer loop
      vertex 9.727512829572374 2.2716383769876938 1
      vertex 9.569403357322088 2.902846772544623 0
      vertex 9.569403357322088 2.902846772544623 14
    endloop
  endfacet
  facet normal 0.9415440651830213 0.33688985339221883 0
    outer loop
      vertex 9.569403357322088 2.902846772544623 0
      vertex 9.238795325112868 3.826834323650898 0
      vertex 9.569403357322088 2.902846772544623 14
    endloop
  endfacet
  facet normal 0.9039892931234453 0.4275550934302779 0
    outer loop
      vertex 9.238795325112868 3.826834323650898 0
      vertex 9.207244475491594 3.8935429904048133 1
      vertex 9.238795325112868 3.826834323650898 14
    endloop
  endfacet
  facet normal 0.9039892931234433 0.4275550934302822 0
    outer loop
      vertex 8.819212643483551 4.7139673682599765 0
      vertex 8.819212643483551 4.7139673682599765 14
      vertex 9.040773445782623 4.245516410402635 1
    endloop
  endfacet
  facet normal 0.6715589548470183 0.7409511253549591 -8.799980862446297e-17
    outer loop
      vertex 7.0710678118654755 7.0710678118654755 0
      vertex 6.343932841636455 7.73010453362737 0
      vertex 6.831015657387615 7.288638402493431 1
    endloop
  endfacet
  facet normal 0.5141027441932224 0.8577286100002717 -3.1869335192339316e-16
    outer loop
      vertex 4.7139673682599765 8.819212643483551 0
      vertex 5.1672541287476506 8.547523014903836 1
      vertex 5.555702330196022 8.314696123025453 0
    endloop
  endfacet
  facet normal 0.6715589548470184 0.7409511253549591 -1.7337032435428654e-16
    outer loop
      vertex 6.831015657387615 7.288638402493431 1
      vertex 6.343932841636455 7.73010453362737 0
      vertex 6.536846111588659 7.555258137539964 1
    endloop
  endfacet
  facet normal 0.8032075314806452 0.595699304492433 -1.1781460720543896e-16
    outer loop
      vertex 8.314696123025453 5.555702330196022 0
      vertex 7.73010453362737 6.343932841636455 0
      vertex 7.961322403640311 6.032171633915142 1
    endloop
  endfacet
  facet normal 0.8032075314806459 0.5956993044924321 5.950675374033964e-16
    outer loop
      vertex 8.314696123025453 5.555702330196022 0
      vertex 7.961322403640311 6.032171633915142 1
      vertex 8.197184120588886 5.714148923443002 1
    endloop
  endfacet
  facet normal 0.7409511253549591 0.6715589548470183 9.764293822957502e-19
    outer loop
      vertex 7.0710678118654755 7.0710678118654755 0
      vertex 7.73010453362737 6.343932841636455 14
      vertex 7.73010453362737 6.343932841636455 0
    endloop
  endfacet
  facet normal 0.6715589548470187 0.740951125354959 -7.680429519611184e-19
    outer loop
      vertex 7.0710678118654755 7.0710678118654755 0
      vertex 6.831015657387615 7.288638402493431 1
      vertex 6.831015657387615 7.288638402493431 13
    endloop
  endfacet
  facet normal 0.5141027441932231 0.8577286100002712 -4.905844426077616e-19
    outer loop
      vertex 5.555702330196022 8.314696123025453 0
      vertex 5.1672541287476506 8.547523014903836 1
      vertex 5.1672541287476506 8.547523014903836 13
    endloop
  endfacet
  facet normal 0.595699304492433 0.803207531480645 0
    outer loop
      vertex 5.555702330196022 8.314696123025453 0
      vertex 5.555702330196022 8.314696123025453 14
      vertex 6.343932841636455 7.73010453362737 0
    endloop
  endfacet
  facet normal 0.671558954847018 0.7409511253549594 0
    outer loop
      vertex 6.343932841636455 7.73010453362737 0
      vertex 6.343932841636455 7.73010453362737 14
      vertex 6.536846111588659 7.555258137539964 1
    endloop
  endfacet
  facet normal 0.8032075314806449 0.5956993044924332 -3.6670150241686107e-19
    outer loop
      vertex 7.961322403640311 6.032171633915142 1
      vertex 7.73010453362737 6.343932841636455 0
      vertex 7.73010453362737 6.343932841636455 14
    endloop
  endfacet
  facet normal 0.8032075314806439 0.5956993044924345 0
    outer loop
      vertex 8.314696123025453 5.555702330196022 0
      vertex 8.197184120588886 5.714148923443002 1
      vertex 8.314696123025453 5.555702330196022 14
    endloop
  endfacet
  facet normal 0 0 1
    outer loop
      vertex 0.980171403295606 -9.95184726672197 14
      vertex 0.5 5.5 14
      vertex -0.5 5.5 14
    endloop
  endfacet
  facet normal 0 0 1
    outer loop
      vertex 0.980171403295606 -9.95184726672197 14
      vertex 0.5 8.5 14
      vertex 0.5 5.5 14
    endloop
  endfacet
  facet normal 0 0 1
    outer loop
      vertex 0.980171403295606 -9.95184726672197 14
      vertex 0.980171403295606 9.95184726672197 14
      vertex 0.5 8.5 14
    endloop
  endfacet
  facet normal 0 0 1
    outer loop
      vertex 1.9509032201612824 -9.807852804032304 14
      vertex 1.9509032201612824 9.807852804032304 14
      vertex 0.980171403295606 9.95184726672197 14
    endloop
  endfacet
  facet normal 0 0 1
    outer loop
      vertex 2.902846772544623 -9.569403357322088 14
      vertex 2.902846772544623 9.569403357322088 14
      vertex 1.9509032201612824 9.807852804032304 14
    endloop
  endfacet
  facet normal 0 0 1
    outer loop
      vertex 3.826834323650898 -9.238795325112868 14
      vertex 3.826834323650898 9.238795325112868 14
      vertex 2.902846772544623 9.569403357322088 14
    endloop
  endfacet
  facet normal 0 0 1
    outer loop
      vertex 4.7139673682599765 -8.819212643483551 14
      vertex 4.7139673682599765 8.819212643483551 14
      vertex 3.826834323650898 9.238795325112868 14
    endloop
  endfacet
  facet normal 0.04906767432741744 0.9987954562051724 0
    outer loop
      vertex 0.8540477377909933 9.958043325089589 1
      vertex 0 10 14
      vertex 0.8540477377909933 9.958043325089589 13
    endloop
  endfacet
  facet normal 0.14673047445536444 0.9891765099647806 0
    outer loop
      vertex 1.9509032201612824 9.807852804032304 0
      vertex 1.2407361321266028 9.913196140353163 13
      vertex 1.9509032201612824 9.807852804032304 14
    endloop
  endfacet
  facet normal 0.3368898533921832 0.941544065183034 0
    outer loop
      vertex 2.902846772544623 9.569403357322088 0
      vertex 2.902846772544623 9.569403357322088 14
      vertex 2.9151136931610373 9.565014182942624 13
    endloop
  endfacet
  facet normal 0.2429801799032646 0.9700312531945439 0
    outer loop
      vertex 2.902846772544623 9.569403357322088 0
      vertex 1.9509032201612824 9.807852804032304 14
      vertex 2.902846772544623 9.569403357322088 14
    endloop
  endfacet
  facet normal 0.3368898533922174 0.9415440651830218 0
    outer loop
      vertex 3.826834323650898 9.238795325112868 0
      vertex 3.276841249925715 9.435585993575097 13
      vertex 3.826834323650898 9.238795325112868 14
    endloop
  endfacet
  facet normal 0.4275550934302817 0.9039892931234436 0
    outer loop
      vertex 4.7139673682599765 8.819212643483551 0
      vertex 3.826834323650898 9.238795325112868 14
      vertex 4.7139673682599765 8.819212643483551 14
    endloop
  endfacet
  facet normal 0.5141027441932183 0.857728610000274 0
    outer loop
      vertex 4.829871717078891 8.74974225028807 1
      vertex 4.7139673682599765 8.819212643483551 14
      vertex 4.829871717078891 8.74974225028807 13
    endloop
  endfacet
  facet normal 0 0 1
    outer loop
      vertex 0 10 14
      vertex -0.5 8.5 14
      vertex 0.5 8.5 14
    endloop
  endfacet
  facet normal 0 0 1
    outer loop
      vertex 0 10 14
      vertex 0.5 8.5 14
      vertex 0.980171403295606 9.95184726672197 14
    endloop
  endfacet
  facet normal 0.04906767432741713 0.9987954562051724 -2.641055170291872e-16
    outer loop
      vertex 0.8540477377909933 9.958043325089589 13
      vertex 0 10 14
      vertex 0.980171403295606 9.95184726672197 14
    endloop
  endfacet
  facet normal 0.04906767432741504 0.9987954562051724 -3.5516990196774475e-19
    outer loop
      vertex 0.8540477377909933 9.958043325089589 13
      vertex 0.980171403295606 9.95184726672197 14
      vertex 0.980171403295606 9.95184726672197 13
    endloop
  endfacet
  facet normal 0.1467304744553585 0.9891765099647815 4.323607037798659e-15
    outer loop
      vertex 0.980171403295606 9.95184726672197 13
      vertex 1.9509032201612824 9.807852804032304 14
      vertex 1.2407361321266028 9.913196140353163 13
    endloop
  endfacet
  facet normal 0.14673047445536283 0.9891765099647808 0
    outer loop
      vertex 0.980171403295606 9.95184726672197 13
      vertex 0.980171403295606 9.95184726672197 14
      vertex 1.9509032201612824 9.807852804032304 14
    endloop
  endfacet
  facet normal 0.33688985339222216 0.9415440651830199 -2.9960922212756687e-15
    outer loop
      vertex 2.9151136931610373 9.565014182942624 13
      vertex 3.826834323650898 9.238795325112868 14
      vertex 3.276841249925715 9.435585993575097 13
    endloop
  endfacet
  facet normal 0.3368898533922188 0.9415440651830211 4.93194269847476e-16
    outer loop
      vertex 2.9151136931610373 9.565014182942624 13
      vertex 2.902846772544623 9.569403357322088 14
      vertex 3.826834323650898 9.238795325112868 14
    endloop
  endfacet
  facet normal 0.9987954562051724 0.04906767432741783 0
    outer loop
      vertex 9.95184726672197 0.980171403295606 0
      vertex 9.95184726672197 0.980171403295606 14
      vertex 9.990407078044662 0.19526841229093309 13
    endloop
  endfacet
  facet normal 0.9891765099647809 0.14673047445536286 0
    outer loop
      vertex 9.816054138529518 1.8956143139874293 1
      vertex 9.816054138529518 1.8956143139874293 13
      vertex 9.95184726672197 0.980171403295606 14
    endloop
  endfacet
  facet normal 0.970031253194544 0.24298017990326407 0
    outer loop
      vertex 9.727512829572374 2.2716383769876938 1
      vertex 9.569403357322088 2.902846772544623 14
      vertex 9.727512829572374 2.2716383769876938 13
    endloop
  endfacet
  facet normal 0.9415440651830213 0.33688985339221883 0
    outer loop
      vertex 9.238795325112868 3.826834323650898 0
      vertex 9.238795325112868 3.826834323650898 14
      vertex 9.569403357322088 2.902846772544623 14
    endloop
  endfacet
  facet normal 0.9039892931234453 0.427555093430278 0
    outer loop
      vertex 9.207244475491594 3.8935429904048133 1
      vertex 9.207244475491594 3.8935429904048133 13
      vertex 9.238795325112868 3.826834323650898 14
    endloop
  endfacet
  facet normal 0.9039892931234432 0.42755509343028214 0
    outer loop
      vertex 9.040773445782623 4.245516410402635 1
      vertex 8.819212643483551 4.7139673682599765 14
      vertex 9.040773445782623 4.245516410402635 13
    endloop
  endfacet
  facet normal 0 0 1
    outer loop
      vertex 7.73010453362737 -6.343932841636455 14
      vertex 7.73010453362737 6.343932841636455 14
      vertex 7.0710678118654755 7.0710678118654755 14
    endloop
  endfacet
  facet normal 0 0 1
    outer loop
      vertex 5.555702330196022 -8.314696123025453 14
      vertex 5.555702330196022 8.314696123025453 14
      vertex 4.7139673682599765 8.819212643483551 14
    endloop
  endfacet
  facet normal 0 0 1
    outer loop
      vertex 6.343932841636455 -7.73010453362737 14
      vertex 6.343932841636455 7.73010453362737 14
      vertex 5.555702330196022 8.314696123025453 14
    endloop
  endfacet
  facet normal 0 0 1
    outer loop
      vertex 7.0710678118654755 -7.0710678118654755 14
      vertex 7.0710678118654755 7.0710678118654755 14
      vertex 6.343932841636455 7.73010453362737 14
    endloop
  endfacet
  facet normal 0 0 1
    outer loop
      vertex 8.314696123025453 -5.555702330196022 14
      vertex 8.314696123025453 5.555702330196022 14
      vertex 7.73010453362737 6.343932841636455 14
    endloop
  endfacet
  facet normal 0 0 1
    outer loop
      vertex 8.819212643483551 -4.7139673682599765 14
      vertex 8.819212643483551 4.7139673682599765 14
      vertex 8.314696123025453 5.555702330196022 14
    endloop
  endfacet
  facet normal 0.9987954562051726 0.04906767432741433 0
    outer loop
      vertex 10 0 13
      vertex 9.990407078044662 0.19526841229093309 13
      vertex 10 0 14
    endloop
  endfacet
  facet normal 0 0 1
    outer loop
      vertex 9.95184726672197 -0.980171403295606 14
      vertex 10 0 14
      vertex 9.95184726672197 0.980171403295606 14
    endloop
  endfacet
  facet normal 0.9987954562051724 0.04906767432741713 5.478784146958915e-16
    outer loop
      vertex 9.990407078044662 0.19526841229093309 13
      vertex 9.95184726672197 0.980171403295606 14
      vertex 10 0 14
    endloop
  endfacet
  facet normal 0 0 1
    outer loop
      vertex 9.807852804032304 -1.9509032201612824 14
      vertex 9.807852804032304 1.9509032201612824 14
      vertex 9.569403357322088 2.902846772544623 14
    endloop
  endfacet
  facet normal 0 0 1
    outer loop
      vertex 9.95184726672197 -0.980171403295606 14
      vertex 9.95184726672197 0.980171403295606 14
      vertex 9.807852804032304 1.9509032201612824 14
    endloop
  endfacet
  facet normal 0 0 1
    outer loop
      vertex 9.238795325112868 -3.826834323650898 14
      vertex 9.238795325112868 3.826834323650898 14
      vertex 8.819212643483551 4.7139673682599765 14
    endloop
  endfacet
  facet normal 0.9891765099647809 0.14673047445536314 5.05902760775321e-16
    outer loop
      vertex 9.95184726672197 0.980171403295606 14
      vertex 9.816054138529518 1.8956143139874293 13
      vertex 9.807852804032304 1.9509032201612824 13
    endloop
  endfacet
  facet normal 0 0 1
    outer loop
      vertex 9.569403357322088 -2.902846772544623 14
      vertex 9.569403357322088 2.902846772544623 14
      vertex 9.238795325112868 3.826834323650898 14
    endloop
  endfacet
  facet normal 0.9891765099647808 0.14673047445536283 -1.407929967089246e-17
    outer loop
      vertex 9.95184726672197 0.980171403295606 14
      vertex 9.807852804032304 1.9509032201612824 13
      vertex 9.807852804032304 1.9509032201612824 14
    endloop
  endfacet
  facet normal 0.9700312531945435 0.24298017990326556 -2.5304431668329597e-19
    outer loop
      vertex 9.727512829572374 2.2716383769876938 13
      vertex 9.807852804032304 1.9509032201612824 14
      vertex 9.807852804032304 1.9509032201612824 13
    endloop
  endfacet
  facet normal 0.9700312531945439 0.24298017990326456 -3.4490935464893913e-16
    outer loop
      vertex 9.727512829572374 2.2716383769876938 13
      vertex 9.569403357322088 2.902846772544623 14
      vertex 9.807852804032304 1.9509032201612824 14
    endloop
  endfacet
  facet normal 0.9039892931234436 0.4275550934302817 2.9433120444068615e-16
    outer loop
      vertex 9.040773445782623 4.245516410402635 13
      vertex 9.238795325112868 3.826834323650898 14
      vertex 9.207244475491594 3.8935429904048133 13
    endloop
  endfacet
  facet normal 0.9039892931234434 0.42755509343028164 2.9375229203159803e-16
    outer loop
      vertex 9.040773445782623 4.245516410402635 13
      vertex 8.819212643483551 4.7139673682599765 14
      vertex 9.238795325112868 3.826834323650898 14
    endloop
  endfacet
  facet normal 0.7409511253549591 0.6715589548470183 0
    outer loop
      vertex 7.0710678118654755 7.0710678118654755 0
      vertex 7.0710678118654755 7.0710678118654755 14
      vertex 7.73010453362737 6.343932841636455 14
    endloop
  endfacet
  facet normal 0.6715589548470186 0.7409511253549589 0
    outer loop
      vertex 7.0710678118654755 7.0710678118654755 0
      vertex 6.831015657387615 7.288638402493431 13
      vertex 7.0710678118654755 7.0710678118654755 14
    endloop
  endfacet
  facet normal 0.5141027441932231 0.8577286100002713 0
    outer loop
      vertex 5.555702330196022 8.314696123025453 0
      vertex 5.1672541287476506 8.547523014903836 13
      vertex 5.555702330196022 8.314696123025453 14
    endloop
  endfacet
  facet normal 0.595699304492433 0.803207531480645 0
    outer loop
      vertex 6.343932841636455 7.73010453362737 0
      vertex 5.555702330196022 8.314696123025453 14
      vertex 6.343932841636455 7.73010453362737 14
    endloop
  endfacet
  facet normal 0.671558954847018 0.7409511253549594 0
    outer loop
      vertex 6.536846111588659 7.555258137539964 1
      vertex 6.343932841636455 7.73010453362737 14
      vertex 6.536846111588659 7.555258137539964 13
    endloop
  endfacet
  facet normal 0.803207531480645 0.5956993044924332 0
    outer loop
      vertex 7.961322403640311 6.032171633915142 1
      vertex 7.73010453362737 6.343932841636455 14
      vertex 7.961322403640311 6.032171633915142 13
    endloop
  endfacet
  facet normal 0.8577286100002717 0.5141027441932224 0
    outer loop
      vertex 8.314696123025453 5.555702330196022 0
      vertex 8.314696123025453 5.555702330196022 14
      vertex 8.819212643483551 4.7139673682599765 14
    endloop
  endfacet
  facet normal 0.803207531480644 0.5956993044924346 0
    outer loop
      vertex 8.197184120588886 5.714148923443002 1
      vertex 8.197184120588886 5.714148923443002 13
      vertex 8.314696123025453 5.555702330196022 14
    endloop
  endfacet
  facet normal 0.6715589548470184 0.7409511253549591 7.468201395056691e-17
    outer loop
      vertex 6.831015657387615 7.288638402493431 13
      vertex 6.536846111588659 7.555258137539964 13
      vertex 7.0710678118654755 7.0710678118654755 14
    endloop
  endfacet
  facet normal 0.6715589548470183 0.7409511253549591 1.350150310370325e-16
    outer loop
      vertex 7.0710678118654755 7.0710678118654755 14
      vertex 6.536846111588659 7.555258137539964 13
      vertex 6.343932841636455 7.73010453362737 14
    endloop
  endfacet
  facet normal 0.5141027441932231 0.8577286100002712 -1.6283088687105502e-17
    outer loop
      vertex 4.829871717078891 8.74974225028807 13
      vertex 5.555702330196022 8.314696123025453 14
      vertex 5.1672541287476506 8.547523014903836 13
    endloop
  endfacet
  facet normal 0.5141027441932224 0.8577286100002717 6.479658764012427e-16
    outer loop
      vertex 4.829871717078891 8.74974225028807 13
      vertex 4.7139673682599765 8.819212643483551 14
      vertex 5.555702330196022 8.314696123025453 14
    endloop
  endfacet
  facet normal 0.8032075314806459 0.5956993044924321 -5.887026730532868e-16
    outer loop
      vertex 7.961322403640311 6.032171633915142 13
      vertex 8.314696123025453 5.555702330196022 14
      vertex 8.197184120588886 5.714148923443002 13
    endloop
  endfacet
  facet normal 0.8032075314806452 0.595699304492433 1.0624112439462178e-16
    outer loop
      vertex 7.961322403640311 6.032171633915142 13
      vertex 7.73010453362737 6.343932841636455 14
      vertex 8.314696123025453 5.555702330196022 14
    endloop
  endfacet
  facet normal 0.8032075314806453 0.5956993044924327 0
    outer loop
      vertex -2.5775557981378903 -1.7222677223607668 12
      vertex -2.396332405424485 -1.966619180907301 0
      vertex -2.5775557981378903 -1.7222677223607668 0
    endloop
  endfacet
  facet normal 0.8577286100002719 0.514102744193222 0
    outer loop
      vertex -2.7339559194799006 -1.4613298841605928 12
      vertex -2.5775557981378903 -1.7222677223607668 0
      vertex -2.7339559194799006 -1.4613298841605928 0
    endloop
  endfacet
  facet normal 0.9039892931234431 0.4275550934302824 0
    outer loop
      vertex -2.864026550784989 -1.1863186403317783 12
      vertex -2.7339559194799006 -1.4613298841605928 0
      vertex -2.864026550784989 -1.1863186403317783 0
    endloop
  endfacet
  facet normal 0.9415440651830211 0.3368898533922189 0
    outer loop
      vertex -2.9665150407698473 -0.8998824994888333 12
      vertex -2.864026550784989 -1.1863186403317783 0
      vertex -2.9665150407698473 -0.8998824994888333 0
    endloop
  endfacet
  facet normal 0.9700312531945438 0.24298017990326465 0
    outer loop
      vertex -3.0404343692500144 -0.6047799982499976 12
      vertex -2.9665150407698473 -0.8998824994888333 0
      vertex -3.0404343692500144 -0.6047799982499976 0
    endloop
  endfacet
  facet normal 0.9891765099647809 0.1467304744553617 0
    outer loop
      vertex -3.0850726526838104 -0.30385313502163785 12
      vertex -3.0404343692500144 -0.6047799982499976 0
      vertex -3.0850726526838104 -0.30385313502163785 0
    endloop
  endfacet
  facet normal 0.9987954562051723 0.04906767432741824 0
    outer loop
      vertex -3.1 0 12
      vertex -3.0850726526838104 -0.30385313502163785 0
      vertex -3.1 0 0
    endloop
  endfacet
  facet normal 0.514102744193222 0.8577286100002719 0
    outer loop
      vertex -1.7222677223607668 -2.5775557981378903 12
      vertex -1.4613298841605928 -2.7339559194799006 0
      vertex -1.7222677223607668 -2.5775557981378903 0
    endloop
  endfacet
  facet normal 0.4275550934302824 0.9039892931234431 0
    outer loop
      vertex -1.4613298841605928 -2.7339559194799006 12
      vertex -1.1863186403317783 -2.864026550784989 0
      vertex -1.4613298841605928 -2.7339559194799006 0
    endloop
  endfacet
  facet normal 0.3368898533922189 0.9415440651830211 0
    outer loop
      vertex -1.1863186403317783 -2.864026550784989 12
      vertex -0.8998824994888333 -2.9665150407698473 0
      vertex -1.1863186403317783 -2.864026550784989 0
    endloop
  endfacet
  facet normal 0.24298017990326465 0.9700312531945438 0
    outer loop
      vertex -0.8998824994888333 -2.9665150407698473 12
      vertex -0.6047799982499976 -3.0404343692500144 0
      vertex -0.8998824994888333 -2.9665150407698473 0
    endloop
  endfacet
  facet normal 0.1467304744553617 0.9891765099647809 0
    outer loop
      vertex -0.6047799982499976 -3.0404343692500144 12
      vertex -0.30385313502163785 -3.0850726526838104 0
      vertex -0.6047799982499976 -3.0404343692500144 0
    endloop
  endfacet
  facet normal 0.04906767432741824 0.9987954562051723 0
    outer loop
      vertex -0.30385313502163785 -3.0850726526838104 12
      vertex 0 -3.1 0
      vertex -0.30385313502163785 -3.0850726526838104 0
    endloop
  endfacet
  facet normal 0.7409511253549592 0.6715589548470183 0
    outer loop
      vertex -2.396332405424485 -1.966619180907301 12
      vertex -2.1920310216782974 -2.1920310216782974 0
      vertex -2.396332405424485 -1.966619180907301 0
    endloop
  endfacet
  facet normal 0.6715589548470183 0.7409511253549592 0
    outer loop
      vertex -2.1920310216782974 -2.1920310216782974 12
      vertex -1.966619180907301 -2.396332405424485 0
      vertex -2.1920310216782974 -2.1920310216782974 0
    endloop
  endfacet
  facet normal 0.5956993044924327 0.8032075314806453 0
    outer loop
      vertex -1.966619180907301 -2.396332405424485 12
      vertex -1.7222677223607668 -2.5775557981378903 0
      vertex -1.966619180907301 -2.396332405424485 0
    endloop
  endfacet
  facet normal 0.8577286100002719 0.514102744193222 0
    outer loop
      vertex -2.5775557981378903 -1.7222677223607668 12
      vertex -2.5775557981378903 -1.7222677223607668 0
      vertex -2.7339559194799006 -1.4613298841605928 12
    endloop
  endfacet
  facet normal 0.9039892931234431 0.4275550934302824 5.527245138920795e-19
    outer loop
      vertex -2.864026550784989 -1.1863186403317783 12
      vertex -2.7339559194799006 -1.4613298841605928 12
      vertex -2.7339559194799006 -1.4613298841605928 0
    endloop
  endfacet
  facet normal 0.9415440651830211 0.3368898533922189 0
    outer loop
      vertex -2.864026550784989 -1.1863186403317783 12
      vertex -2.864026550784989 -1.1863186403317783 0
      vertex -2.9665150407698473 -0.8998824994888333 12
    endloop
  endfacet
  facet normal 0.9700312531945438 0.24298017990326465 -2.5535185635012434e-20
    outer loop
      vertex -3.0404343692500144 -0.6047799982499976 12
      vertex -2.9665150407698473 -0.8998824994888333 12
      vertex -2.9665150407698473 -0.8998824994888333 0
    endloop
  endfacet
  facet normal 0.9891765099647809 0.1467304744553617 0
    outer loop
      vertex -3.0404343692500144 -0.6047799982499976 12
      vertex -3.0404343692500144 -0.6047799982499976 0
      vertex -3.0850726526838104 -0.30385313502163785 12
    endloop
  endfacet
  facet normal 0.9987954562051723 0.04906767432741824 0
    outer loop
      vertex -3.0850726526838104 -0.30385313502163785 12
      vertex -3.0850726526838104 -0.30385313502163785 0
      vertex -3.1 0 12
    endloop
  endfacet
  facet normal 0.5956993044924327 0.8032075314806453 -2.9947114960465307e-19
    outer loop
      vertex -1.966619180907301 -2.396332405424485 12
      vertex -1.7222677223607668 -2.5775557981378903 12
      vertex -1.7222677223607668 -2.5775557981378903 0
    endloop
  endfacet
  facet normal 0.4275550934302824 0.9039892931234431 5.527245138920795e-19
    outer loop
      vertex -1.4613298841605928 -2.7339559194799006 12
      vertex -1.1863186403317783 -2.864026550784989 12
      vertex -1.1863186403317783 -2.864026550784989 0
    endloop
  endfacet
  facet normal 0.514102744193222 0.8577286100002719 5.06260971842476e-19
    outer loop
      vertex -1.7222677223607668 -2.5775557981378903 12
      vertex -1.4613298841605928 -2.7339559194799006 12
      vertex -1.4613298841605928 -2.7339559194799006 0
    endloop
  endfacet
  facet normal 0.3368898533922189 0.9415440651830211 -5.3582470110897895e-20
    outer loop
      vertex -1.1863186403317783 -2.864026550784989 12
      vertex -0.8998824994888333 -2.9665150407698473 12
      vertex -0.8998824994888333 -2.9665150407698473 0
    endloop
  endfacet
  facet normal 0.24298017990326465 0.9700312531945438 -2.5535185635012434e-20
    outer loop
      vertex -0.8998824994888333 -2.9665150407698473 12
      vertex -0.6047799982499976 -3.0404343692500144 12
      vertex -0.6047799982499976 -3.0404343692500144 0
    endloop
  endfacet
  facet normal 0.1467304744553617 0.9891765099647809 -3.764543417575482e-20
    outer loop
      vertex -0.6047799982499976 -3.0404343692500144 12
      vertex -0.30385313502163785 -3.0850726526838104 12
      vertex -0.30385313502163785 -3.0850726526838104 0
    endloop
  endfacet
  facet normal 0.04906767432741824 0.9987954562051723 -1.1083089489707954e-19
    outer loop
      vertex -0.30385313502163785 -3.0850726526838104 12
      vertex 0 -3.1 12
      vertex 0 -3.1 0
    endloop
  endfacet
  facet normal 0.8032075314806453 0.5956993044924327 -2.9947114960465307e-19
    outer loop
      vertex -2.5775557981378903 -1.7222677223607668 12
      vertex -2.396332405424485 -1.966619180907301 12
      vertex -2.396332405424485 -1.966619180907301 0
    endloop
  endfacet
  facet normal 0.7409511253549592 0.6715589548470183 -1.1958148865458128e-19
    outer loop
      vertex -2.396332405424485 -1.966619180907301 12
      vertex -2.1920310216782974 -2.1920310216782974 12
      vertex -2.1920310216782974 -2.1920310216782974 0
    endloop
  endfacet
  facet normal 0.6715589548470183 0.7409511253549592 0
    outer loop
      vertex -1.966619180907301 -2.396332405424485 12
      vertex -1.966619180907301 -2.396332405424485 0
      vertex -2.1920310216782974 -2.1920310216782974 12
    endloop
  endfacet
  facet normal 0 0 -1
    outer loop
      vertex -2.5775557981378903 -1.7222677223607668 12
      vertex -2.5775557981378903 1.7222677223607668 12
      vertex -2.396332405424485 -1.966619180907301 12
    endloop
  endfacet
  facet normal 0 0 -1
    outer loop
      vertex -2.864026550784989 -1.1863186403317783 12
      vertex -2.9665150407698473 -0.8998824994888333 12
      vertex -2.9665150407698473 0.8998824994888333 12
    endloop
  endfacet
  facet normal 0 0 -1
    outer loop
      vertex -3.0404343692500144 -0.6047799982499976 12
      vertex -3.0850726526838104 -0.30385313502163785 12
      vertex -3.0850726526838104 0.30385313502163785 12
    endloop
  endfacet
  facet normal 0 0 -1
    outer loop
      vertex -3.0404343692500144 -0.6047799982499976 12
      vertex -3.0404343692500144 0.6047799982499976 12
      vertex -2.9665150407698473 -0.8998824994888333 12
    endloop
  endfacet
  facet normal 0 0 -1
    outer loop
      vertex -2.864026550784989 -1.1863186403317783 12
      vertex -2.864026550784989 1.1863186403317783 12
      vertex -2.7339559194799006 -1.4613298841605928 12
    endloop
  endfacet
  facet normal 0 0 -1
    outer loop
      vertex -2.5775557981378903 -1.7222677223607668 12
      vertex -2.7339559194799006 -1.4613298841605928 12
      vertex -2.7339559194799006 1.4613298841605928 12
    endloop
  endfacet
  facet normal 0 0 -1
    outer loop
      vertex -2.396332405424485 -1.966619180907301 12
      vertex -2.396332405424485 1.966619180907301 12
      vertex -2.1920310216782974 -2.1920310216782974 12
    endloop
  endfacet
  facet normal 0 0 -1
    outer loop
      vertex -1.966619180907301 -2.396332405424485 12
      vertex -2.1920310216782974 -2.1920310216782974 12
      vertex -2.1920310216782974 2.1920310216782974 12
    endloop
  endfacet
  facet normal 0 0 -1
    outer loop
      vertex -1.966619180907301 -2.396332405424485 12
      vertex -1.966619180907301 2.396332405424485 12
      vertex -1.7222677223607668 -2.5775557981378903 12
    endloop
  endfacet
  facet normal 0 0 -1
    outer loop
      vertex -1.7222677223607668 -2.5775557981378903 12
      vertex -1.7222677223607668 2.5775557981378903 12
      vertex -1.4613298841605928 -2.7339559194799006 12
    endloop
  endfacet
  facet normal 0 0 -1
    outer loop
      vertex -1.4613298841605928 -2.7339559194799006 12
      vertex -1.4613298841605928 2.7339559194799006 12
      vertex -1.1863186403317783 -2.864026550784989 12
    endloop
  endfacet
  facet normal 0 0 -1
    outer loop
      vertex -1.1863186403317783 -2.864026550784989 12
      vertex -1.1863186403317783 2.864026550784989 12
      vertex -0.8998824994888333 -2.9665150407698473 12
    endloop
  endfacet
  facet normal 0 0 -1
    outer loop
      vertex -0.8998824994888333 -2.9665150407698473 12
      vertex -0.8998824994888333 2.9665150407698473 12
      vertex -0.6047799982499976 -3.0404343692500144 12
    endloop
  endfacet
  facet normal 0 0 -1
    outer loop
      vertex -0.6047799982499976 -3.0404343692500144 12
      vertex -0.6047799982499976 3.0404343692500144 12
      vertex -0.30385313502163785 -3.0850726526838104 12
    endloop
  endfacet
  facet normal 0 0 -1
    outer loop
      vertex -0.30385313502163785 -3.0850726526838104 12
      vertex -0.30385313502163785 3.0850726526838104 12
      vertex 0 -3.1 12
    endloop
  endfacet
  facet normal 0.9987954562051723 -0.04906767432741824 0
    outer loop
      vertex -3.0850726526838104 0.30385313502163785 12
      vertex -3.1 0 0
      vertex -3.0850726526838104 0.30385313502163785 0
    endloop
  endfacet
  facet normal 0.9891765099647809 -0.1467304744553617 0
    outer loop
      vertex -3.0404343692500144 0.6047799982499976 12
      vertex -3.0850726526838104 0.30385313502163785 0
      vertex -3.0404343692500144 0.6047799982499976 0
    endloop
  endfacet
  facet normal 0.9700312531945438 -0.24298017990326465 0
    outer loop
      vertex -2.9665150407698473 0.8998824994888333 12
      vertex -3.0404343692500144 0.6047799982499976 0
      vertex -2.9665150407698473 0.8998824994888333 0
    endloop
  endfacet
  facet normal 0.9415440651830211 -0.3368898533922189 0
    outer loop
      vertex -2.864026550784989 1.1863186403317783 12
      vertex -2.9665150407698473 0.8998824994888333 0
      vertex -2.864026550784989 1.1863186403317783 0
    endloop
  endfacet
  facet normal 0.9039892931234431 -0.4275550934302824 0
    outer loop
      vertex -2.7339559194799006 1.4613298841605928 12
      vertex -2.864026550784989 1.1863186403317783 0
      vertex -2.7339559194799006 1.4613298841605928 0
    endloop
  endfacet
  facet normal 0.8577286100002719 -0.514102744193222 0
    outer loop
      vertex -2.5775557981378903 1.7222677223607668 12
      vertex -2.7339559194799006 1.4613298841605928 0
      vertex -2.5775557981378903 1.7222677223607668 0
    endloop
  endfacet
  facet normal 0.8032075314806453 -0.5956993044924327 0
    outer loop
      vertex -2.396332405424485 1.966619180907301 12
      vertex -2.5775557981378903 1.7222677223607668 0
      vertex -2.396332405424485 1.966619180907301 0
    endloop
  endfacet
  facet normal 0.7409511253549592 -0.6715589548470183 0
    outer loop
      vertex -2.1920310216782974 2.1920310216782974 12
      vertex -2.396332405424485 1.966619180907301 0
      vertex -2.1920310216782974 2.1920310216782974 0
    endloop
  endfacet
  facet normal 0.6715589548470183 -0.7409511253549592 0
    outer loop
      vertex -1.966619180907301 2.396332405424485 12
      vertex -2.1920310216782974 2.1920310216782974 0
      vertex -1.966619180907301 2.396332405424485 0
    endloop
  endfacet
  facet normal 0.5956993044924327 -0.8032075314806453 0
    outer loop
      vertex -1.7222677223607668 2.5775557981378903 12
      vertex -1.966619180907301 2.396332405424485 0
      vertex -1.7222677223607668 2.5775557981378903 0
    endloop
  endfacet
  facet normal 0.514102744193222 -0.8577286100002719 0
    outer loop
      vertex -1.4613298841605928 2.7339559194799006 12
      vertex -1.7222677223607668 2.5775557981378903 0
      vertex -1.4613298841605928 2.7339559194799006 0
    endloop
  endfacet
  facet normal 0.4275550934302824 -0.9039892931234431 0
    outer loop
      vertex -1.1863186403317783 2.864026550784989 12
      vertex -1.4613298841605928 2.7339559194799006 0
      vertex -1.1863186403317783 2.864026550784989 0
    endloop
  endfacet
  facet normal 0.3368898533922189 -0.9415440651830211 0
    outer loop
      vertex -0.8998824994888333 2.9665150407698473 12
      vertex -1.1863186403317783 2.864026550784989 0
      vertex -0.8998824994888333 2.9665150407698473 0
    endloop
  endfacet
  facet normal 0.24298017990326465 -0.9700312531945438 0
    outer loop
      vertex -0.6047799982499976 3.0404343692500144 12
      vertex -0.8998824994888333 2.9665150407698473 0
      vertex -0.6047799982499976 3.0404343692500144 0
    endloop
  endfacet
  facet normal 0.1467304744553617 -0.9891765099647809 0
    outer loop
      vertex -0.30385313502163785 3.0850726526838104 12
      vertex -0.6047799982499976 3.0404343692500144 0
      vertex -0.30385313502163785 3.0850726526838104 0
    endloop
  endfacet
  facet normal 0.04906767432741824 -0.9987954562051723 0
    outer loop
      vertex 0 3.1 12
      vertex -0.30385313502163785 3.0850726526838104 0
      vertex 0 3.1 0
    endloop
  endfacet
  facet normal 0.9987954562051723 -0.04906767432741824 0
    outer loop
      vertex -3.1 0 12
      vertex -3.1 0 0
      vertex -3.0850726526838104 0.30385313502163785 12
    endloop
  endfacet
  facet normal 0.9891765099647809 -0.1467304744553617 0
    outer loop
      vertex -3.0850726526838104 0.30385313502163785 12
      vertex -3.0850726526838104 0.30385313502163785 0
      vertex -3.0404343692500144 0.6047799982499976 12
    endloop
  endfacet
  facet normal 0.9700312531945438 -0.24298017990326465 0
    outer loop
      vertex -3.0404343692500144 0.6047799982499976 12
      vertex -3.0404343692500144 0.6047799982499976 0
      vertex -2.9665150407698473 0.8998824994888333 12
    endloop
  endfacet
  facet normal 0.9415440651830211 -0.3368898533922189 0
    outer loop
      vertex -2.9665150407698473 0.8998824994888333 12
      vertex -2.9665150407698473 0.8998824994888333 0
      vertex -2.864026550784989 1.1863186403317783 12
    endloop
  endfacet
  facet normal 0.9039892931234431 -0.4275550934302824 0
    outer loop
      vertex -2.864026550784989 1.1863186403317783 12
      vertex -2.864026550784989 1.1863186403317783 0
      vertex -2.7339559194799006 1.4613298841605928 12
    endloop
  endfacet
  facet normal 0.8577286100002719 -0.514102744193222 0
    outer loop
      vertex -2.7339559194799006 1.4613298841605928 12
      vertex -2.7339559194799006 1.4613298841605928 0
      vertex -2.5775557981378903 1.7222677223607668 12
    endloop
  endfacet
  facet normal 0.8032075314806453 -0.5956993044924327 0
    outer loop
      vertex -2.5775557981378903 1.7222677223607668 12
      vertex -2.5775557981378903 1.7222677223607668 0
      vertex -2.396332405424485 1.966619180907301 12
    endloop
  endfacet
  facet normal 0.7409511253549592 -0.6715589548470183 0
    outer loop
      vertex -2.396332405424485 1.966619180907301 12
      vertex -2.396332405424485 1.966619180907301 0
      vertex -2.1920310216782974 2.1920310216782974 12
    endloop
  endfacet
  facet normal 0.6715589548470183 -0.7409511253549592 0
    outer loop
      vertex -2.1920310216782974 2.1920310216782974 12
      vertex -2.1920310216782974 2.1920310216782974 0
      vertex -1.966619180907301 2.396332405424485 12
    endloop
  endfacet
  facet normal 0.5956993044924327 -0.8032075314806453 0
    outer loop
      vertex -1.966619180907301 2.396332405424485 12
      vertex -1.966619180907301 2.396332405424485 0
      vertex -1.7222677223607668 2.5775557981378903 12
    endloop
  endfacet
  facet normal 0.514102744193222 -0.8577286100002719 0
    outer loop
      vertex -1.7222677223607668 2.5775557981378903 12
      vertex -1.7222677223607668 2.5775557981378903 0
      vertex -1.4613298841605928 2.7339559194799006 12
    endloop
  endfacet
  facet normal 0.4275550934302824 -0.9039892931234431 0
    outer loop
      vertex -1.4613298841605928 2.7339559194799006 12
      vertex -1.4613298841605928 2.7339559194799006 0
      vertex -1.1863186403317783 2.864026550784989 12
    endloop
  endfacet
  facet normal 0.3368898533922189 -0.9415440651830211 0
    outer loop
      vertex -1.1863186403317783 2.864026550784989 12
      vertex -1.1863186403317783 2.864026550784989 0
      vertex -0.8998824994888333 2.9665150407698473 12
    endloop
  endfacet
  facet normal 0.24298017990326465 -0.9700312531945438 0
    outer loop
      vertex -0.8998824994888333 2.9665150407698473 12
      vertex -0.8998824994888333 2.9665150407698473 0
      vertex -0.6047799982499976 3.0404343692500144 12
    endloop
  endfacet
  facet normal 0.1467304744553617 -0.9891765099647809 0
    outer loop
      vertex -0.6047799982499976 3.0404343692500144 12
      vertex -0.6047799982499976 3.0404343692500144 0
      vertex -0.30385313502163785 3.0850726526838104 12
    endloop
  endfacet
  facet normal 0.04906767432741824 -0.9987954562051723 0
    outer loop
      vertex -0.30385313502163785 3.0850726526838104 12
      vertex -0.30385313502163785 3.0850726526838104 0
      vertex 0 3.1 12
    endloop
  endfacet
  facet normal 0 0 -1
    outer loop
      vertex -3.0850726526838104 -0.30385313502163785 12
      vertex -3.1 0 12
      vertex -3.0850726526838104 0.30385313502163785 12
    endloop
  endfacet
  facet normal 0 0 -1
    outer loop
      vertex -3.0404343692500144 -0.6047799982499976 12
      vertex -3.0850726526838104 0.30385313502163785 12
      vertex -3.0404343692500144 0.6047799982499976 12
    endloop
  endfacet
  facet normal 0 0 -1
    outer loop
      vertex -2.9665150407698473 -0.8998824994888333 12
      vertex -3.0404343692500144 0.6047799982499976 12
      vertex -2.9665150407698473 0.8998824994888333 12
    endloop
  endfacet
  facet normal 0 0 -1
    outer loop
      vertex -2.864026550784989 -1.1863186403317783 12
      vertex -2.9665150407698473 0.8998824994888333 12
      vertex -2.864026550784989 1.1863186403317783 12
    endloop
  endfacet
  facet normal 0 0 -1
    outer loop
      vertex -2.7339559194799006 -1.4613298841605928 12
      vertex -2.864026550784989 1.1863186403317783 12
      vertex -2.7339559194799006 1.4613298841605928 12
    endloop
  endfacet
  facet normal 0 0 -1
    outer loop
      vertex -2.5775557981378903 -1.7222677223607668 12
      vertex -2.7339559194799006 1.4613298841605928 12
      vertex -2.5775557981378903 1.7222677223607668 12
    endloop
  endfacet
  facet normal 0 0 -1
    outer loop
      vertex -2.396332405424485 -1.966619180907301 12
      vertex -2.5775557981378903 1.7222677223607668 12
      vertex -2.396332405424485 1.966619180907301 12
    endloop
  endfacet
  facet normal 0 0 -1
    outer loop
      vertex -2.1920310216782974 -2.1920310216782974 12
      vertex -2.396332405424485 1.966619180907301 12
      vertex -2.1920310216782974 2.1920310216782974 12
    endloop
  endfacet
  facet normal 0 0 -1
    outer loop
      vertex -1.966619180907301 -2.396332405424485 12
      vertex -2.1920310216782974 2.1920310216782974 12
      vertex -1.966619180907301 2.396332405424485 12
    endloop
  endfacet
  facet normal 0 0 -1
    outer loop
      vertex -1.966619180907301 2.396332405424485 12
      vertex -1.7222677223607668 2.5775557981378903 12
      vertex -1.7222677223607668 -2.5775557981378903 12
    endloop
  endfacet
  facet normal 0 0 -1
    outer loop
      vertex -1.4613298841605928 -2.7339559194799006 12
      vertex -1.7222677223607668 2.5775557981378903 12
      vertex -1.4613298841605928 2.7339559194799006 12
    endloop
  endfacet
  facet normal 0 0 -1
    outer loop
      vertex -1.1863186403317783 -2.864026550784989 12
      vertex -1.4613298841605928 2.7339559194799006 12
      vertex -1.1863186403317783 2.864026550784989 12
    endloop
  endfacet
  facet normal 0 0 -1
    outer loop
      vertex -0.8998824994888333 -2.9665150407698473 12
      vertex -1.1863186403317783 2.864026550784989 12
      vertex -0.8998824994888333 2.9665150407698473 12
    endloop
  endfacet
  facet normal 0 0 -1
    outer loop
      vertex -0.8998824994888333 2.9665150407698473 12
      vertex -0.6047799982499976 3.0404343692500144 12
      vertex -0.6047799982499976 -3.0404343692500144 12
    endloop
  endfacet
  facet normal 0 0 -1
    outer loop
      vertex -0.30385313502163785 -3.0850726526838104 12
      vertex -0.6047799982499976 3.0404343692500144 12
      vertex -0.30385313502163785 3.0850726526838104 12
    endloop
  endfacet
  facet normal 0 0 -1
    outer loop
      vertex 0 -3.1 12
      vertex -0.30385313502163785 3.0850726526838104 12
      vertex 0 3.1 12
    endloop
  endfacet
  facet normal -0.04906767432741824 0.9987954562051723 0
    outer loop
      vertex 0 -3.1 12
      vertex 0.30385313502163785 -3.0850726526838104 0
      vertex 0 -3.1 0
    endloop
  endfacet
  facet normal -0.1467304744553617 0.9891765099647809 0
    outer loop
      vertex 0.30385313502163785 -3.0850726526838104 12
      vertex 0.6047799982499976 -3.0404343692500144 0
      vertex 0.30385313502163785 -3.0850726526838104 0
    endloop
  endfacet
  facet normal -0.24298017990326465 0.9700312531945438 0
    outer loop
      vertex 0.6047799982499976 -3.0404343692500144 12
      vertex 0.8998824994888333 -2.9665150407698473 0
      vertex 0.6047799982499976 -3.0404343692500144 0
    endloop
  endfacet
  facet normal -0.3368898533922189 0.9415440651830211 0
    outer loop
      vertex 0.8998824994888333 -2.9665150407698473 12
      vertex 1.1863186403317783 -2.864026550784989 0
      vertex 0.8998824994888333 -2.9665150407698473 0
    endloop
  endfacet
  facet normal -0.4275550934302824 0.9039892931234431 0
    outer loop
      vertex 1.1863186403317783 -2.864026550784989 12
      vertex 1.4613298841605928 -2.7339559194799006 0
      vertex 1.1863186403317783 -2.864026550784989 0
    endloop
  endfacet
  facet normal -0.5141027441932225 0.8577286100002715 0
    outer loop
      vertex 1.4613298841605928 -2.7339559194799006 12
      vertex 1.6500000000000004 -2.620871403970663 0
      vertex 1.4613298841605928 -2.7339559194799006 0
    endloop
  endfacet
  facet normal -0.04906767432741824 0.9987954562051723 1.1083089489707954e-19
    outer loop
      vertex 0 -3.1 12
      vertex 0.30385313502163785 -3.0850726526838104 12
      vertex 0.30385313502163785 -3.0850726526838104 0
    endloop
  endfacet
  facet normal -0.1467304744553617 0.9891765099647809 3.764543417575482e-20
    outer loop
      vertex 0.30385313502163785 -3.0850726526838104 12
      vertex 0.6047799982499976 -3.0404343692500144 12
      vertex 0.6047799982499976 -3.0404343692500144 0
    endloop
  endfacet
  facet normal -0.24298017990326465 0.9700312531945438 2.5535185635012434e-20
    outer loop
      vertex 0.6047799982499976 -3.0404343692500144 12
      vertex 0.8998824994888333 -2.9665150407698473 12
      vertex 0.8998824994888333 -2.9665150407698473 0
    endloop
  endfacet
  facet normal -0.3368898533922189 0.9415440651830211 5.3582470110897895e-20
    outer loop
      vertex 0.8998824994888333 -2.9665150407698473 12
      vertex 1.1863186403317783 -2.864026550784989 12
      vertex 1.1863186403317783 -2.864026550784989 0
    endloop
  endfacet
  facet normal -0.4275550934302824 0.9039892931234431 -5.527245138920795e-19
    outer loop
      vertex 1.1863186403317783 -2.864026550784989 12
      vertex 1.4613298841605928 -2.7339559194799006 12
      vertex 1.4613298841605928 -2.7339559194799006 0
    endloop
  endfacet
  facet normal -0.5141027441932225 0.8577286100002715 -5.191503772442725e-20
    outer loop
      vertex 1.4613298841605928 -2.7339559194799006 12
      vertex 1.6500000000000004 -2.620871403970663 12
      vertex 1.6500000000000004 -2.620871403970663 0
    endloop
  endfacet
  facet normal 0 0 -1
    outer loop
      vertex 0 -3.1 12
      vertex 0 3.1 12
      vertex 0.30385313502163785 -3.0850726526838104 12
    endloop
  endfacet
  facet normal 0 0 -1
    outer loop
      vertex 0.30385313502163785 -3.0850726526838104 12
      vertex 0.30385313502163785 3.0850726526838104 12
      vertex 0.6047799982499976 -3.0404343692500144 12
    endloop
  endfacet
  facet normal 0 0 -1
    outer loop
      vertex 0.6047799982499976 -3.0404343692500144 12
      vertex 0.6047799982499976 3.0404343692500144 12
      vertex 0.8998824994888333 -2.9665150407698473 12
    endloop
  endfacet
  facet normal 0 0 -1
    outer loop
      vertex 0.8998824994888333 -2.9665150407698473 12
      vertex 0.8998824994888333 2.9665150407698473 12
      vertex 1.1863186403317783 -2.864026550784989 12
    endloop
  endfacet
  facet normal 0 0 -1
    outer loop
      vertex 1.1863186403317783 -2.864026550784989 12
      vertex 1.1863186403317783 2.864026550784989 12
      vertex 1.4613298841605928 -2.7339559194799006 12
    endloop
  endfacet
  facet normal 0 0 -1
    outer loop
      vertex 1.4613298841605928 -2.7339559194799006 12
      vertex 1.6500000000000004 2.620871403970663 12
      vertex 1.6500000000000004 -2.620871403970663 12
    endloop
  endfacet
  facet normal -0.04906767432741824 -0.9987954562051723 0
    outer loop
      vertex 0.30385313502163785 3.0850726526838104 12
      vertex 0 3.1 0
      vertex 0.30385313502163785 3.0850726526838104 0
    endloop
  endfacet
  facet normal -0.1467304744553617 -0.9891765099647809 0
    outer loop
      vertex 0.6047799982499976 3.0404343692500144 12
      vertex 0.30385313502163785 3.0850726526838104 0
      vertex 0.6047799982499976 3.0404343692500144 0
    endloop
  endfacet
  facet normal -0.24298017990326465 -0.9700312531945438 0
    outer loop
      vertex 0.8998824994888333 2.9665150407698473 12
      vertex 0.6047799982499976 3.0404343692500144 0
      vertex 0.8998824994888333 2.9665150407698473 0
    endloop
  endfacet
  facet normal -0.3368898533922189 -0.9415440651830211 0
    outer loop
      vertex 1.1863186403317783 2.864026550784989 12
      vertex 0.8998824994888333 2.9665150407698473 0
      vertex 1.1863186403317783 2.864026550784989 0
    endloop
  endfacet
  facet normal -0.4275550934302824 -0.9039892931234431 0
    outer loop
      vertex 1.4613298841605928 2.7339559194799006 12
      vertex 1.1863186403317783 2.864026550784989 0
      vertex 1.4613298841605928 2.7339559194799006 0
    endloop
  endfacet
  facet normal -0.5141027441932225 -0.8577286100002715 0
    outer loop
      vertex 1.6500000000000004 2.620871403970663 12
      vertex 1.4613298841605928 2.7339559194799006 0
      vertex 1.6500000000000004 2.620871403970663 0
    endloop
  endfacet
  facet normal -0.04906767432741824 -0.9987954562051723 0
    outer loop
      vertex 0 3.1 12
      vertex 0 3.1 0
      vertex 0.30385313502163785 3.0850726526838104 12
    endloop
  endfacet
  facet normal -0.1467304744553617 -0.9891765099647809 0
    outer loop
      vertex 0.30385313502163785 3.0850726526838104 12
      vertex 0.30385313502163785 3.0850726526838104 0
      vertex 0.6047799982499976 3.0404343692500144 12
    endloop
  endfacet
  facet normal -0.24298017990326465 -0.9700312531945438 0
    outer loop
      vertex 0.6047799982499976 3.0404343692500144 12
      vertex 0.6047799982499976 3.0404343692500144 0
      vertex 0.8998824994888333 2.9665150407698473 12
    endloop
  endfacet
  facet normal -0.3368898533922189 -0.9415440651830211 0
    outer loop
      vertex 0.8998824994888333 2.9665150407698473 12
      vertex 0.8998824994888333 2.9665150407698473 0
      vertex 1.1863186403317783 2.864026550784989 12
    endloop
  endfacet
  facet normal -0.5141027441932225 -0.8577286100002715 5.191503772442725e-20
    outer loop
      vertex 1.6500000000000004 2.620871403970663 12
      vertex 1.4613298841605928 2.7339559194799006 12
      vertex 1.4613298841605928 2.7339559194799006 0
    endloop
  endfacet
  facet normal -0.4275550934302824 -0.9039892931234431 0
    outer loop
      vertex 1.1863186403317783 2.864026550784989 12
      vertex 1.1863186403317783 2.864026550784989 0
      vertex 1.4613298841605928 2.7339559194799006 12
    endloop
  endfacet
  facet normal 0 0 -1
    outer loop
      vertex 0.30385313502163785 -3.0850726526838104 12
      vertex 0 3.1 12
      vertex 0.30385313502163785 3.0850726526838104 12
    endloop
  endfacet
  facet normal 0 0 -1
    outer loop
      vertex 0.6047799982499976 -3.0404343692500144 12
      vertex 0.30385313502163785 3.0850726526838104 12
      vertex 0.6047799982499976 3.0404343692500144 12
    endloop
  endfacet
  facet normal 0 0 -1
    outer loop
      vertex 0.8998824994888333 -2.9665150407698473 12
      vertex 0.6047799982499976 3.0404343692500144 12
      vertex 0.8998824994888333 2.9665150407698473 12
    endloop
  endfacet
  facet normal 0 0 -1
    outer loop
      vertex 1.1863186403317783 -2.864026550784989 12
      vertex 0.8998824994888333 2.9665150407698473 12
      vertex 1.1863186403317783 2.864026550784989 12
    endloop
  endfacet
  facet normal 0 0 -1
    outer loop
      vertex 1.4613298841605928 -2.7339559194799006 12
      vertex 1.4613298841605928 2.7339559194799006 12
      vertex 1.6500000000000004 2.620871403970663 12
    endloop
  endfacet
  facet normal 0 0 -1
    outer loop
      vertex 1.4613298841605928 -2.7339559194799006 12
      vertex 1.1863186403317783 2.864026550784989 12
      vertex 1.4613298841605928 2.7339559194799006 12
    endloop
  endfacet
  facet normal -1 0 0
    outer loop
      vertex 1.6500000000000004 -2.620871403970663 12
      vertex 1.6500000000000004 2.620871403970663 0
      vertex 1.6500000000000004 -2.620871403970663 0
    endloop
  endfacet
  facet normal -1 0 0
    outer loop
      vertex 1.6500000000000004 -2.620871403970663 12
      vertex 1.6500000000000004 2.620871403970663 12
      vertex 1.6500000000000004 2.620871403970663 0
    endloop
  endfacet
  facet normal 0 1 0
    outer loop
      vertex -0.5 5.5 13.6
      vertex -0.5 5.5 14
      vertex 0.5 5.5 13.6
    endloop
  endfacet
  facet normal 1 0 0
    outer loop
      vertex -0.5 5.5 13.6
      vertex -0.5 8.5 14
      vertex -0.5 5.5 14
    endloop
  endfacet
  facet normal 1 0 0
    outer loop
      vertex -0.5 5.5 13.6
      vertex -0.5 8.5 13.6
      vertex -0.5 8.5 14
    endloop
  endfacet
  facet normal 0 0 1
    outer loop
      vertex -0.5 5.5 13.6
      vertex 0.5 8.5 13.6
      vertex -0.5 8.5 13.6
    endloop
  endfacet
  facet normal 0 -1 0
    outer loop
      vertex -0.5 8.5 13.6
      vertex 0.5 8.5 14
      vertex -0.5 8.5 14
    endloop
  endfacet
  facet normal 0 1 0
    outer loop
      vertex 0.5 5.5 13.6
      vertex -0.5 5.5 14
      vertex 0.5 5.5 14
    endloop
  endfacet
  facet normal 0 0 1
    outer loop
      vertex -0.5 5.5 13.6
      vertex 0.5 5.5 13.6
      vertex 0.5 8.5 13.6
    endloop
  endfacet
  facet normal -1 0 0
    outer loop
      vertex 0.5 5.5 13.6
      vertex 0.5 5.5 14
      vertex 0.5 8.5 13.6
    endloop
  endfacet
  facet normal -1 0 0
    outer loop
      vertex 0.5 8.5 13.6
      vertex 0.5 5.5 14
      vertex 0.5 8.5 14
    endloop
  endfacet
  facet normal 0 -1 0
    outer loop
      vertex -0.5 8.5 13.6
      vertex 0.5 8.5 13.6
      vertex 0.5 8.5 14
    endloop
  endfacet
endsolid OpenSCAD_Model
