solid OpenSCAD_Model
  facet normal 0 1 0
    outer loop
      vertex 3 3 0
      vertex 3 3 1.5
      vertex 16.9 3 0
    endloop
  endfacet
  facet normal 0 1 0
    outer loop
      vertex 16.9 3 0
      vertex 3 3 1.5
      vertex 16.9 3 1.5
    endloop
  endfacet
  facet normal 1 0 0
    outer loop
      vertex 3 3 0
      vertex 3 16.9 1.5
      vertex 3 3 1.5
    endloop
  endfacet
  facet normal 1 0 0
    outer loop
      vertex 3 3 0
      vertex 3 16.9 0
      vertex 3 16.9 1.5
    endloop
  endfacet
  facet normal -1 0 0
    outer loop
      vertex 16.9 3 0
      vertex 16.9 3 1.5
      vertex 16.9 16.9 0
    endloop
  endfacet
  facet normal -1 0 0
    outer loop
      vertex 16.9 3 1.5
      vertex 16.9 16.9 1.5
      vertex 16.9 16.9 0
    endloop
  endfacet
  facet normal 0 -1 0
    outer loop
      vertex 3 16.9 0
      vertex 16.9 16.9 1.5
      vertex 3 16.9 1.5
    endloop
  endfacet
  facet normal 0 -1 0
    outer loop
      vertex 3 16.9 0
      vertex 16.9 16.9 0
      vertex 16.9 16.9 1.5
    endloop
  endfacet
  facet normal 0 1 0
    outer loop
      vertex 22 3 0
      vertex 22 3 1.5
      vertex 36 3 0
    endloop
  endfacet
  facet normal 0 1 0
    outer loop
      vertex 36 3 0
      vertex 22 3 1.5
      vertex 36 3 1.5
    endloop
  endfacet
  facet normal 1 0 0
    outer loop
      vertex 22 3 0
      vertex 22 17 1.5
      vertex 22 3 1.5
    endloop
  endfacet
  facet normal 1 0 0
    outer loop
      vertex 22 3 0
      vertex 22 17 0
      vertex 22 17 1.5
    endloop
  endfacet
  facet normal -1 0 0
    outer loop
      vertex 36 3 0
      vertex 36 3 1.5
      vertex 36 17 0
    endloop
  endfacet
  facet normal -1 0 0
    outer loop
      vertex 36 3 1.5
      vertex 36 17 1.5
      vertex 36 17 0
    endloop
  endfacet
  facet normal 0 -1 0
    outer loop
      vertex 22 17 0
      vertex 36 17 1.5
      vertex 22 17 1.5
    endloop
  endfacet
  facet normal 0 -1 0
    outer loop
      vertex 22 17 0
      vertex 36 17 0
      vertex 36 17 1.5
    endloop
  endfacet
  facet normal 0 1 0
    outer loop
      vertex 41 3 0
      vertex 41 3 1.5
      vertex 55.1 3 0
    endloop
  endfacet
  facet normal 0 1 0
    outer loop
      vertex 55.1 3 0
      vertex 41 3 1.5
      vertex 55.1 3 1.5
    endloop
  endfacet
  facet normal 1 0 0
    outer loop
      vertex 41 3 0
      vertex 41 17.1 1.5
      vertex 41 3 1.5
    endloop
  endfacet
  facet normal 1 0 0
    outer loop
      vertex 41 3 0
      vertex 41 17.1 0
      vertex 41 17.1 1.5
    endloop
  endfacet
  facet normal -1 0 0
    outer loop
      vertex 55.1 3 0
      vertex 55.1 3 1.5
      vertex 55.1 17.1 0
    endloop
  endfacet
  facet normal -1 0 0
    outer loop
      vertex 55.1 3 1.5
      vertex 55.1 17.1 1.5
      vertex 55.1 17.1 0
    endloop
  endfacet
  facet normal 0 -1 0
    outer loop
      vertex 41 17.1 0
      vertex 55.1 17.1 0
      vertex 55.1 17.1 1.5
    endloop
  endfacet
  facet normal 0 -1 0
    outer loop
      vertex 41 17.1 0
      vertex 55.1 17.1 1.5
      vertex 41 17.1 1.5
    endloop
  endfacet
  facet normal -0.42755510310083966 -0.9039892885496101 0
    outer loop
      vertex 1.234633132815361 0.15224093198776245 0
      vertex 1.0572065263986588 0.23615746945142746 1.5
      vertex 1.0572065263986588 0.23615746945142746 0
    endloop
  endfacet
  facet normal -0.5141027351876691 -0.8577286153979926 0
    outer loop
      vertex 0.8888595327734947 0.337060771882534 0
      vertex 1.0572065263986588 0.23615746945142746 0
      vertex 0.8888595327734947 0.337060771882534 1.5
    endloop
  endfacet
  facet normal -0.5956992989376803 -0.8032075356003306 0
    outer loop
      vertex 0.8888595327734947 0.337060771882534 0
      vertex 0.7312134280800819 0.45397908985614777 1.5
      vertex 0.7312134280800819 0.45397908985614777 0
    endloop
  endfacet
  facet normal -0.671558983390028 -0.7409510994850822 0
    outer loop
      vertex 0.5857864394783974 0.5857864394783974 0
      vertex 0.7312134280800819 0.45397908985614777 0
      vertex 0.5857864394783974 0.5857864394783974 1.5
    endloop
  endfacet
  facet normal -0.7409510994850822 -0.671558983390028 0
    outer loop
      vertex 0.5857864394783974 0.5857864394783974 0
      vertex 0.45397908985614777 0.7312134280800819 1.5
      vertex 0.45397908985614777 0.7312134280800819 0
    endloop
  endfacet
  facet normal -0.8032075356003306 -0.5956992989376803 0
    outer loop
      vertex 0.45397908985614777 0.7312134280800819 0
      vertex 0.337060771882534 0.8888595327734947 1.5
      vertex 0.337060771882534 0.8888595327734947 0
    endloop
  endfacet
  facet normal -0.24298019573678303 -0.9700312492284539 0
    outer loop
      vertex 1.4194306433200836 0.08611933141946793 0
      vertex 1.6098193526268005 0.038429439067840576 0
      vertex 1.4194306433200836 0.08611933141946793 1.5
    endloop
  endfacet
  facet normal -0.33688982640476 -0.941544074839288 0
    outer loop
      vertex 1.234633132815361 0.15224093198776245 0
      vertex 1.4194306433200836 0.08611933141946793 0
      vertex 1.234633132815361 0.15224093198776245 1.5
    endloop
  endfacet
  facet normal -0.14673047607854153 -0.989176509724005 0
    outer loop
      vertex 1.6098193526268005 0.038429439067840576 0
      vertex 1.8039657175540924 0.009630545973777771 0
      vertex 1.6098193526268005 0.038429439067840576 1.5
    endloop
  endfacet
  facet normal -0.049067670415704694 -0.9987954563973426 0
    outer loop
      vertex 1.8039657175540924 0.009630545973777771 0
      vertex 2 0 0
      vertex 1.8039657175540924 0.009630545973777771 1.5
    endloop
  endfacet
  facet normal -0.8577286153979926 -0.5141027351876691 0
    outer loop
      vertex 0.337060771882534 0.8888595327734947 0
      vertex 0.23615746945142746 1.0572065263986588 1.5
      vertex 0.23615746945142746 1.0572065263986588 0
    endloop
  endfacet
  facet normal -0.9039892885496101 -0.42755510310083966 0
    outer loop
      vertex 0.23615746945142746 1.0572065263986588 0
      vertex 0.15224093198776245 1.234633132815361 1.5
      vertex 0.15224093198776245 1.234633132815361 0
    endloop
  endfacet
  facet normal -0.941544074839288 -0.33688982640476 0
    outer loop
      vertex 0.15224093198776245 1.234633132815361 0
      vertex 0.08611933141946793 1.4194306433200836 1.5
      vertex 0.08611933141946793 1.4194306433200836 0
    endloop
  endfacet
  facet normal -0.9700312492284539 -0.24298019573678303 0
    outer loop
      vertex 0.08611933141946793 1.4194306433200836 0
      vertex 0.038429439067840576 1.6098193526268005 1.5
      vertex 0.038429439067840576 1.6098193526268005 0
    endloop
  endfacet
  facet normal -0.989176509724005 -0.14673047607854153 0
    outer loop
      vertex 0.038429439067840576 1.6098193526268005 0
      vertex 0.009630545973777771 1.8039657175540924 1.5
      vertex 0.009630545973777771 1.8039657175540924 0
    endloop
  endfacet
  facet normal -0.9987954563973426 -0.049067670415704694 0
    outer loop
      vertex 0.009630545973777771 1.8039657175540924 0
      vertex 0 2 1.5
      vertex 0 2 0
    endloop
  endfacet
  facet normal 0 0 -1
    outer loop
      vertex 2 0 0
      vertex 3 3 0
      vertex 16.9 3 0
    endloop
  endfacet
  facet normal -0.42755510310083966 -0.9039892885496101 0
    outer loop
      vertex 1.234633132815361 0.15224093198776245 0
      vertex 1.234633132815361 0.15224093198776245 1.5
      vertex 1.0572065263986588 0.23615746945142746 1.5
    endloop
  endfacet
  facet normal -0.5956992989376803 -0.8032075356003306 0
    outer loop
      vertex 0.8888595327734947 0.337060771882534 0
      vertex 0.8888595327734947 0.337060771882534 1.5
      vertex 0.7312134280800819 0.45397908985614777 1.5
    endloop
  endfacet
  facet normal -0.5141027351876691 -0.8577286153979926 0
    outer loop
      vertex 1.0572065263986588 0.23615746945142746 0
      vertex 1.0572065263986588 0.23615746945142746 1.5
      vertex 0.8888595327734947 0.337060771882534 1.5
    endloop
  endfacet
  facet normal -0.7409510994850822 -0.671558983390028 0
    outer loop
      vertex 0.5857864394783974 0.5857864394783974 0
      vertex 0.5857864394783974 0.5857864394783974 1.5
      vertex 0.45397908985614777 0.7312134280800819 1.5
    endloop
  endfacet
  facet normal -0.8032075356003306 -0.5956992989376803 0
    outer loop
      vertex 0.45397908985614777 0.7312134280800819 0
      vertex 0.45397908985614777 0.7312134280800819 1.5
      vertex 0.337060771882534 0.8888595327734947 1.5
    endloop
  endfacet
  facet normal -0.671558983390028 -0.7409510994850822 0
    outer loop
      vertex 0.7312134280800819 0.45397908985614777 0
      vertex 0.7312134280800819 0.45397908985614777 1.5
      vertex 0.5857864394783974 0.5857864394783974 1.5
    endloop
  endfacet
  facet normal -0.24298019573678303 -0.9700312492284539 0
    outer loop
      vertex 1.6098193526268005 0.038429439067840576 0
      vertex 1.6098193526268005 0.038429439067840576 1.5
      vertex 1.4194306433200836 0.08611933141946793 1.5
    endloop
  endfacet
  facet normal -0.33688982640476 -0.941544074839288 0
    outer loop
      vertex 1.4194306433200836 0.08611933141946793 0
      vertex 1.4194306433200836 0.08611933141946793 1.5
      vertex 1.234633132815361 0.15224093198776245 1.5
    endloop
  endfacet
  facet normal -0.14673047607854153 -0.989176509724005 0
    outer loop
      vertex 1.8039657175540924 0.009630545973777771 0
      vertex 1.8039657175540924 0.009630545973777771 1.5
      vertex 1.6098193526268005 0.038429439067840576 1.5
    endloop
  endfacet
  facet normal -0.049067670415704694 -0.9987954563973426 0
    outer loop
      vertex 2 0 0
      vertex 2 0 1.5
      vertex 1.8039657175540924 0.009630545973777771 1.5
    endloop
  endfacet
  facet normal -0.8577286153979926 -0.5141027351876691 0
    outer loop
      vertex 0.337060771882534 0.8888595327734947 0
      vertex 0.337060771882534 0.8888595327734947 1.5
      vertex 0.23615746945142746 1.0572065263986588 1.5
    endloop
  endfacet
  facet normal -0.9039892885496101 -0.42755510310083966 0
    outer loop
      vertex 0.23615746945142746 1.0572065263986588 0
      vertex 0.23615746945142746 1.0572065263986588 1.5
      vertex 0.15224093198776245 1.234633132815361 1.5
    endloop
  endfacet
  facet normal -0.941544074839288 -0.33688982640476 0
    outer loop
      vertex 0.15224093198776245 1.234633132815361 0
      vertex 0.15224093198776245 1.234633132815361 1.5
      vertex 0.08611933141946793 1.4194306433200836 1.5
    endloop
  endfacet
  facet normal -0.9700312492284539 -0.24298019573678303 0
    outer loop
      vertex 0.08611933141946793 1.4194306433200836 0
      vertex 0.08611933141946793 1.4194306433200836 1.5
      vertex 0.038429439067840576 1.6098193526268005 1.5
    endloop
  endfacet
  facet normal -0.989176509724005 -0.14673047607854153 0
    outer loop
      vertex 0.038429439067840576 1.6098193526268005 0
      vertex 0.038429439067840576 1.6098193526268005 1.5
      vertex 0.009630545973777771 1.8039657175540924 1.5
    endloop
  endfacet
  facet normal -0.9987954563973426 -0.049067670415704694 0
    outer loop
      vertex 0.009630545973777771 1.8039657175540924 0
      vertex 0.009630545973777771 1.8039657175540924 1.5
      vertex 0 2 1.5
    endloop
  endfacet
  facet normal 0 0 -1
    outer loop
      vertex 2 0 0
      vertex 3 16.9 0
      vertex 3 3 0
    endloop
  endfacet
  facet normal 0 0 -1
    outer loop
      vertex 2 0 0
      vertex 16.9 3 0
      vertex 22 3 0
    endloop
  endfacet
  facet normal 0 0 -1
    outer loop
      vertex 2 0 0
      vertex 22 3 0
      vertex 36 3 0
    endloop
  endfacet
  facet normal 0 0 1
    outer loop
      vertex 2 0 1.5
      vertex 16.9 3 1.5
      vertex 3 3 1.5
    endloop
  endfacet
  facet normal 0 0 1
    outer loop
      vertex 2 0 1.5
      vertex 3 3 1.5
      vertex 3 16.9 1.5
    endloop
  endfacet
  facet normal 0 0 1
    outer loop
      vertex 2 0 1.5
      vertex 22 3 1.5
      vertex 16.9 3 1.5
    endloop
  endfacet
  facet normal 0 0 1
    outer loop
      vertex 2 0 1.5
      vertex 36 3 1.5
      vertex 22 3 1.5
    endloop
  endfacet
  facet normal 0 0 -1
    outer loop
      vertex 0.5857864394783974 0.5857864394783974 0
      vertex 0.5857864394783974 26.414213560521603 0
      vertex 0.7312134280800819 0.45397908985614777 0
    endloop
  endfacet
  facet normal 0 0 -1
    outer loop
      vertex 0.45397908985614777 0.7312134280800819 0
      vertex 0.337060771882534 0.8888595327734947 0
      vertex 0.337060771882534 26.111140467226505 0
    endloop
  endfacet
  facet normal 0 0 -1
    outer loop
      vertex 0.5857864394783974 0.5857864394783974 0
      vertex 0.45397908985614777 0.7312134280800819 0
      vertex 0.45397908985614777 26.268786571919918 0
    endloop
  endfacet
  facet normal 0 0 -1
    outer loop
      vertex 1.234633132815361 0.15224093198776245 0
      vertex 1.0572065263986588 0.23615746945142746 0
      vertex 1.0572065263986588 26.763842530548573 0
    endloop
  endfacet
  facet normal 0 0 -1
    outer loop
      vertex 0.8888595327734947 0.337060771882534 0
      vertex 0.7312134280800819 0.45397908985614777 0
      vertex 0.7312134280800819 26.546020910143852 0
    endloop
  endfacet
  facet normal 0 0 -1
    outer loop
      vertex 0.8888595327734947 0.337060771882534 0
      vertex 0.8888595327734947 26.662939228117466 0
      vertex 1.0572065263986588 0.23615746945142746 0
    endloop
  endfacet
  facet normal 0 0 -1
    outer loop
      vertex 1.234633132815361 0.15224093198776245 0
      vertex 1.234633132815361 26.847759068012238 0
      vertex 1.4194306433200836 0.08611933141946793 0
    endloop
  endfacet
  facet normal 0 0 -1
    outer loop
      vertex 1.4194306433200836 0.08611933141946793 0
      vertex 1.4194306433200836 26.913880668580532 0
      vertex 1.6098193526268005 0.038429439067840576 0
    endloop
  endfacet
  facet normal 0 0 -1
    outer loop
      vertex 1.6098193526268005 0.038429439067840576 0
      vertex 1.6098193526268005 26.96157056093216 0
      vertex 1.8039657175540924 0.009630545973777771 0
    endloop
  endfacet
  facet normal 0 0 -1
    outer loop
      vertex 1.8039657175540924 0.009630545973777771 0
      vertex 1.8039657175540924 26.990369454026222 0
      vertex 2 0 0
    endloop
  endfacet
  facet normal 0 0 -1
    outer loop
      vertex 0.337060771882534 0.8888595327734947 0
      vertex 0.23615746945142746 1.0572065263986588 0
      vertex 0.23615746945142746 25.94279347360134 0
    endloop
  endfacet
  facet normal 0 0 -1
    outer loop
      vertex 0.23615746945142746 1.0572065263986588 0
      vertex 0.15224093198776245 1.234633132815361 0
      vertex 0.15224093198776245 25.76536686718464 0
    endloop
  endfacet
  facet normal 0 0 -1
    outer loop
      vertex 0.15224093198776245 1.234633132815361 0
      vertex 0.08611933141946793 1.4194306433200836 0
      vertex 0.08611933141946793 25.580569356679916 0
    endloop
  endfacet
  facet normal 0 0 -1
    outer loop
      vertex 0.08611933141946793 1.4194306433200836 0
      vertex 0.038429439067840576 1.6098193526268005 0
      vertex 0.038429439067840576 25.3901806473732 0
    endloop
  endfacet
  facet normal 0 0 -1
    outer loop
      vertex 0.038429439067840576 1.6098193526268005 0
      vertex 0.009630545973777771 1.8039657175540924 0
      vertex 0.009630545973777771 25.196034282445908 0
    endloop
  endfacet
  facet normal 0 0 -1
    outer loop
      vertex 0.009630545973777771 1.8039657175540924 0
      vertex 0 2 0
      vertex 0 25 0
    endloop
  endfacet
  facet normal -1 0 0
    outer loop
      vertex 0 2 0
      vertex 0 2 1.5
      vertex 0 25 1.5
    endloop
  endfacet
  facet normal 0 0 -1
    outer loop
      vertex 16.9 3 0
      vertex 16.9 16.9 0
      vertex 22 3 0
    endloop
  endfacet
  facet normal 0 0 -1
    outer loop
      vertex 22 3 0
      vertex 16.9 16.9 0
      vertex 22 17 0
    endloop
  endfacet
  facet normal 0 0 1
    outer loop
      vertex 0.5857864394783974 0.5857864394783974 1.5
      vertex 0.7312134280800819 0.45397908985614777 1.5
      vertex 0.5857864394783974 26.414213560521603 1.5
    endloop
  endfacet
  facet normal 0 0 1
    outer loop
      vertex 0.45397908985614777 0.7312134280800819 1.5
      vertex 0.337060771882534 26.111140467226505 1.5
      vertex 0.337060771882534 0.8888595327734947 1.5
    endloop
  endfacet
  facet normal 0 0 1
    outer loop
      vertex 0.5857864394783974 0.5857864394783974 1.5
      vertex 0.45397908985614777 26.268786571919918 1.5
      vertex 0.45397908985614777 0.7312134280800819 1.5
    endloop
  endfacet
  facet normal 0 0 1
    outer loop
      vertex 1.234633132815361 0.15224093198776245 1.5
      vertex 1.0572065263986588 26.763842530548573 1.5
      vertex 1.0572065263986588 0.23615746945142746 1.5
    endloop
  endfacet
  facet normal 0 0 1
    outer loop
      vertex 0.8888595327734947 0.337060771882534 1.5
      vertex 0.7312134280800819 26.546020910143852 1.5
      vertex 0.7312134280800819 0.45397908985614777 1.5
    endloop
  endfacet
  facet normal 0 0 1
    outer loop
      vertex 0.8888595327734947 0.337060771882534 1.5
      vertex 1.0572065263986588 0.23615746945142746 1.5
      vertex 0.8888595327734947 26.662939228117466 1.5
    endloop
  endfacet
  facet normal 0 0 1
    outer loop
      vertex 1.234633132815361 0.15224093198776245 1.5
      vertex 1.4194306433200836 0.08611933141946793 1.5
      vertex 1.234633132815361 26.847759068012238 1.5
    endloop
  endfacet
  facet normal 0 0 1
    outer loop
      vertex 1.4194306433200836 0.08611933141946793 1.5
      vertex 1.6098193526268005 0.038429439067840576 1.5
      vertex 1.4194306433200836 26.913880668580532 1.5
    endloop
  endfacet
  facet normal 0 0 1
    outer loop
      vertex 1.6098193526268005 0.038429439067840576 1.5
      vertex 1.8039657175540924 0.009630545973777771 1.5
      vertex 1.6098193526268005 26.96157056093216 1.5
    endloop
  endfacet
  facet normal 0 0 1
    outer loop
      vertex 1.8039657175540924 0.009630545973777771 1.5
      vertex 2 0 1.5
      vertex 1.8039657175540924 26.990369454026222 1.5
    endloop
  endfacet
  facet normal 0 0 1
    outer loop
      vertex 0.337060771882534 0.8888595327734947 1.5
      vertex 0.23615746945142746 25.94279347360134 1.5
      vertex 0.23615746945142746 1.0572065263986588 1.5
    endloop
  endfacet
  facet normal 0 0 1
    outer loop
      vertex 0.23615746945142746 1.0572065263986588 1.5
      vertex 0.15224093198776245 25.76536686718464 1.5
      vertex 0.15224093198776245 1.234633132815361 1.5
    endloop
  endfacet
  facet normal 0 0 1
    outer loop
      vertex 0.15224093198776245 1.234633132815361 1.5
      vertex 0.08611933141946793 25.580569356679916 1.5
      vertex 0.08611933141946793 1.4194306433200836 1.5
    endloop
  endfacet
  facet normal 0 0 1
    outer loop
      vertex 0.08611933141946793 1.4194306433200836 1.5
      vertex 0.038429439067840576 25.3901806473732 1.5
      vertex 0.038429439067840576 1.6098193526268005 1.5
    endloop
  endfacet
  facet normal 0 0 1
    outer loop
      vertex 0.038429439067840576 1.6098193526268005 1.5
      vertex 0.009630545973777771 25.196034282445908 1.5
      vertex 0.009630545973777771 1.8039657175540924 1.5
    endloop
  endfacet
  facet normal 0 0 1
    outer loop
      vertex 0.009630545973777771 1.8039657175540924 1.5
      vertex 0 25 1.5
      vertex 0 2 1.5
    endloop
  endfacet
  facet normal 0 0 1
    outer loop
      vertex 16.9 3 1.5
      vertex 22 3 1.5
      vertex 22 17 1.5
    endloop
  endfacet
  facet normal 0 0 1
    outer loop
      vertex 16.9 3 1.5
      vertex 22 17 1.5
      vertex 16.9 16.9 1.5
    endloop
  endfacet
  facet normal 0 -1 0
    outer loop
      vertex 2 0 0
      vertex 62 0 0
      vertex 2 0 1.5
    endloop
  endfacet
  facet normal 0 0 -1
    outer loop
      vertex 2 0 0
      vertex 36 3 0
      vertex 62 0 0
    endloop
  endfacet
  facet normal 0 0 1
    outer loop
      vertex 2 0 1.5
      vertex 41 3 1.5
      vertex 36 3 1.5
    endloop
  endfacet
  facet normal 0 0 1
    outer loop
      vertex 2 0 1.5
      vertex 62 0 1.5
      vertex 41 3 1.5
    endloop
  endfacet
  facet normal 0 0 -1
    outer loop
      vertex 36 3 0
      vertex 36 17 0
      vertex 41 3 0
    endloop
  endfacet
  facet normal 0 0 -1
    outer loop
      vertex 36 17 0
      vertex 41 17.1 0
      vertex 41 3 0
    endloop
  endfacet
  facet normal 0 0 1
    outer loop
      vertex 36 3 1.5
      vertex 41 3 1.5
      vertex 41 17.1 1.5
    endloop
  endfacet
  facet normal 0 0 1
    outer loop
      vertex 36 3 1.5
      vertex 41 17.1 1.5
      vertex 36 17 1.5
    endloop
  endfacet
  facet normal 0 0 -1
    outer loop
      vertex 2 0 0
      vertex 2 27 0
      vertex 3 16.9 0
    endloop
  endfacet
  facet normal 0 0 -1
    outer loop
      vertex 0.009630545973777771 1.8039657175540924 0
      vertex 0 25 0
      vertex 0.009630545973777771 25.196034282445908 0
    endloop
  endfacet
  facet normal 0 0 -1
    outer loop
      vertex 0.038429439067840576 1.6098193526268005 0
      vertex 0.009630545973777771 25.196034282445908 0
      vertex 0.038429439067840576 25.3901806473732 0
    endloop
  endfacet
  facet normal 0 0 -1
    outer loop
      vertex 0.08611933141946793 1.4194306433200836 0
      vertex 0.038429439067840576 25.3901806473732 0
      vertex 0.08611933141946793 25.580569356679916 0
    endloop
  endfacet
  facet normal 0 0 -1
    outer loop
      vertex 0.15224093198776245 1.234633132815361 0
      vertex 0.08611933141946793 25.580569356679916 0
      vertex 0.15224093198776245 25.76536686718464 0
    endloop
  endfacet
  facet normal 0 0 -1
    outer loop
      vertex 0.23615746945142746 1.0572065263986588 0
      vertex 0.15224093198776245 25.76536686718464 0
      vertex 0.23615746945142746 25.94279347360134 0
    endloop
  endfacet
  facet normal 0 0 -1
    outer loop
      vertex 0.337060771882534 0.8888595327734947 0
      vertex 0.23615746945142746 25.94279347360134 0
      vertex 0.337060771882534 26.111140467226505 0
    endloop
  endfacet
  facet normal 0 0 -1
    outer loop
      vertex 0.45397908985614777 0.7312134280800819 0
      vertex 0.337060771882534 26.111140467226505 0
      vertex 0.45397908985614777 26.268786571919918 0
    endloop
  endfacet
  facet normal 0 0 -1
    outer loop
      vertex 0.5857864394783974 0.5857864394783974 0
      vertex 0.45397908985614777 26.268786571919918 0
      vertex 0.5857864394783974 26.414213560521603 0
    endloop
  endfacet
  facet normal 0 0 -1
    outer loop
      vertex 0.7312134280800819 0.45397908985614777 0
      vertex 0.5857864394783974 26.414213560521603 0
      vertex 0.7312134280800819 26.546020910143852 0
    endloop
  endfacet
  facet normal 0 0 -1
    outer loop
      vertex 0.8888595327734947 0.337060771882534 0
      vertex 0.7312134280800819 26.546020910143852 0
      vertex 0.8888595327734947 26.662939228117466 0
    endloop
  endfacet
  facet normal 0 0 -1
    outer loop
      vertex 1.0572065263986588 0.23615746945142746 0
      vertex 0.8888595327734947 26.662939228117466 0
      vertex 1.0572065263986588 26.763842530548573 0
    endloop
  endfacet
  facet normal 0 0 -1
    outer loop
      vertex 1.234633132815361 0.15224093198776245 0
      vertex 1.0572065263986588 26.763842530548573 0
      vertex 1.234633132815361 26.847759068012238 0
    endloop
  endfacet
  facet normal 0 0 -1
    outer loop
      vertex 1.4194306433200836 0.08611933141946793 0
      vertex 1.234633132815361 26.847759068012238 0
      vertex 1.4194306433200836 26.913880668580532 0
    endloop
  endfacet
  facet normal 0 0 -1
    outer loop
      vertex 1.6098193526268005 0.038429439067840576 0
      vertex 1.4194306433200836 26.913880668580532 0
      vertex 1.6098193526268005 26.96157056093216 0
    endloop
  endfacet
  facet normal 0 0 -1
    outer loop
      vertex 1.8039657175540924 0.009630545973777771 0
      vertex 1.6098193526268005 26.96157056093216 0
      vertex 1.8039657175540924 26.990369454026222 0
    endloop
  endfacet
  facet normal 0 0 -1
    outer loop
      vertex 2 0 0
      vertex 1.8039657175540924 26.990369454026222 0
      vertex 2 27 0
    endloop
  endfacet
  facet normal -1 0 0
    outer loop
      vertex 0 2 0
      vertex 0 25 1.5
      vertex 0 25 0
    endloop
  endfacet
  facet normal 0 0 -1
    outer loop
      vertex 3 16.9 0
      vertex 22 17 0
      vertex 16.9 16.9 0
    endloop
  endfacet
  facet normal 0 0 1
    outer loop
      vertex 2 0 1.5
      vertex 3 16.9 1.5
      vertex 2 27 1.5
    endloop
  endfacet
  facet normal 0 0 1
    outer loop
      vertex 0.009630545973777771 1.8039657175540924 1.5
      vertex 0.009630545973777771 25.196034282445908 1.5
      vertex 0 25 1.5
    endloop
  endfacet
  facet normal 0 0 1
    outer loop
      vertex 0.038429439067840576 1.6098193526268005 1.5
      vertex 0.038429439067840576 25.3901806473732 1.5
      vertex 0.009630545973777771 25.196034282445908 1.5
    endloop
  endfacet
  facet normal 0 0 1
    outer loop
      vertex 0.08611933141946793 1.4194306433200836 1.5
      vertex 0.08611933141946793 25.580569356679916 1.5
      vertex 0.038429439067840576 25.3901806473732 1.5
    endloop
  endfacet
  facet normal 0 0 1
    outer loop
      vertex 0.15224093198776245 1.234633132815361 1.5
      vertex 0.15224093198776245 25.76536686718464 1.5
      vertex 0.08611933141946793 25.580569356679916 1.5
    endloop
  endfacet
  facet normal 0 0 1
    outer loop
      vertex 0.23615746945142746 1.0572065263986588 1.5
      vertex 0.23615746945142746 25.94279347360134 1.5
      vertex 0.15224093198776245 25.76536686718464 1.5
    endloop
  endfacet
  facet normal 0 0 1
    outer loop
      vertex 0.337060771882534 0.8888595327734947 1.5
      vertex 0.337060771882534 26.111140467226505 1.5
      vertex 0.23615746945142746 25.94279347360134 1.5
    endloop
  endfacet
  facet normal 0 0 1
    outer loop
      vertex 0.45397908985614777 0.7312134280800819 1.5
      vertex 0.45397908985614777 26.268786571919918 1.5
      vertex 0.337060771882534 26.111140467226505 1.5
    endloop
  endfacet
  facet normal 0 0 1
    outer loop
      vertex 0.5857864394783974 0.5857864394783974 1.5
      vertex 0.5857864394783974 26.414213560521603 1.5
      vertex 0.45397908985614777 26.268786571919918 1.5
    endloop
  endfacet
  facet normal 0 0 1
    outer loop
      vertex 0.7312134280800819 0.45397908985614777 1.5
      vertex 0.7312134280800819 26.546020910143852 1.5
      vertex 0.5857864394783974 26.414213560521603 1.5
    endloop
  endfacet
  facet normal 0 0 1
    outer loop
      vertex 0.8888595327734947 0.337060771882534 1.5
      vertex 0.8888595327734947 26.662939228117466 1.5
      vertex 0.7312134280800819 26.546020910143852 1.5
    endloop
  endfacet
  facet normal 0 0 1
    outer loop
      vertex 1.0572065263986588 0.23615746945142746 1.5
      vertex 1.0572065263986588 26.763842530548573 1.5
      vertex 0.8888595327734947 26.662939228117466 1.5
    endloop
  endfacet
  facet normal 0 0 1
    outer loop
      vertex 1.234633132815361 0.15224093198776245 1.5
      vertex 1.234633132815361 26.847759068012238 1.5
      vertex 1.0572065263986588 26.763842530548573 1.5
    endloop
  endfacet
  facet normal 0 0 1
    outer loop
      vertex 1.4194306433200836 0.08611933141946793 1.5
      vertex 1.4194306433200836 26.913880668580532 1.5
      vertex 1.234633132815361 26.847759068012238 1.5
    endloop
  endfacet
  facet normal 0 0 1
    outer loop
      vertex 1.6098193526268005 0.038429439067840576 1.5
      vertex 1.6098193526268005 26.96157056093216 1.5
      vertex 1.4194306433200836 26.913880668580532 1.5
    endloop
  endfacet
  facet normal 0 0 1
    outer loop
      vertex 1.8039657175540924 0.009630545973777771 1.5
      vertex 1.8039657175540924 26.990369454026222 1.5
      vertex 1.6098193526268005 26.96157056093216 1.5
    endloop
  endfacet
  facet normal 0 0 1
    outer loop
      vertex 2 0 1.5
      vertex 2 27 1.5
      vertex 1.8039657175540924 26.990369454026222 1.5
    endloop
  endfacet
  facet normal 0 0 1
    outer loop
      vertex 3 16.9 1.5
      vertex 16.9 16.9 1.5
      vertex 9.366135030984879 21.97417901456356 1.5
    endloop
  endfacet
  facet normal 0 0 1
    outer loop
      vertex 16.9 16.9 1.5
      vertex 22 17 1.5
      vertex 11.130787499248981 22 1.5
    endloop
  endfacet
  facet normal 0 0 -1
    outer loop
      vertex 3 16.9 0
      vertex 2 27 0
      vertex 22 17 0
    endloop
  endfacet
  facet normal -0.9987954563973426 0.049067670415704694 0
    outer loop
      vertex 0 25 0
      vertex 0.009630545973777771 25.196034282445908 1.5
      vertex 0.009630545973777771 25.196034282445908 0
    endloop
  endfacet
  facet normal -0.989176509724005 0.14673047607854153 0
    outer loop
      vertex 0.009630545973777771 25.196034282445908 0
      vertex 0.038429439067840576 25.3901806473732 1.5
      vertex 0.038429439067840576 25.3901806473732 0
    endloop
  endfacet
  facet normal -0.9700312492284539 0.24298019573678303 0
    outer loop
      vertex 0.038429439067840576 25.3901806473732 0
      vertex 0.08611933141946793 25.580569356679916 1.5
      vertex 0.08611933141946793 25.580569356679916 0
    endloop
  endfacet
  facet normal -0.941544074839288 0.33688982640476 0
    outer loop
      vertex 0.08611933141946793 25.580569356679916 0
      vertex 0.15224093198776245 25.76536686718464 1.5
      vertex 0.15224093198776245 25.76536686718464 0
    endloop
  endfacet
  facet normal -0.9039892885496101 0.42755510310083966 0
    outer loop
      vertex 0.15224093198776245 25.76536686718464 0
      vertex 0.23615746945142746 25.94279347360134 1.5
      vertex 0.23615746945142746 25.94279347360134 0
    endloop
  endfacet
  facet normal -0.8577286153979926 0.5141027351876691 0
    outer loop
      vertex 0.23615746945142746 25.94279347360134 0
      vertex 0.337060771882534 26.111140467226505 1.5
      vertex 0.337060771882534 26.111140467226505 0
    endloop
  endfacet
  facet normal -0.8032075356003306 0.5956992989376803 0
    outer loop
      vertex 0.337060771882534 26.111140467226505 0
      vertex 0.45397908985614777 26.268786571919918 1.5
      vertex 0.45397908985614777 26.268786571919918 0
    endloop
  endfacet
  facet normal -0.7409510994850822 0.671558983390028 0
    outer loop
      vertex 0.45397908985614777 26.268786571919918 0
      vertex 0.5857864394783974 26.414213560521603 1.5
      vertex 0.5857864394783974 26.414213560521603 0
    endloop
  endfacet
  facet normal -0.671558983390028 0.7409510994850822 0
    outer loop
      vertex 0.5857864394783974 26.414213560521603 0
      vertex 0.7312134280800819 26.546020910143852 1.5
      vertex 0.7312134280800819 26.546020910143852 0
    endloop
  endfacet
  facet normal -0.5956992989376803 0.8032075356003306 0
    outer loop
      vertex 0.7312134280800819 26.546020910143852 0
      vertex 0.8888595327734947 26.662939228117466 1.5
      vertex 0.8888595327734947 26.662939228117466 0
    endloop
  endfacet
  facet normal -0.5141027351876691 0.8577286153979926 0
    outer loop
      vertex 0.8888595327734947 26.662939228117466 0
      vertex 1.0572065263986588 26.763842530548573 1.5
      vertex 1.0572065263986588 26.763842530548573 0
    endloop
  endfacet
  facet normal -0.42755510310083966 0.9039892885496101 0
    outer loop
      vertex 1.0572065263986588 26.763842530548573 0
      vertex 1.234633132815361 26.847759068012238 1.5
      vertex 1.234633132815361 26.847759068012238 0
    endloop
  endfacet
  facet normal -0.33688982640476 0.941544074839288 0
    outer loop
      vertex 1.234633132815361 26.847759068012238 0
      vertex 1.4194306433200836 26.913880668580532 1.5
      vertex 1.4194306433200836 26.913880668580532 0
    endloop
  endfacet
  facet normal -0.24298019573678303 0.9700312492284539 0
    outer loop
      vertex 1.4194306433200836 26.913880668580532 0
      vertex 1.6098193526268005 26.96157056093216 1.5
      vertex 1.6098193526268005 26.96157056093216 0
    endloop
  endfacet
  facet normal -0.14673047607854153 0.989176509724005 0
    outer loop
      vertex 1.6098193526268005 26.96157056093216 0
      vertex 1.8039657175540924 26.990369454026222 1.5
      vertex 1.8039657175540924 26.990369454026222 0
    endloop
  endfacet
  facet normal -0.049067670415704694 0.9987954563973426 0
    outer loop
      vertex 1.8039657175540924 26.990369454026222 0
      vertex 2 27 1.5
      vertex 2 27 0
    endloop
  endfacet
  facet normal -0.9987954563973426 0.049067670415704694 0
    outer loop
      vertex 0 25 0
      vertex 0 25 1.5
      vertex 0.009630545973777771 25.196034282445908 1.5
    endloop
  endfacet
  facet normal -0.989176509724005 0.14673047607854153 0
    outer loop
      vertex 0.009630545973777771 25.196034282445908 0
      vertex 0.009630545973777771 25.196034282445908 1.5
      vertex 0.038429439067840576 25.3901806473732 1.5
    endloop
  endfacet
  facet normal -0.9700312492284539 0.24298019573678303 0
    outer loop
      vertex 0.038429439067840576 25.3901806473732 0
      vertex 0.038429439067840576 25.3901806473732 1.5
      vertex 0.08611933141946793 25.580569356679916 1.5
    endloop
  endfacet
  facet normal -0.941544074839288 0.33688982640476 0
    outer loop
      vertex 0.08611933141946793 25.580569356679916 0
      vertex 0.08611933141946793 25.580569356679916 1.5
      vertex 0.15224093198776245 25.76536686718464 1.5
    endloop
  endfacet
  facet normal -0.9039892885496101 0.42755510310083966 0
    outer loop
      vertex 0.15224093198776245 25.76536686718464 0
      vertex 0.15224093198776245 25.76536686718464 1.5
      vertex 0.23615746945142746 25.94279347360134 1.5
    endloop
  endfacet
  facet normal -0.8577286153979926 0.5141027351876691 0
    outer loop
      vertex 0.23615746945142746 25.94279347360134 0
      vertex 0.23615746945142746 25.94279347360134 1.5
      vertex 0.337060771882534 26.111140467226505 1.5
    endloop
  endfacet
  facet normal -0.8032075356003306 0.5956992989376803 0
    outer loop
      vertex 0.337060771882534 26.111140467226505 0
      vertex 0.337060771882534 26.111140467226505 1.5
      vertex 0.45397908985614777 26.268786571919918 1.5
    endloop
  endfacet
  facet normal -0.7409510994850822 0.671558983390028 0
    outer loop
      vertex 0.45397908985614777 26.268786571919918 0
      vertex 0.45397908985614777 26.268786571919918 1.5
      vertex 0.5857864394783974 26.414213560521603 1.5
    endloop
  endfacet
  facet normal -0.671558983390028 0.7409510994850822 0
    outer loop
      vertex 0.5857864394783974 26.414213560521603 0
      vertex 0.5857864394783974 26.414213560521603 1.5
      vertex 0.7312134280800819 26.546020910143852 1.5
    endloop
  endfacet
  facet normal -0.5956992989376803 0.8032075356003306 0
    outer loop
      vertex 0.7312134280800819 26.546020910143852 0
      vertex 0.7312134280800819 26.546020910143852 1.5
      vertex 0.8888595327734947 26.662939228117466 1.5
    endloop
  endfacet
  facet normal -0.5141027351876691 0.8577286153979926 0
    outer loop
      vertex 0.8888595327734947 26.662939228117466 0
      vertex 0.8888595327734947 26.662939228117466 1.5
      vertex 1.0572065263986588 26.763842530548573 1.5
    endloop
  endfacet
  facet normal -0.42755510310083966 0.9039892885496101 0
    outer loop
      vertex 1.0572065263986588 26.763842530548573 0
      vertex 1.0572065263986588 26.763842530548573 1.5
      vertex 1.234633132815361 26.847759068012238 1.5
    endloop
  endfacet
  facet normal -0.33688982640476 0.941544074839288 0
    outer loop
      vertex 1.234633132815361 26.847759068012238 0
      vertex 1.234633132815361 26.847759068012238 1.5
      vertex 1.4194306433200836 26.913880668580532 1.5
    endloop
  endfacet
  facet normal -0.24298019573678303 0.9700312492284539 0
    outer loop
      vertex 1.4194306433200836 26.913880668580532 0
      vertex 1.4194306433200836 26.913880668580532 1.5
      vertex 1.6098193526268005 26.96157056093216 1.5
    endloop
  endfacet
  facet normal -0.14673047607854153 0.989176509724005 0
    outer loop
      vertex 1.6098193526268005 26.96157056093216 0
      vertex 1.6098193526268005 26.96157056093216 1.5
      vertex 1.8039657175540924 26.990369454026222 1.5
    endloop
  endfacet
  facet normal -0.049067670415704694 0.9987954563973426 0
    outer loop
      vertex 1.8039657175540924 26.990369454026222 0
      vertex 1.8039657175540924 26.990369454026222 1.5
      vertex 2 27 1.5
    endloop
  endfacet
  facet normal 0 0 1
    outer loop
      vertex 3 16.9 1.5
      vertex 6.885512501001358 22.259374998509884 1.5
      vertex 2 27 1.5
    endloop
  endfacet
  facet normal 0 0 1
    outer loop
      vertex 3 16.9 1.5
      vertex 6.885512501001358 22 1.5
      vertex 6.885512501001358 22.259374998509884 1.5
    endloop
  endfacet
  facet normal 0 0 1
    outer loop
      vertex 3 16.9 1.5
      vertex 8.382462501525879 22 1.5
      vertex 6.885512501001358 22 1.5
    endloop
  endfacet
  facet normal 0 0 1
    outer loop
      vertex 3 16.9 1.5
      vertex 8.941187500953674 22.129699997603893 1.5
      vertex 8.382462501525879 22 1.5
    endloop
  endfacet
  facet normal 0 0 1
    outer loop
      vertex 3 16.9 1.5
      vertex 9.044496141374111 22.065067902207375 1.5
      vertex 8.99103132635355 22.095364198088646 1.5
    endloop
  endfacet
  facet normal 0 0 1
    outer loop
      vertex 3 16.9 1.5
      vertex 8.99103132635355 22.095364198088646 1.5
      vertex 8.941187500953674 22.129699997603893 1.5
    endloop
  endfacet
  facet normal 0 0 1
    outer loop
      vertex 3 16.9 1.5
      vertex 9.29456527531147 21.98427777737379 1.5
      vertex 9.226616509258747 21.998416051268578 1.5
    endloop
  endfacet
  facet normal 0 0 1
    outer loop
      vertex 3 16.9 1.5
      vertex 9.16228873282671 22.01659382879734 1.5
      vertex 9.101581946015358 22.03881110996008 1.5
    endloop
  endfacet
  facet normal 0 0 1
    outer loop
      vertex 3 16.9 1.5
      vertex 9.101581946015358 22.03881110996008 1.5
      vertex 9.044496141374111 22.065067902207375 1.5
    endloop
  endfacet
  facet normal 0 0 1
    outer loop
      vertex 3 16.9 1.5
      vertex 9.226616509258747 21.998416051268578 1.5
      vertex 9.16228873282671 22.01659382879734 1.5
    endloop
  endfacet
  facet normal 0 0 1
    outer loop
      vertex 3 16.9 1.5
      vertex 9.366135030984879 21.97417901456356 1.5
      vertex 9.29456527531147 21.98427777737379 1.5
    endloop
  endfacet
  facet normal 0 0 1
    outer loop
      vertex 7.494112499058247 22.259374998509884 1.5
      vertex 7.494112499058247 24.097099997103214 1.5
      vertex 6.955012500286102 23.712274998426437 1.5
    endloop
  endfacet
  facet normal 0 0 1
    outer loop
      vertex 8.711090587079525 22.47904320806265 1.5
      vertex 7.800987496972084 22.259374998509884 1.5
      vertex 8.382462501525879 22.259374998509884 1.5
    endloop
  endfacet
  facet normal 0 0 1
    outer loop
      vertex 8.382462501525879 22 1.5
      vertex 8.89532021433115 22.16799135506153 1.5
      vertex 8.853785030543804 22.210154317319393 1.5
    endloop
  endfacet
  facet normal 0 0 1
    outer loop
      vertex 8.382462501525879 22 1.5
      vertex 8.941187500953674 22.129699997603893 1.5
      vertex 8.89532021433115 22.16799135506153 1.5
    endloop
  endfacet
  facet normal 0 0 1
    outer loop
      vertex 8.382462501525879 22 1.5
      vertex 8.783710956573486 22.30609506368637 1.5
      vertex 8.382462501525879 22.259374998509884 1.5
    endloop
  endfacet
  facet normal 0 0 1
    outer loop
      vertex 8.382462501525879 22.259374998509884 1.5
      vertex 8.783710956573486 22.30609506368637 1.5
      vertex 8.755172066390514 22.359872840344906 1.5
    endloop
  endfacet
  facet normal 0 0 1
    outer loop
      vertex 8.382462501525879 22.259374998509884 1.5
      vertex 8.755172066390514 22.359872840344906 1.5
      vertex 8.73096527904272 22.417522221803665 1.5
    endloop
  endfacet
  facet normal 0 0 1
    outer loop
      vertex 8.382462501525879 22 1.5
      vertex 8.853785030543804 22.210154317319393 1.5
      vertex 8.816581942141056 22.25618889182806 1.5
    endloop
  endfacet
  facet normal 0 0 1
    outer loop
      vertex 8.382462501525879 22 1.5
      vertex 8.816581942141056 22.25618889182806 1.5
      vertex 8.783710956573486 22.30609506368637 1.5
    endloop
  endfacet
  facet normal 0 0 1
    outer loop
      vertex 7.800987496972084 22.259374998509884 1.5
      vertex 8.711090587079525 22.47904320806265 1.5
      vertex 8.695547990500927 22.544435799121857 1.5
    endloop
  endfacet
  facet normal 0 0 1
    outer loop
      vertex 8.711090587079525 22.47904320806265 1.5
      vertex 8.382462501525879 22.259374998509884 1.5
      vertex 8.73096527904272 22.417522221803665 1.5
    endloop
  endfacet
  facet normal 0 0 1
    outer loop
      vertex 7.800987496972084 22.259374998509884 1.5
      vertex 8.695547990500927 22.544435799121857 1.5
      vertex 8.684337496757507 22.61370000243187 1.5
    endloop
  endfacet
  facet normal 0 0 1
    outer loop
      vertex 7.800987496972084 22.259374998509884 1.5
      vertex 8.684337496757507 22.61370000243187 1.5
      vertex 9.257362499833107 23.08330000191927 1.5
    endloop
  endfacet
  facet normal 0 0 1
    outer loop
      vertex 9.335622683167458 22.23962962627411 1.5
      vertex 9.422961577773094 22.223932407796383 1.5
      vertex 9.43028750270605 23.08330000191927 1.5
    endloop
  endfacet
  facet normal 0 0 1
    outer loop
      vertex 9.335622683167458 22.23962962627411 1.5
      vertex 9.43028750270605 23.08330000191927 1.5
      vertex 9.258120834827423 22.265791669487953 1.5
    endloop
  endfacet
  facet normal 0 0 1
    outer loop
      vertex 9.258120834827423 22.265791669487953 1.5
      vertex 9.43028750270605 23.08330000191927 1.5
      vertex 9.19045601785183 22.302418515086174 1.5
    endloop
  endfacet
  facet normal 0 0 1
    outer loop
      vertex 9.422961577773094 22.223932407796383 1.5
      vertex 9.520137496292591 22.218699999153614 1.5
      vertex 9.491560958325863 23.08195000141859 1.5
    endloop
  endfacet
  facet normal 0 0 1
    outer loop
      vertex 9.520137496292591 22.218699999153614 1.5
      vertex 9.570146448910236 22.220102161169052 1.5
      vertex 9.604248613119125 23.07114999741316 1.5
    endloop
  endfacet
  facet normal 0 0 1
    outer loop
      vertex 9.570146448910236 22.220102161169052 1.5
      vertex 9.617706634104252 22.224308639764786 1.5
      vertex 9.604248613119125 23.07114999741316 1.5
    endloop
  endfacet
  facet normal 0 0 1
    outer loop
      vertex 9.19045601785183 22.302418515086174 1.5
      vertex 9.43028750270605 23.08330000191927 1.5
      vertex 9.132628239691257 22.349510185420513 1.5
    endloop
  endfacet
  facet normal 0 0 1
    outer loop
      vertex 9.132628239691257 22.349510185420513 1.5
      vertex 9.43028750270605 23.08330000191927 1.5
      vertex 9.084637500345707 22.40706666558981 1.5
    endloop
  endfacet
  facet normal 0 0 1
    outer loop
      vertex 9.084637500345707 22.40706666558981 1.5
      vertex 9.43028750270605 23.08330000191927 1.5
      vertex 9.046483799815178 22.475087963044643 1.5
    endloop
  endfacet
  facet normal 0 0 1
    outer loop
      vertex 8.684337496757507 22.61370000243187 1.5
      vertex 8.999687500298023 22.642525002360344 1.5
      vertex 9.257362499833107 23.08330000191927 1.5
    endloop
  endfacet
  facet normal 0 0 1
    outer loop
      vertex 9.046483799815178 22.475087963044643 1.5
      vertex 9.43028750270605 23.08330000191927 1.5
      vertex 9.01816713064909 22.553574077785015 1.5
    endloop
  endfacet
  facet normal 0 0 1
    outer loop
      vertex 9.01816713064909 22.553574077785015 1.5
      vertex 9.43028750270605 23.08330000191927 1.5
      vertex 8.999687500298023 22.642525002360344 1.5
    endloop
  endfacet
  facet normal 0 0 1
    outer loop
      vertex 9.617706634104252 22.224308639764786 1.5
      vertex 9.662818051874638 22.231319442391396 1.5
      vertex 9.604248613119125 23.07114999741316 1.5
    endloop
  endfacet
  facet normal 0 0 1
    outer loop
      vertex 9.662818051874638 22.231319442391396 1.5
      vertex 9.705480709671974 22.24113456904888 1.5
      vertex 9.604248613119125 23.07114999741316 1.5
    endloop
  endfacet
  facet normal 0 0 1
    outer loop
      vertex 9.705480709671974 22.24113456904888 1.5
      vertex 9.745694600045681 22.253754012286663 1.5
      vertex 9.604248613119125 23.07114999741316 1.5
    endloop
  endfacet
  facet normal 0 0 1
    outer loop
      vertex 9.745694600045681 22.253754012286663 1.5
      vertex 9.783459722995758 22.26917777955532 1.5
      vertex 9.604248613119125 23.07114999741316 1.5
    endloop
  endfacet
  facet normal 0 0 1
    outer loop
      vertex 9.783459722995758 22.26917777955532 1.5
      vertex 9.818776078522205 22.287405863404274 1.5
      vertex 9.604248613119125 23.07114999741316 1.5
    endloop
  endfacet
  facet normal 0 0 1
    outer loop
      vertex 9.818776078522205 22.287405863404274 1.5
      vertex 9.851643674075603 22.308438271284103 1.5
      vertex 9.604248613119125 23.07114999741316 1.5
    endloop
  endfacet
  facet normal 0 0 1
    outer loop
      vertex 9.851643674075603 22.308438271284103 1.5
      vertex 9.882062502205372 22.33227500319481 1.5
      vertex 9.604248613119125 23.07114999741316 1.5
    endloop
  endfacet
  facet normal 0 0 1
    outer loop
      vertex 9.882062502205372 22.33227500319481 1.5
      vertex 9.909640274941921 22.358879633247852 1.5
      vertex 9.604248613119125 23.07114999741316 1.5
    endloop
  endfacet
  facet normal 0 0 1
    outer loop
      vertex 9.909640274941921 22.358879633247852 1.5
      vertex 9.933973610401154 22.388204626739025 1.5
      vertex 9.604248613119125 23.07114999741316 1.5
    endloop
  endfacet
  facet normal 0 0 1
    outer loop
      vertex 9.933973610401154 22.388204626739025 1.5
      vertex 9.955062501132488 22.42024999856949 1.5
      vertex 9.604248613119125 23.07114999741316 1.5
    endloop
  endfacet
  facet normal 0 0 1
    outer loop
      vertex 9.955062501132488 22.42024999856949 1.5
      vertex 9.972906947135925 22.455015741288662 1.5
      vertex 9.604248613119125 23.07114999741316 1.5
    endloop
  endfacet
  facet normal 0 0 1
    outer loop
      vertex 9.972906947135925 22.455015741288662 1.5
      vertex 9.987506940960884 22.492501854896545 1.5
      vertex 9.604248613119125 23.07114999741316 1.5
    endloop
  endfacet
  facet normal 0 0 1
    outer loop
      vertex 9.987506940960884 22.492501854896545 1.5
      vertex 9.998862497508526 22.53270833194256 1.5
      vertex 9.604248613119125 23.07114999741316 1.5
    endloop
  endfacet
  facet normal 0 0 1
    outer loop
      vertex 9.998862497508526 22.53270833194256 1.5
      vertex 10.00697360932827 22.575635187327862 1.5
      vertex 9.655662812292576 23.061700001358986 1.5
    endloop
  endfacet
  facet normal 0 0 1
    outer loop
      vertex 10.00697360932827 22.575635187327862 1.5
      vertex 10.011840276420116 22.621282406151295 1.5
      vertex 9.703790582716465 23.049549996852875 1.5
    endloop
  endfacet
  facet normal 0 0 1
    outer loop
      vertex 10.011840276420116 22.621282406151295 1.5
      vertex 10.013462498784065 22.66965000331402 1.5
      vertex 9.790186882019043 23.01714999973774 1.5
    endloop
  endfacet
  facet normal 0 0 1
    outer loop
      vertex 7.800987496972084 22.259374998509884 1.5
      vertex 9.257362499833107 23.08330000191927 1.5
      vertex 9.257362499833107 23.347774997353554 1.5
    endloop
  endfacet
  facet normal 0 0 1
    outer loop
      vertex 7.800987496972084 22.259374998509884 1.5
      vertex 9.257362499833107 23.347774997353554 1.5
      vertex 7.800987496972084 24.388700000941753 1.5
    endloop
  endfacet
  facet normal 0 0 1
    outer loop
      vertex 8.999687500298023 22.642525002360344 1.5
      vertex 9.43028750270605 23.08330000191927 1.5
      vertex 9.257362499833107 23.08330000191927 1.5
    endloop
  endfacet
  facet normal 0 0 1
    outer loop
      vertex 9.422961577773094 22.223932407796383 1.5
      vertex 9.491560958325863 23.08195000141859 1.5
      vertex 9.43028750270605 23.08330000191927 1.5
    endloop
  endfacet
  facet normal 0 0 1
    outer loop
      vertex 9.520137496292591 22.218699999153614 1.5
      vertex 9.549547992646694 23.077899999916553 1.5
      vertex 9.491560958325863 23.08195000141859 1.5
    endloop
  endfacet
  facet normal 0 0 1
    outer loop
      vertex 9.520137496292591 22.218699999153614 1.5
      vertex 9.604248613119125 23.07114999741316 1.5
      vertex 9.549547992646694 23.077899999916553 1.5
    endloop
  endfacet
  facet normal 0 0 1
    outer loop
      vertex 9.998862497508526 22.53270833194256 1.5
      vertex 9.655662812292576 23.061700001358986 1.5
      vertex 9.604248613119125 23.07114999741316 1.5
    endloop
  endfacet
  facet normal 0 0 1
    outer loop
      vertex 10.00697360932827 22.575635187327862 1.5
      vertex 9.703790582716465 23.049549996852875 1.5
      vertex 9.655662812292576 23.061700001358986 1.5
    endloop
  endfacet
  facet normal 0 0 1
    outer loop
      vertex 10.011840276420116 22.621282406151295 1.5
      vertex 9.748631946742535 23.034699998795986 1.5
      vertex 9.703790582716465 23.049549996852875 1.5
    endloop
  endfacet
  facet normal 0 0 1
    outer loop
      vertex 10.011840276420116 22.621282406151295 1.5
      vertex 9.790186882019043 23.01714999973774 1.5
      vertex 9.748631946742535 23.034699998795986 1.5
    endloop
  endfacet
  facet normal 0 0 1
    outer loop
      vertex 10.013462498784065 22.66965000331402 1.5
      vertex 9.828455403447151 22.996899999678135 1.5
      vertex 9.790186882019043 23.01714999973774 1.5
    endloop
  endfacet
  facet normal 0 0 1
    outer loop
      vertex 10.011610336601734 22.71191543340683 1.5
      vertex 9.863437503576279 22.973949998617172 1.5
      vertex 9.828455403447151 22.996899999678135 1.5
    endloop
  endfacet
  facet normal 0 0 1
    outer loop
      vertex 10.006053857505322 22.752067282795906 1.5
      vertex 9.894924230873585 22.948593206703663 1.5
      vertex 9.863437503576279 22.973949998617172 1.5
    endloop
  endfacet
  facet normal 0 0 1
    outer loop
      vertex 10.013462498784065 22.66965000331402 1.5
      vertex 10.011610336601734 22.71191543340683 1.5
      vertex 9.828455403447151 22.996899999678135 1.5
    endloop
  endfacet
  facet normal 0 0 1
    outer loop
      vertex 10.011610336601734 22.71191543340683 1.5
      vertex 10.006053857505322 22.752067282795906 1.5
      vertex 9.863437503576279 22.973949998617172 1.5
    endloop
  endfacet
  facet normal 0 0 1
    outer loop
      vertex 10.006053857505322 22.752067282795906 1.5
      vertex 9.996793054044247 22.790105558931828 1.5
      vertex 9.894924230873585 22.948593206703663 1.5
    endloop
  endfacet
  facet normal 0 0 1
    outer loop
      vertex 9.996793054044247 22.790105558931828 1.5
      vertex 9.98382793366909 22.826030246913433 1.5
      vertex 9.922706633806229 22.921122841537 1.5
    endloop
  endfacet
  facet normal 0 0 1
    outer loop
      vertex 9.98382793366909 22.826030246913433 1.5
      vertex 9.967158488929272 22.859841361641884 1.5
      vertex 9.946784719824791 22.89153888821602 1.5
    endloop
  endfacet
  facet normal 0 0 1
    outer loop
      vertex 9.996793054044247 22.790105558931828 1.5
      vertex 9.922706633806229 22.921122841537 1.5
      vertex 9.894924230873585 22.948593206703663 1.5
    endloop
  endfacet
  facet normal 0 0 1
    outer loop
      vertex 9.98382793366909 22.826030246913433 1.5
      vertex 9.946784719824791 22.89153888821602 1.5
      vertex 9.922706633806229 22.921122841537 1.5
    endloop
  endfacet
  facet normal 0 0 1
    outer loop
      vertex 10.109127007424831 23.100253395736217 1.5
      vertex 10.07376404106617 23.360720060765743 1.5
      vertex 10.068651385605335 23.126247219741344 1.5
    endloop
  endfacet
  facet normal 0 0 1
    outer loop
      vertex 10.26417639106512 22.929975003004074 1.5
      vertex 10.207498610019684 23.524838887155056 1.5
      vertex 10.240230709314346 22.968317590653896 1.5
    endloop
  endfacet
  facet normal 0 0 1
    outer loop
      vertex 10.146672375500202 23.07124599069357 1.5
      vertex 10.106509417295456 23.389132097363472 1.5
      vertex 10.109127007424831 23.100253395736217 1.5
    endloop
  endfacet
  facet normal 0 0 1
    outer loop
      vertex 10.181287497282028 23.03922499716282 1.5
      vertex 10.13638749718666 23.41982500255108 1.5
      vertex 10.146672375500202 23.07124599069357 1.5
    endloop
  endfacet
  facet normal 0 0 1
    outer loop
      vertex 10.212601080536842 23.00473426282406 1.5
      vertex 10.16325169801712 23.452715434134007 1.5
      vertex 10.181287497282028 23.03922499716282 1.5
    endloop
  endfacet
  facet normal 0 0 1
    outer loop
      vertex 10.240230709314346 22.968317590653896 1.5
      vertex 10.186955399811268 23.48772006481886 1.5
      vertex 10.212601080536842 23.00473426282406 1.5
    endloop
  endfacet
  facet normal 0 0 1
    outer loop
      vertex 9.423512503504753 23.347774997353554 1.5
      vertex 9.477876082062721 23.349124997854233 1.5
      vertex 9.03769675642252 23.819150306284428 1.5
    endloop
  endfacet
  facet normal 0 0 1
    outer loop
      vertex 9.477876082062721 23.349124997854233 1.5
      vertex 9.529455706477165 23.35317499935627 1.5
      vertex 9.417330712080002 24.168292589485645 1.5
    endloop
  endfacet
  facet normal 0 0 1
    outer loop
      vertex 9.76426249742508 23.21892499923706 1.5
      vertex 9.822319597005844 23.21101265400648 1.5
      vertex 9.76426249742508 23.22569999843836 1.5
    endloop
  endfacet
  facet normal 0 0 1
    outer loop
      vertex 9.822319597005844 23.21101265400648 1.5
      vertex 9.817078858613968 23.238145984709263 1.5
      vertex 9.76426249742508 23.22569999843836 1.5
    endloop
  endfacet
  facet normal 0 0 1
    outer loop
      vertex 9.822319597005844 23.21101265400648 1.5
      vertex 9.867027930915356 23.252872839570045 1.5
      vertex 9.817078858613968 23.238145984709263 1.5
    endloop
  endfacet
  facet normal 0 0 1
    outer loop
      vertex 9.822319597005844 23.21101265400648 1.5
      vertex 9.877446450293064 23.20008672773838 1.5
      vertex 9.867027930915356 23.252872839570045 1.5
    endloop
  endfacet
  facet normal 0 0 1
    outer loop
      vertex 9.92964305728674 23.18614722043276 1.5
      vertex 9.914109721779823 23.269880555570126 1.5
      vertex 9.877446450293064 23.20008672773838 1.5
    endloop
  endfacet
  facet normal 0 0 1
    outer loop
      vertex 9.867027930915356 23.252872839570045 1.5
      vertex 9.877446450293064 23.20008672773838 1.5
      vertex 9.914109721779823 23.269880555570126 1.5
    endloop
  endfacet
  facet normal 0 0 1
    outer loop
      vertex 9.97890941053629 23.169194132089615 1.5
      vertex 9.95832423120737 23.289169132709503 1.5
      vertex 9.92964305728674 23.18614722043276 1.5
    endloop
  endfacet
  facet normal 0 0 1
    outer loop
      vertex 10.025245524942875 23.14922747015953 1.5
      vertex 9.999671451747417 23.31073857843876 1.5
      vertex 9.97890941053629 23.169194132089615 1.5
    endloop
  endfacet
  facet normal 0 0 1
    outer loop
      vertex 9.92964305728674 23.18614722043276 1.5
      vertex 9.95832423120737 23.289169132709503 1.5
      vertex 9.914109721779823 23.269880555570126 1.5
    endloop
  endfacet
  facet normal 0 0 1
    outer loop
      vertex 10.068651385605335 23.126247219741344 1.5
      vertex 10.038151390850544 23.334588885307312 1.5
      vertex 10.025245524942875 23.14922747015953 1.5
    endloop
  endfacet
  facet normal 0 0 1
    outer loop
      vertex 9.97890941053629 23.169194132089615 1.5
      vertex 9.999671451747417 23.31073857843876 1.5
      vertex 9.95832423120737 23.289169132709503 1.5
    endloop
  endfacet
  facet normal 0 0 1
    outer loop
      vertex 10.025245524942875 23.14922747015953 1.5
      vertex 10.038151390850544 23.334588885307312 1.5
      vertex 9.999671451747417 23.31073857843876 1.5
    endloop
  endfacet
  facet normal 0 0 1
    outer loop
      vertex 10.068651385605335 23.126247219741344 1.5
      vertex 10.07376404106617 23.360720060765743 1.5
      vertex 10.038151390850544 23.334588885307312 1.5
    endloop
  endfacet
  facet normal 0 0 1
    outer loop
      vertex 10.109127007424831 23.100253395736217 1.5
      vertex 10.106509417295456 23.389132097363472 1.5
      vertex 10.07376404106617 23.360720060765743 1.5
    endloop
  endfacet
  facet normal 0 0 1
    outer loop
      vertex 10.146672375500202 23.07124599069357 1.5
      vertex 10.13638749718666 23.41982500255108 1.5
      vertex 10.106509417295456 23.389132097363472 1.5
    endloop
  endfacet
  facet normal 0 0 1
    outer loop
      vertex 10.181287497282028 23.03922499716282 1.5
      vertex 10.16325169801712 23.452715434134007 1.5
      vertex 10.13638749718666 23.41982500255108 1.5
    endloop
  endfacet
  facet normal 0 0 1
    outer loop
      vertex 10.212601080536842 23.00473426282406 1.5
      vertex 10.186955399811268 23.48772006481886 1.5
      vertex 10.16325169801712 23.452715434134007 1.5
    endloop
  endfacet
  facet normal 0 0 1
    outer loop
      vertex 10.240230709314346 22.968317590653896 1.5
      vertex 10.207498610019684 23.524838887155056 1.5
      vertex 10.186955399811268 23.48772006481886 1.5
    endloop
  endfacet
  facet normal 0 0 1
    outer loop
      vertex 10.26417639106512 22.929975003004074 1.5
      vertex 10.224881328642368 23.56407191604376 1.5
      vertex 10.207498610019684 23.524838887155056 1.5
    endloop
  endfacet
  facet normal 0 0 1
    outer loop
      vertex 10.284438118338585 22.88970648497343 1.5
      vertex 10.23910354822874 23.605419136583805 1.5
      vertex 10.224881328642368 23.56407191604376 1.5
    endloop
  endfacet
  facet normal 0 0 1
    outer loop
      vertex 9.624263115227222 23.369374997913837 1.5
      vertex 9.667490892112255 23.38152500241995 1.5
      vertex 9.949345521628857 23.80130308866501 1.5
    endloop
  endfacet
  facet normal 0 0 1
    outer loop
      vertex 9.667490892112255 23.38152500241995 1.5
      vertex 9.707934722304344 23.396375000476837 1.5
      vertex 9.950737498700619 23.759724996984005 1.5
    endloop
  endfacet
  facet normal 0 0 1
    outer loop
      vertex 9.78047052770853 23.43417499959469 1.5
      vertex 9.812562502920628 23.45712500065565 1.5
      vertex 9.943914040923119 23.677979320287704 1.5
    endloop
  endfacet
  facet normal 0 0 1
    outer loop
      vertex 9.745594598352909 23.413924999535084 1.5
      vertex 9.78047052770853 23.43417499959469 1.5
      vertex 9.949031636118889 23.71781636029482 1.5
    endloop
  endfacet
  facet normal 0 0 1
    outer loop
      vertex 9.707934722304344 23.396375000476837 1.5
      vertex 9.745594598352909 23.413924999535084 1.5
      vertex 9.950737498700619 23.759724996984005 1.5
    endloop
  endfacet
  facet normal 0 0 1
    outer loop
      vertex 9.867150157690048 23.50986821204424 1.5
      vertex 9.889326386153698 23.53934722393751 1.5
      vertex 9.908090896904469 23.570897839963436 1.5
    endloop
  endfacet
  facet normal 0 0 1
    outer loop
      vertex 9.841562189161777 23.48246080428362 1.5
      vertex 9.867150157690048 23.50986821204424 1.5
      vertex 9.923443675041199 23.604520060122013 1.5
    endloop
  endfacet
  facet normal 0 0 1
    outer loop
      vertex 9.812562502920628 23.45712500065565 1.5
      vertex 9.841562189161777 23.48246080428362 1.5
      vertex 9.935384720563889 23.640213891863823 1.5
    endloop
  endfacet
  facet normal 0 0 1
    outer loop
      vertex 9.867150157690048 23.50986821204424 1.5
      vertex 9.908090896904469 23.570897839963436 1.5
      vertex 9.923443675041199 23.604520060122013 1.5
    endloop
  endfacet
  facet normal 0 0 1
    outer loop
      vertex 9.841562189161777 23.48246080428362 1.5
      vertex 9.923443675041199 23.604520060122013 1.5
      vertex 9.935384720563889 23.640213891863823 1.5
    endloop
  endfacet
  facet normal 0 0 1
    outer loop
      vertex 9.812562502920628 23.45712500065565 1.5
      vertex 9.935384720563889 23.640213891863823 1.5
      vertex 9.943914040923119 23.677979320287704 1.5
    endloop
  endfacet
  facet normal 0 0 1
    outer loop
      vertex 9.78047052770853 23.43417499959469 1.5
      vertex 9.943914040923119 23.677979320287704 1.5
      vertex 9.949031636118889 23.71781636029482 1.5
    endloop
  endfacet
  facet normal 0 0 1
    outer loop
      vertex 2 27 1.5
      vertex 6.885512501001358 22.259374998509884 1.5
      vertex 7.494112499058247 22.259374998509884 1.5
    endloop
  endfacet
  facet normal 0 0 1
    outer loop
      vertex 2 27 1.5
      vertex 7.494112499058247 22.259374998509884 1.5
      vertex 6.955012500286102 23.712274998426437 1.5
    endloop
  endfacet
  facet normal 0 0 1
    outer loop
      vertex 2 27 1.5
      vertex 6.955012500286102 23.712274998426437 1.5
      vertex 6.955012500286102 24.000474996864796 1.5
    endloop
  endfacet
  facet normal 0 0 1
    outer loop
      vertex 2 27 1.5
      vertex 6.955012500286102 24.000474996864796 1.5
      vertex 7.5195624977350235 24.388700000941753 1.5
    endloop
  endfacet
  facet normal 0 0 1
    outer loop
      vertex 2 27 1.5
      vertex 7.5195624977350235 24.388700000941753 1.5
      vertex 7.800987496972084 24.388700000941753 1.5
    endloop
  endfacet
  facet normal 0 0 1
    outer loop
      vertex 2 27 1.5
      vertex 7.800987496972084 24.388700000941753 1.5
      vertex 9.178028546273708 24.373543828725815 1.5
    endloop
  endfacet
  facet normal 0 0 1
    outer loop
      vertex 2 27 1.5
      vertex 9.178028546273708 24.373543828725815 1.5
      vertex 9.237834103405476 24.391816049814224 1.5
    endloop
  endfacet
  facet normal 0 0 1
    outer loop
      vertex 2 27 1.5
      vertex 9.237834103405476 24.391816049814224 1.5
      vertex 9.30059027671814 24.406027778983116 1.5
    endloop
  endfacet
  facet normal 0 0 1
    outer loop
      vertex 2 27 1.5
      vertex 9.30059027671814 24.406027778983116 1.5
      vertex 9.3662970662117 24.41617900878191 1.5
    endloop
  endfacet
  facet normal 0 0 1
    outer loop
      vertex 2 27 1.5
      vertex 9.3662970662117 24.41617900878191 1.5
      vertex 9.434954471886158 24.422269754111767 1.5
    endloop
  endfacet
  facet normal 0 0 1
    outer loop
      vertex 2 27 1.5
      vertex 9.434954471886158 24.422269754111767 1.5
      vertex 9.506562501192093 24.424300000071526 1.5
    endloop
  endfacet
  facet normal 0 0 1
    outer loop
      vertex 2 27 1.5
      vertex 9.506562501192093 24.424300000071526 1.5
      vertex 9.584456637501717 24.422238267958164 1.5
    endloop
  endfacet
  facet normal 0 0 1
    outer loop
      vertex 2 27 1.5
      vertex 9.584456637501717 24.422238267958164 1.5
      vertex 9.65839459747076 24.41605308651924 1.5
    endloop
  endfacet
  facet normal 0 0 1
    outer loop
      vertex 2 27 1.5
      vertex 9.65839459747076 24.41605308651924 1.5
      vertex 9.728376388549805 24.405744440853596 1.5
    endloop
  endfacet
  facet normal 0 0 1
    outer loop
      vertex 2 27 1.5
      vertex 9.728376388549805 24.405744440853596 1.5
      vertex 9.794402003288269 24.39131234586239 1.5
    endloop
  endfacet
  facet normal 0 0 1
    outer loop
      vertex 7.800987496972084 24.388700000941753 1.5
      vertex 9.257362499833107 23.347774997353554 1.5
      vertex 9.423512503504753 23.347774997353554 1.5
    endloop
  endfacet
  facet normal 0 0 1
    outer loop
      vertex 8.72503750026226 23.802124999463558 1.5
      vertex 8.734737195074558 23.86570678651333 1.5
      vertex 7.800987496972084 24.388700000941753 1.5
    endloop
  endfacet
  facet normal 0 0 1
    outer loop
      vertex 9.423512503504753 23.347774997353554 1.5
      vertex 8.72503750026226 23.802124999463558 1.5
      vertex 7.800987496972084 24.388700000941753 1.5
    endloop
  endfacet
  facet normal 0 0 1
    outer loop
      vertex 8.734737195074558 23.86570678651333 1.5
      vertex 8.748769596219063 23.926107719540596 1.5
      vertex 7.800987496972084 24.388700000941753 1.5
    endloop
  endfacet
  facet normal 0 0 1
    outer loop
      vertex 8.748769596219063 23.926107719540596 1.5
      vertex 8.767134718596935 23.98332777619362 1.5
      vertex 7.800987496972084 24.388700000941753 1.5
    endloop
  endfacet
  facet normal 0 0 1
    outer loop
      vertex 8.767134718596935 23.98332777619362 1.5
      vertex 8.789832562208176 24.03736697882414 1.5
      vertex 7.800987496972084 24.388700000941753 1.5
    endloop
  endfacet
  facet normal 0 0 1
    outer loop
      vertex 8.789832562208176 24.03736697882414 1.5
      vertex 8.816863119602203 24.088225305080414 1.5
      vertex 7.800987496972084 24.388700000941753 1.5
    endloop
  endfacet
  facet normal 0 0 1
    outer loop
      vertex 8.816863119602203 24.088225305080414 1.5
      vertex 8.848226390779018 24.135902777314186 1.5
      vertex 7.800987496972084 24.388700000941753 1.5
    endloop
  endfacet
  facet normal 0 0 1
    outer loop
      vertex 8.848226390779018 24.135902777314186 1.5
      vertex 8.88392237573862 24.180399380624294 1.5
      vertex 7.800987496972084 24.388700000941753 1.5
    endloop
  endfacet
  facet normal 0 0 1
    outer loop
      vertex 8.88392237573862 24.180399380624294 1.5
      vertex 8.923951081931591 24.22171512246132 1.5
      vertex 7.800987496972084 24.388700000941753 1.5
    endloop
  endfacet
  facet normal 0 0 1
    outer loop
      vertex 8.923951081931591 24.22171512246132 1.5
      vertex 8.968312501907349 24.25985000282526 1.5
      vertex 7.800987496972084 24.388700000941753 1.5
    endloop
  endfacet
  facet normal 0 0 1
    outer loop
      vertex 8.968312501907349 24.25985000282526 1.5
      vertex 9.016315586864948 24.29436419904232 1.5
      vertex 7.800987496972084 24.388700000941753 1.5
    endloop
  endfacet
  facet normal 0 0 1
    outer loop
      vertex 9.016315586864948 24.29436419904232 1.5
      vertex 9.067269288003445 24.324817903339863 1.5
      vertex 7.800987496972084 24.388700000941753 1.5
    endloop
  endfacet
  facet normal 0 0 1
    outer loop
      vertex 9.067269288003445 24.324817903339863 1.5
      vertex 9.121173612773418 24.351211108267307 1.5
      vertex 7.800987496972084 24.388700000941753 1.5
    endloop
  endfacet
  facet normal 0 0 1
    outer loop
      vertex 9.121173612773418 24.351211108267307 1.5
      vertex 9.178028546273708 24.373543828725815 1.5
      vertex 7.800987496972084 24.388700000941753 1.5
    endloop
  endfacet
  facet normal 0 0 1
    outer loop
      vertex 9.423512503504753 23.347774997353554 1.5
      vertex 9.031887501478195 23.77837499976158 1.5
      vertex 8.72503750026226 23.802124999463558 1.5
    endloop
  endfacet
  facet normal 0 0 1
    outer loop
      vertex 9.423512503504753 23.347774997353554 1.5
      vertex 9.03769675642252 23.819150306284428 1.5
      vertex 9.031887501478195 23.77837499976158 1.5
    endloop
  endfacet
  facet normal 0 0 1
    outer loop
      vertex 9.477876082062721 23.349124997854233 1.5
      vertex 9.046080090105534 23.85783179104328 1.5
      vertex 9.03769675642252 23.819150306284428 1.5
    endloop
  endfacet
  facet normal 0 0 1
    outer loop
      vertex 9.477876082062721 23.349124997854233 1.5
      vertex 9.057037502527237 23.894419446587563 1.5
      vertex 9.046080090105534 23.85783179104328 1.5
    endloop
  endfacet
  facet normal 0 0 1
    outer loop
      vertex 9.477876082062721 23.349124997854233 1.5
      vertex 9.070568978786469 23.92891327291727 1.5
      vertex 9.057037502527237 23.894419446587563 1.5
    endloop
  endfacet
  facet normal 0 0 1
    outer loop
      vertex 9.477876082062721 23.349124997854233 1.5
      vertex 9.08667453378439 23.961313270032406 1.5
      vertex 9.070568978786469 23.92891327291727 1.5
    endloop
  endfacet
  facet normal 0 0 1
    outer loop
      vertex 9.477876082062721 23.349124997854233 1.5
      vertex 9.105354167521 23.99161944538355 1.5
      vertex 9.08667453378439 23.961313270032406 1.5
    endloop
  endfacet
  facet normal 0 0 1
    outer loop
      vertex 9.477876082062721 23.349124997854233 1.5
      vertex 9.150435648858547 24.045950308442116 1.5
      vertex 9.12660787254572 24.01983179152012 1.5
    endloop
  endfacet
  facet normal 0 0 1
    outer loop
      vertex 9.477876082062721 23.349124997854233 1.5
      vertex 9.12660787254572 24.01983179152012 1.5
      vertex 9.105354167521 23.99161944538355 1.5
    endloop
  endfacet
  facet normal 0 0 1
    outer loop
      vertex 9.477876082062721 23.349124997854233 1.5
      vertex 9.176837496459484 24.06997500360012 1.5
      vertex 9.150435648858547 24.045950308442116 1.5
    endloop
  endfacet
  facet normal 0 0 1
    outer loop
      vertex 9.578251391649246 23.359925001859665 1.5
      vertex 9.624263115227222 23.369374997913837 1.5
      vertex 9.551187500357628 24.17202901095152 1.5
    endloop
  endfacet
  facet normal 0 0 1
    outer loop
      vertex 9.529455706477165 23.35317499935627 1.5
      vertex 9.578251391649246 23.359925001859665 1.5
      vertex 9.503187499940395 24.17339999973774 1.5
    endloop
  endfacet
  facet normal 0 0 1
    outer loop
      vertex 9.477876082062721 23.349124997854233 1.5
      vertex 9.205478854477406 24.091681480407715 1.5
      vertex 9.176837496459484 24.06997500360012 1.5
    endloop
  endfacet
  facet normal 0 0 1
    outer loop
      vertex 9.477876082062721 23.349124997854233 1.5
      vertex 9.236025154590607 24.110834255814552 1.5
      vertex 9.205478854477406 24.091681480407715 1.5
    endloop
  endfacet
  facet normal 0 0 1
    outer loop
      vertex 9.477876082062721 23.349124997854233 1.5
      vertex 9.302832558751106 24.141478702425957 1.5
      vertex 9.268476389348507 24.127433329820633 1.5
    endloop
  endfacet
  facet normal 0 0 1
    outer loop
      vertex 9.477876082062721 23.349124997854233 1.5
      vertex 9.268476389348507 24.127433329820633 1.5
      vertex 9.236025154590607 24.110834255814552 1.5
    endloop
  endfacet
  facet normal 0 0 1
    outer loop
      vertex 9.477876082062721 23.349124997854233 1.5
      vertex 9.377259723842144 24.161908335983753 1.5
      vertex 9.339093670248985 24.152970373630524 1.5
    endloop
  endfacet
  facet normal 0 0 1
    outer loop
      vertex 9.477876082062721 23.349124997854233 1.5
      vertex 9.339093670248985 24.152970373630524 1.5
      vertex 9.302832558751106 24.141478702425957 1.5
    endloop
  endfacet
  facet normal 0 0 1
    outer loop
      vertex 9.477876082062721 23.349124997854233 1.5
      vertex 9.417330712080002 24.168292589485645 1.5
      vertex 9.377259723842144 24.161908335983753 1.5
    endloop
  endfacet
  facet normal 0 0 1
    outer loop
      vertex 9.529455706477165 23.35317499935627 1.5
      vertex 9.503187499940395 24.17339999973774 1.5
      vertex 9.459306634962559 24.17212314903736 1.5
    endloop
  endfacet
  facet normal 0 0 1
    outer loop
      vertex 9.529455706477165 23.35317499935627 1.5
      vertex 9.459306634962559 24.17212314903736 1.5
      vertex 9.417330712080002 24.168292589485645 1.5
    endloop
  endfacet
  facet normal 0 0 1
    outer loop
      vertex 9.624263115227222 23.369374997913837 1.5
      vertex 9.596487499773502 24.167916052043438 1.5
      vertex 9.551187500357628 24.17202901095152 1.5
    endloop
  endfacet
  facet normal 0 0 1
    outer loop
      vertex 9.578251391649246 23.359925001859665 1.5
      vertex 9.551187500357628 24.17202901095152 1.5
      vertex 9.503187499940395 24.17339999973774 1.5
    endloop
  endfacet
  facet normal 0 0 1
    outer loop
      vertex 9.624263115227222 23.369374997913837 1.5
      vertex 9.949345521628857 23.80130308866501 1.5
      vertex 9.945169597864151 23.840892903506756 1.5
    endloop
  endfacet
  facet normal 0 0 1
    outer loop
      vertex 9.745594598352909 23.413924999535084 1.5
      vertex 9.949031636118889 23.71781636029482 1.5
      vertex 9.950737498700619 23.759724996984005 1.5
    endloop
  endfacet
  facet normal 0 0 1
    outer loop
      vertex 9.667490892112255 23.38152500241995 1.5
      vertex 9.950737498700619 23.759724996984005 1.5
      vertex 9.949345521628857 23.80130308866501 1.5
    endloop
  endfacet
  facet normal 0 0 1
    outer loop
      vertex 9.624263115227222 23.369374997913837 1.5
      vertex 9.945169597864151 23.840892903506756 1.5
      vertex 9.938209719955921 23.878494441509247 1.5
    endloop
  endfacet
  facet normal 0 0 1
    outer loop
      vertex 9.624263115227222 23.369374997913837 1.5
      vertex 9.938209719955921 23.878494441509247 1.5
      vertex 9.928465895354748 23.914107717573643 1.5
    endloop
  endfacet
  facet normal 0 0 1
    outer loop
      vertex 9.624263115227222 23.369374997913837 1.5
      vertex 9.928465895354748 23.914107717573643 1.5
      vertex 9.91593811661005 23.947732716798782 1.5
    endloop
  endfacet
  facet normal 0 0 1
    outer loop
      vertex 9.624263115227222 23.369374997913837 1.5
      vertex 9.91593811661005 23.947732716798782 1.5
      vertex 9.900626391172409 23.979369446635246 1.5
    endloop
  endfacet
  facet normal 0 0 1
    outer loop
      vertex 9.624263115227222 23.369374997913837 1.5
      vertex 9.900626391172409 23.979369446635246 1.5
      vertex 9.882530711591244 24.009017899632454 1.5
    endloop
  endfacet
  facet normal 0 0 1
    outer loop
      vertex 9.624263115227222 23.369374997913837 1.5
      vertex 9.882530711591244 24.009017899632454 1.5
      vertex 9.861651077866554 24.036678083240986 1.5
    endloop
  endfacet
  facet normal 0 0 1
    outer loop
      vertex 9.624263115227222 23.369374997913837 1.5
      vertex 9.861651077866554 24.036678083240986 1.5
      vertex 9.837987497448921 24.062349997460842 1.5
    endloop
  endfacet
  facet normal 0 0 1
    outer loop
      vertex 9.624263115227222 23.369374997913837 1.5
      vertex 9.716187499463558 24.139125309884548 1.5
      vertex 9.678987503051758 24.151464194059372 1.5
    endloop
  endfacet
  facet normal 0 0 1
    outer loop
      vertex 9.624263115227222 23.369374997913837 1.5
      vertex 9.837987497448921 24.062349997460842 1.5
      vertex 9.811587497591972 24.08565679192543 1.5
    endloop
  endfacet
  facet normal 0 0 1
    outer loop
      vertex 9.624263115227222 23.369374997913837 1.5
      vertex 9.811587497591972 24.08565679192543 1.5
      vertex 9.782487496733665 24.106221601366997 1.5
    endloop
  endfacet
  facet normal 0 0 1
    outer loop
      vertex 9.624263115227222 23.369374997913837 1.5
      vertex 9.782487496733665 24.106221601366997 1.5
      vertex 9.750687502324581 24.124044448137283 1.5
    endloop
  endfacet
  facet normal 0 0 1
    outer loop
      vertex 9.624263115227222 23.369374997913837 1.5
      vertex 9.750687502324581 24.124044448137283 1.5
      vertex 9.716187499463558 24.139125309884548 1.5
    endloop
  endfacet
  facet normal 0 0 1
    outer loop
      vertex 9.624263115227222 23.369374997913837 1.5
      vertex 9.678987503051758 24.151464194059372 1.5
      vertex 9.639087498188019 24.161061108112335 1.5
    endloop
  endfacet
  facet normal 0 0 1
    outer loop
      vertex 9.624263115227222 23.369374997913837 1.5
      vertex 9.639087498188019 24.161061108112335 1.5
      vertex 9.596487499773502 24.167916052043438 1.5
    endloop
  endfacet
  facet normal 0 0 1
    outer loop
      vertex 2 27 1.5
      vertex 9.794402003288269 24.39131234586239 1.5
      vertex 11.633995831012726 23.852691665291786 1.5
    endloop
  endfacet
  facet normal 0 0 1
    outer loop
      vertex 2 27 1.5
      vertex 11.633995831012726 23.852691665291786 1.5
      vertex 11.652163423597813 23.92210277915001 1.5
    endloop
  endfacet
  facet normal 0 0 1
    outer loop
      vertex 2 27 1.5
      vertex 11.652163423597813 23.92210277915001 1.5
      vertex 11.67552176117897 23.98755833506584 1.5
    endloop
  endfacet
  facet normal 0 0 1
    outer loop
      vertex 2 27 1.5
      vertex 11.67552176117897 23.98755833506584 1.5
      vertex 11.704070836305618 24.049058333039284 1.5
    endloop
  endfacet
  facet normal 0 0 1
    outer loop
      vertex 2 27 1.5
      vertex 11.704070836305618 24.049058333039284 1.5
      vertex 11.737810648977757 24.106602780520916 1.5
    endloop
  endfacet
  facet normal 0 0 1
    outer loop
      vertex 2 27 1.5
      vertex 11.737810648977757 24.106602780520916 1.5
      vertex 11.776741206645966 24.160191670060158 1.5
    endloop
  endfacet
  facet normal 0 0 1
    outer loop
      vertex 2 27 1.5
      vertex 11.776741206645966 24.160191670060158 1.5
      vertex 11.820862501859665 24.20982500165701 1.5
    endloop
  endfacet
  facet normal 0 0 1
    outer loop
      vertex 2 27 1.5
      vertex 11.820862501859665 24.20982500165701 1.5
      vertex 11.869609102606773 24.25483827292919 1.5
    endloop
  endfacet
  facet normal 0 0 1
    outer loop
      vertex 2 27 1.5
      vertex 11.869609102606773 24.25483827292919 1.5
      vertex 11.92241558432579 24.294555865228176 1.5
    endloop
  endfacet
  facet normal 0 0 1
    outer loop
      vertex 2 27 1.5
      vertex 11.92241558432579 24.294555865228176 1.5
      vertex 11.979281947016716 24.328977778553963 1.5
    endloop
  endfacet
  facet normal 0 0 1
    outer loop
      vertex 2 27 1.5
      vertex 11.979281947016716 24.328977778553963 1.5
      vertex 12.040208175778389 24.35810401290655 1.5
    endloop
  endfacet
  facet normal 0 0 1
    outer loop
      vertex 2 27 1.5
      vertex 12.040208175778389 24.35810401290655 1.5
      vertex 12.105194292962551 24.381934568285942 1.5
    endloop
  endfacet
  facet normal 0 0 1
    outer loop
      vertex 2 27 1.5
      vertex 12.105194292962551 24.381934568285942 1.5
      vertex 12.17424027621746 24.400469444692135 1.5
    endloop
  endfacet
  facet normal 0 0 1
    outer loop
      vertex 2 27 1.5
      vertex 12.17424027621746 24.400469444692135 1.5
      vertex 12.247346140444279 24.41370864212513 1.5
    endloop
  endfacet
  facet normal 0 0 1
    outer loop
      vertex 2 27 1.5
      vertex 12.247346140444279 24.41370864212513 1.5
      vertex 12.324511885643005 24.421652160584927 1.5
    endloop
  endfacet
  facet normal 0 0 1
    outer loop
      vertex 16.9 16.9 1.5
      vertex 9.441325768828392 21.968119755387306 1.5
      vertex 9.366135030984879 21.97417901456356 1.5
    endloop
  endfacet
  facet normal 0 0 1
    outer loop
      vertex 16.9 16.9 1.5
      vertex 9.520137496292591 21.966099999845028 1.5
      vertex 9.441325768828392 21.968119755387306 1.5
    endloop
  endfacet
  facet normal 0 0 1
    outer loop
      vertex 16.9 16.9 1.5
      vertex 9.604568675160408 21.968339502811432 1.5
      vertex 9.520137496292591 21.966099999845028 1.5
    endloop
  endfacet
  facet normal 0 0 1
    outer loop
      vertex 16.9 16.9 1.5
      vertex 9.68456219136715 21.975058026611805 1.5
      vertex 9.604568675160408 21.968339502811432 1.5
    endloop
  endfacet
  facet normal 0 0 1
    outer loop
      vertex 16.9 16.9 1.5
      vertex 9.760118052363396 21.986255556344986 1.5
      vertex 9.68456219136715 21.975058026611805 1.5
    endloop
  endfacet
  facet normal 0 0 1
    outer loop
      vertex 16.9 16.9 1.5
      vertex 9.831236265599728 22.001932099461555 1.5
      vertex 9.760118052363396 21.986255556344986 1.5
    endloop
  endfacet
  facet normal 0 0 1
    outer loop
      vertex 16.9 16.9 1.5
      vertex 9.897916823625565 22.022087655961514 1.5
      vertex 9.831236265599728 22.001932099461555 1.5
    endloop
  endfacet
  facet normal 0 0 1
    outer loop
      vertex 16.9 16.9 1.5
      vertex 9.960159718990326 22.04672222584486 1.5
      vertex 9.897916823625565 22.022087655961514 1.5
    endloop
  endfacet
  facet normal 0 0 1
    outer loop
      vertex 16.9 16.9 1.5
      vertex 10.017964966595173 22.075835801661015 1.5
      vertex 9.960159718990326 22.04672222584486 1.5
    endloop
  endfacet
  facet normal 0 0 1
    outer loop
      vertex 16.9 16.9 1.5
      vertex 10.071332558989525 22.109428398311138 1.5
      vertex 10.017964966595173 22.075835801661015 1.5
    endloop
  endfacet
  facet normal 0 0 1
    outer loop
      vertex 16.9 16.9 1.5
      vertex 10.120262503623962 22.14750000089407 1.5
      vertex 10.071332558989525 22.109428398311138 1.5
    endloop
  endfacet
  facet normal 0 0 1
    outer loop
      vertex 16.9 16.9 1.5
      vertex 10.164383798837662 22.189652778208256 1.5
      vertex 10.120262503623962 22.14750000089407 1.5
    endloop
  endfacet
  facet normal 0 0 1
    outer loop
      vertex 16.9 16.9 1.5
      vertex 10.20331434905529 22.235488891601562 1.5
      vertex 10.164383798837662 22.189652778208256 1.5
    endloop
  endfacet
  facet normal 0 0 1
    outer loop
      vertex 16.9 16.9 1.5
      vertex 10.800212502479553 22 1.5
      vertex 10.288961574435234 22.395097225904465 1.5
    endloop
  endfacet
  facet normal 0 0 1
    outer loop
      vertex 16.9 16.9 1.5
      vertex 10.237054169178009 22.28500833362341 1.5
      vertex 10.20331434905529 22.235488891601562 1.5
    endloop
  endfacet
  facet normal 0 0 1
    outer loop
      vertex 16.9 16.9 1.5
      vertex 10.265603244304657 22.338211111724377 1.5
      vertex 10.237054169178009 22.28500833362341 1.5
    endloop
  endfacet
  facet normal 0 0 1
    outer loop
      vertex 16.9 16.9 1.5
      vertex 10.288961574435234 22.395097225904465 1.5
      vertex 10.265603244304657 22.338211111724377 1.5
    endloop
  endfacet
  facet normal 0 0 1
    outer loop
      vertex 16.9 16.9 1.5
      vertex 11.130787499248981 22 1.5
      vertex 10.800212502479553 22 1.5
    endloop
  endfacet
  facet normal 0 0 1
    outer loop
      vertex 22 17 1.5
      vertex 11.130787499248981 22.37127500027418 1.5
      vertex 11.130787499248981 22 1.5
    endloop
  endfacet
  facet normal 0 0 1
    outer loop
      vertex 22 17 1.5
      vertex 12.073256634175777 22.00246573984623 1.5
      vertex 12.026176385581493 22.018466666340828 1.5
    endloop
  endfacet
  facet normal 0 0 1
    outer loop
      vertex 22 17 1.5
      vertex 12.026176385581493 22.018466666340828 1.5
      vertex 11.98183811455965 22.03737685084343 1.5
    endloop
  endfacet
  facet normal 0 0 1
    outer loop
      vertex 22 17 1.5
      vertex 11.98183811455965 22.03737685084343 1.5
      vertex 10.284438118338585 22.88970648497343 1.5
    endloop
  endfacet
  facet normal 0 0 1
    outer loop
      vertex 22 17 1.5
      vertex 10.30101589858532 22.847512036561966 1.5
      vertex 11.130787499248981 22.37127500027418 1.5
    endloop
  endfacet
  facet normal 0 0 1
    outer loop
      vertex 22 17 1.5
      vertex 10.284438118338585 22.88970648497343 1.5
      vertex 10.30101589858532 22.847512036561966 1.5
    endloop
  endfacet
  facet normal 0 0 1
    outer loop
      vertex 10.800212502479553 22 1.5
      vertex 10.800212502479553 22.37127500027418 1.5
      vertex 10.288961574435234 22.395097225904465 1.5
    endloop
  endfacet
  facet normal 0 0 1
    outer loop
      vertex 11.98183811455965 22.03737685084343 1.5
      vertex 11.940241821110249 22.059196293354034 1.5
      vertex 10.284438118338585 22.88970648497343 1.5
    endloop
  endfacet
  facet normal 0 0 1
    outer loop
      vertex 11.940241821110249 22.059196293354034 1.5
      vertex 11.901387497782707 22.083925001323223 1.5
      vertex 10.284438118338585 22.88970648497343 1.5
    endloop
  endfacet
  facet normal 0 0 1
    outer loop
      vertex 10.288961574435234 22.395097225904465 1.5
      vertex 10.800212502479553 22.37127500027418 1.5
      vertex 10.307129167020321 22.455666668713093 1.5
    endloop
  endfacet
  facet normal 0 0 1
    outer loop
      vertex 10.307129167020321 22.455666668713093 1.5
      vertex 10.800212502479553 22.37127500027418 1.5
      vertex 10.320106022059917 22.51991944760084 1.5
    endloop
  endfacet
  facet normal 0 0 1
    outer loop
      vertex 10.800212502479553 22.37127500027418 1.5
      vertex 10.327892132103443 22.58785555511713 1.5
      vertex 10.320106022059917 22.51991944760084 1.5
    endloop
  endfacet
  facet normal 0 0 1
    outer loop
      vertex 10.800212502479553 22.37127500027418 1.5
      vertex 10.330487497150898 22.65947499871254 1.5
      vertex 10.327892132103443 22.58785555511713 1.5
    endloop
  endfacet
  facet normal 0 0 1
    outer loop
      vertex 11.130787499248981 22.37127500027418 1.5
      vertex 10.313909724354744 22.80339166522026 1.5
      vertex 10.800212502479553 22.37127500027418 1.5
    endloop
  endfacet
  facet normal 0 0 1
    outer loop
      vertex 10.800212502479553 22.37127500027418 1.5
      vertex 10.328645527362823 22.709373146295547 1.5
      vertex 10.330487497150898 22.65947499871254 1.5
    endloop
  endfacet
  facet normal 0 0 1
    outer loop
      vertex 10.800212502479553 22.37127500027418 1.5
      vertex 10.323119595646858 22.757345370948315 1.5
      vertex 10.328645527362823 22.709373146295547 1.5
    endloop
  endfacet
  facet normal 0 0 1
    outer loop
      vertex 10.800212502479553 22.37127500027418 1.5
      vertex 10.313909724354744 22.80339166522026 1.5
      vertex 10.323119595646858 22.757345370948315 1.5
    endloop
  endfacet
  facet normal 0 0 1
    outer loop
      vertex 11.130787499248981 22.37127500027418 1.5
      vertex 10.30101589858532 22.847512036561966 1.5
      vertex 10.313909724354744 22.80339166522026 1.5
    endloop
  endfacet
  facet normal 0 0 1
    outer loop
      vertex 11.865086570382118 22.111897841095924 1.5
      vertex 11.831150464713573 22.143449693918228 1.5
      vertex 10.284438118338585 22.88970648497343 1.5
    endloop
  endfacet
  facet normal 0 0 1
    outer loop
      vertex 11.901387497782707 22.083925001323223 1.5
      vertex 11.865086570382118 22.111897841095924 1.5
      vertex 10.284438118338585 22.88970648497343 1.5
    endloop
  endfacet
  facet normal 0 0 1
    outer loop
      vertex 11.831150464713573 22.143449693918228 1.5
      vertex 11.799579165875912 22.178580552339554 1.5
      vertex 10.284438118338585 22.88970648497343 1.5
    endloop
  endfacet
  facet normal 0 0 1
    outer loop
      vertex 11.799579165875912 22.178580552339554 1.5
      vertex 11.770372688770294 22.217290431261063 1.5
      vertex 10.284438118338585 22.88970648497343 1.5
    endloop
  endfacet
  facet normal 0 0 1
    outer loop
      vertex 11.770372688770294 22.217290431261063 1.5
      vertex 11.74353101849556 22.259579323232174 1.5
      vertex 10.284438118338585 22.88970648497343 1.5
    endloop
  endfacet
  facet normal 0 0 1
    outer loop
      vertex 11.74353101849556 22.259579323232174 1.5
      vertex 11.71905416995287 22.305447220802307 1.5
      vertex 10.284438118338585 22.88970648497343 1.5
    endloop
  endfacet
  facet normal 0 0 1
    outer loop
      vertex 11.71905416995287 22.305447220802307 1.5
      vertex 11.696942128241062 22.354894138872623 1.5
      vertex 10.284438118338585 22.88970648497343 1.5
    endloop
  endfacet
  facet normal 0 0 1
    outer loop
      vertex 11.696942128241062 22.354894138872623 1.5
      vertex 11.6771949082613 22.40792006254196 1.5
      vertex 10.284438118338585 22.88970648497343 1.5
    endloop
  endfacet
  facet normal 0 0 1
    outer loop
      vertex 11.6771949082613 22.40792006254196 1.5
      vertex 11.659812502563 22.464524999260902 1.5
      vertex 10.284438118338585 22.88970648497343 1.5
    endloop
  endfacet
  facet normal 0 0 1
    outer loop
      vertex 12.076301082968712 22.304016046226025 1.5
      vertex 12.31928750127554 22.815449997782707 1.5
      vertex 12.036909721791744 22.34453611075878 1.5
    endloop
  endfacet
  facet normal 0 0 1
    outer loop
      vertex 12.036909721791744 22.34453611075878 1.5
      vertex 12.31928750127554 22.815449997782707 1.5
      vertex 12.002960339188576 22.39242345839739 1.5
    endloop
  endfacet
  facet normal 0 0 1
    outer loop
      vertex 12.002960339188576 22.39242345839739 1.5
      vertex 12.24929490685463 22.818170681595802 1.5
      vertex 11.974452935159206 22.447678089141846 1.5
    endloop
  endfacet
  facet normal 0 0 1
    outer loop
      vertex 11.659812502563 22.464524999260902 1.5
      vertex 11.947054170072079 22.913394443690777 1.5
      vertex 11.896150462329388 22.94876327365637 1.5
    endloop
  endfacet
  facet normal 0 0 1
    outer loop
      vertex 11.951387502253056 22.510300002992153 1.5
      vertex 12.001139350235462 22.883466973900795 1.5
      vertex 11.659812502563 22.464524999260902 1.5
    endloop
  endfacet
  facet normal 0 0 1
    outer loop
      vertex 11.974452935159206 22.447678089141846 1.5
      vertex 12.182483799755573 22.826332718133926 1.5
      vertex 11.951387502253056 22.510300002992153 1.5
    endloop
  endfacet
  facet normal 0 0 1
    outer loop
      vertex 11.659812502563 22.464524999260902 1.5
      vertex 12.001139350235462 22.883466973900795 1.5
      vertex 11.947054170072079 22.913394443690777 1.5
    endloop
  endfacet
  facet normal 0 0 1
    outer loop
      vertex 11.951387502253056 22.510300002992153 1.5
      vertex 12.0584060177207 22.858980864286423 1.5
      vertex 12.001139350235462 22.883466973900795 1.5
    endloop
  endfacet
  facet normal 0 0 1
    outer loop
      vertex 11.951387502253056 22.510300002992153 1.5
      vertex 12.182483799755573 22.826332718133926 1.5
      vertex 12.11885416507721 22.83993610739708 1.5
    endloop
  endfacet
  facet normal 0 0 1
    outer loop
      vertex 11.974452935159206 22.447678089141846 1.5
      vertex 12.24929490685463 22.818170681595802 1.5
      vertex 12.182483799755573 22.826332718133926 1.5
    endloop
  endfacet
  facet normal 0 0 1
    outer loop
      vertex 11.951387502253056 22.510300002992153 1.5
      vertex 12.11885416507721 22.83993610739708 1.5
      vertex 12.0584060177207 22.858980864286423 1.5
    endloop
  endfacet
  facet normal 0 0 1
    outer loop
      vertex 12.171409718692303 22.245077781379223 1.5
      vertex 12.227127008140087 22.226659566164017 1.5
      vertex 12.31928750127554 22.815449997782707 1.5
    endloop
  endfacet
  facet normal 0 0 1
    outer loop
      vertex 12.171409718692303 22.245077781379223 1.5
      vertex 12.31928750127554 22.815449997782707 1.5
      vertex 12.121134415268898 22.2708632722497 1.5
    endloop
  endfacet
  facet normal 0 0 1
    outer loop
      vertex 12.121134415268898 22.2708632722497 1.5
      vertex 12.31928750127554 22.815449997782707 1.5
      vertex 12.076301082968712 22.304016046226025 1.5
    endloop
  endfacet
  facet normal 0 0 1
    outer loop
      vertex 12.28828626871109 22.21560864150524 1.5
      vertex 12.354887500405312 22.211924999952316 1.5
      vertex 12.31928750127554 22.815449997782707 1.5
    endloop
  endfacet
  facet normal 0 0 1
    outer loop
      vertex 12.28828626871109 22.21560864150524 1.5
      vertex 12.31928750127554 22.815449997782707 1.5
      vertex 12.227127008140087 22.226659566164017 1.5
    endloop
  endfacet
  facet normal 0 0 1
    outer loop
      vertex 12.354887500405312 22.211924999952316 1.5
      vertex 12.411816820502281 22.214938886463642 1.5
      vertex 12.362589970231056 22.816590435802937 1.5
    endloop
  endfacet
  facet normal 0 0 1
    outer loop
      vertex 12.465815894305706 22.2239805534482 1.5
      vertex 12.516884721815586 22.23905000090599 1.5
      vertex 12.405097372829914 22.820011727511883 1.5
    endloop
  endfacet
  facet normal 0 0 1
    outer loop
      vertex 12.411816820502281 22.214938886463642 1.5
      vertex 12.465815894305706 22.2239805534482 1.5
      vertex 12.362589970231056 22.816590435802937 1.5
    endloop
  endfacet
  facet normal 0 0 1
    outer loop
      vertex 12.565023303031921 22.260147221386433 1.5
      vertex 12.610231637954712 22.287272222340107 1.5
      vertex 12.405097372829914 22.820011727511883 1.5
    endloop
  endfacet
  facet normal 0 0 1
    outer loop
      vertex 12.516884721815586 22.23905000090599 1.5
      vertex 12.565023303031921 22.260147221386433 1.5
      vertex 12.405097372829914 22.820011727511883 1.5
    endloop
  endfacet
  facet normal 0 0 1
    outer loop
      vertex 12.610231637954712 22.287272222340107 1.5
      vertex 12.652509719133377 22.320424996316433 1.5
      vertex 12.405097372829914 22.820011727511883 1.5
    endloop
  endfacet
  facet normal 0 0 1
    outer loop
      vertex 12.652509719133377 22.320424996316433 1.5
      vertex 12.691857561469078 22.359605558216572 1.5
      vertex 12.446809723973274 22.825713887810707 1.5
    endloop
  endfacet
  facet normal 0 0 1
    outer loop
      vertex 12.691857561469078 22.359605558216572 1.5
      vertex 12.728275157511234 22.40481388568878 1.5
      vertex 12.446809723973274 22.825713887810707 1.5
    endloop
  endfacet
  facet normal 0 0 1
    outer loop
      vertex 12.728275157511234 22.40481388568878 1.5
      vertex 12.761762499809265 22.456050001084805 1.5
      vertex 12.487727008759975 22.83369691669941 1.5
    endloop
  endfacet
  facet normal 0 0 1
    outer loop
      vertex 12.002960339188576 22.39242345839739 1.5
      vertex 12.31928750127554 22.815449997782707 1.5
      vertex 12.24929490685463 22.818170681595802 1.5
    endloop
  endfacet
  facet normal 0 0 1
    outer loop
      vertex 12.465815894305706 22.2239805534482 1.5
      vertex 12.405097372829914 22.820011727511883 1.5
      vertex 12.362589970231056 22.816590435802937 1.5
    endloop
  endfacet
  facet normal 0 0 1
    outer loop
      vertex 12.354887500405312 22.211924999952316 1.5
      vertex 12.362589970231056 22.816590435802937 1.5
      vertex 12.31928750127554 22.815449997782707 1.5
    endloop
  endfacet
  facet normal 0 0 1
    outer loop
      vertex 12.652509719133377 22.320424996316433 1.5
      vertex 12.446809723973274 22.825713887810707 1.5
      vertex 12.405097372829914 22.820011727511883 1.5
    endloop
  endfacet
  facet normal 0 0 1
    outer loop
      vertex 12.761762499809265 22.456050001084805 1.5
      vertex 12.792089350521564 22.512874379754066 1.5
      vertex 12.527849227190018 22.84396079927683 1.5
    endloop
  endfacet
  facet normal 0 0 1
    outer loop
      vertex 12.792089350521564 22.512874379754066 1.5
      vertex 12.819025464355946 22.574847534298897 1.5
      vertex 12.527849227190018 22.84396079927683 1.5
    endloop
  endfacet
  facet normal 0 0 1
    outer loop
      vertex 12.728275157511234 22.40481388568878 1.5
      vertex 12.487727008759975 22.83369691669941 1.5
      vertex 12.446809723973274 22.825713887810707 1.5
    endloop
  endfacet
  facet normal 0 0 1
    outer loop
      vertex 12.761762499809265 22.456050001084805 1.5
      vertex 12.527849227190018 22.84396079927683 1.5
      vertex 12.487727008759975 22.83369691669941 1.5
    endloop
  endfacet
  facet normal 0 0 1
    outer loop
      vertex 12.819025464355946 22.574847534298897 1.5
      vertex 12.567176386713982 22.856505557894707 1.5
      vertex 12.527849227190018 22.84396079927683 1.5
    endloop
  endfacet
  facet normal 0 0 1
    outer loop
      vertex 12.819025464355946 22.574847534298897 1.5
      vertex 12.842570833861828 22.641969442367554 1.5
      vertex 12.605708487331867 22.8713311702013 1.5
    endloop
  endfacet
  facet normal 0 0 1
    outer loop
      vertex 12.819025464355946 22.574847534298897 1.5
      vertex 12.605708487331867 22.8713311702013 1.5
      vertex 12.567176386713982 22.856505557894707 1.5
    endloop
  endfacet
  facet normal 0 0 1
    outer loop
      vertex 12.842570833861828 22.641969442367554 1.5
      vertex 12.862725466489792 22.71424012631178 1.5
      vertex 12.643445521593094 22.888437651097775 1.5
    endloop
  endfacet
  facet normal 0 0 1
    outer loop
      vertex 10.284438118338585 22.88970648497343 1.5
      vertex 10.224881328642368 23.56407191604376 1.5
      vertex 10.26417639106512 22.929975003004074 1.5
    endloop
  endfacet
  facet normal 0 0 1
    outer loop
      vertex 11.659812502563 22.464524999260902 1.5
      vertex 11.62018071115017 23.4658410474658 1.5
      vertex 10.284438118338585 22.88970648497343 1.5
    endloop
  endfacet
  facet normal 0 0 1
    outer loop
      vertex 10.284438118338585 22.88970648497343 1.5
      vertex 10.250165276229382 23.648880556225777 1.5
      vertex 10.23910354822874 23.605419136583805 1.5
    endloop
  endfacet
  facet normal 0 0 1
    outer loop
      vertex 10.284438118338585 22.88970648497343 1.5
      vertex 10.258066512644291 23.694456174969673 1.5
      vertex 10.250165276229382 23.648880556225777 1.5
    endloop
  endfacet
  facet normal 0 0 1
    outer loop
      vertex 10.284438118338585 22.88970648497343 1.5
      vertex 11.613023303449154 23.54150401055813 1.5
      vertex 10.262807250022888 23.742145985364914 1.5
    endloop
  endfacet
  facet normal 0 0 1
    outer loop
      vertex 10.284438118338585 22.88970648497343 1.5
      vertex 10.262807250022888 23.742145985364914 1.5
      vertex 10.258066512644291 23.694456174969673 1.5
    endloop
  endfacet
  facet normal 0 0 1
    outer loop
      vertex 10.284438118338585 22.88970648497343 1.5
      vertex 11.62018071115017 23.4658410474658 1.5
      vertex 11.613023303449154 23.54150401055813 1.5
    endloop
  endfacet
  facet normal 0 0 1
    outer loop
      vertex 11.659812502563 22.464524999260902 1.5
      vertex 11.84842824190855 22.98957345634699 1.5
      vertex 11.803887501358986 23.03582499921322 1.5
    endloop
  endfacet
  facet normal 0 0 1
    outer loop
      vertex 11.659812502563 22.464524999260902 1.5
      vertex 11.896150462329388 22.94876327365637 1.5
      vertex 11.84842824190855 22.98957345634699 1.5
    endloop
  endfacet
  facet normal 0 0 1
    outer loop
      vertex 11.659812502563 22.464524999260902 1.5
      vertex 11.803887501358986 23.03582499921322 1.5
      vertex 11.763328857719898 23.08658178895712 1.5
    endloop
  endfacet
  facet normal 0 0 1
    outer loop
      vertex 11.659812502563 22.464524999260902 1.5
      vertex 11.696526385843754 23.198769442737103 1.5
      vertex 11.670282565057278 23.260200306773186 1.5
    endloop
  endfacet
  facet normal 0 0 1
    outer loop
      vertex 11.659812502563 22.464524999260902 1.5
      vertex 11.763328857719898 23.08658178895712 1.5
      vertex 11.72754181921482 23.14089660346508 1.5
    endloop
  endfacet
  facet normal 0 0 1
    outer loop
      vertex 11.659812502563 22.464524999260902 1.5
      vertex 11.72754181921482 23.14089660346508 1.5
      vertex 11.696526385843754 23.198769442737103 1.5
    endloop
  endfacet
  facet normal 0 0 1
    outer loop
      vertex 11.659812502563 22.464524999260902 1.5
      vertex 11.670282565057278 23.260200306773186 1.5
      vertex 11.648810341954231 23.32518919557333 1.5
    endloop
  endfacet
  facet normal 0 0 1
    outer loop
      vertex 11.659812502563 22.464524999260902 1.5
      vertex 11.648810341954231 23.32518919557333 1.5
      vertex 11.632109723985195 23.393736109137535 1.5
    endloop
  endfacet
  facet normal 0 0 1
    outer loop
      vertex 11.659812502563 22.464524999260902 1.5
      vertex 11.632109723985195 23.393736109137535 1.5
      vertex 11.62018071115017 23.4658410474658 1.5
    endloop
  endfacet
  facet normal 0 0 1
    outer loop
      vertex 12.842570833861828 22.641969442367554 1.5
      vertex 12.643445521593094 22.888437651097775 1.5
      vertex 12.605708487331867 22.8713311702013 1.5
    endloop
  endfacet
  facet normal 0 0 1
    outer loop
      vertex 12.862725466489792 22.71424012631178 1.5
      vertex 12.879489354789257 22.79165957123041 1.5
      vertex 12.680387496948242 22.907825000584126 1.5
    endloop
  endfacet
  facet normal 0 0 1
    outer loop
      vertex 12.862725466489792 22.71424012631178 1.5
      vertex 12.680387496948242 22.907825000584126 1.5
      vertex 12.643445521593094 22.888437651097775 1.5
    endloop
  endfacet
  facet normal 0 0 1
    outer loop
      vertex 12.879489354789257 22.79165957123041 1.5
      vertex 12.715738736093044 22.929101541638374 1.5
      vertex 12.680387496948242 22.907825000584126 1.5
    endloop
  endfacet
  facet normal 0 0 1
    outer loop
      vertex 12.879489354789257 22.79165957123041 1.5
      vertex 12.748703546822071 22.951864503324032 1.5
      vertex 12.715738736093044 22.929101541638374 1.5
    endloop
  endfacet
  facet normal 0 0 1
    outer loop
      vertex 12.748703546822071 22.951864503324032 1.5
      vertex 12.892862498760223 22.87422777712345 1.5
      vertex 12.779281944036484 22.976113885641098 1.5
    endloop
  endfacet
  facet normal 0 0 1
    outer loop
      vertex 12.257504165172577 23.073033332824707 1.5
      vertex 12.880480095744133 23.60030247271061 1.5
      vertex 12.21704676002264 23.086145371198654 1.5
    endloop
  endfacet
  facet normal 0 0 1
    outer loop
      vertex 12.300180092453957 23.063667595386505 1.5
      vertex 12.880480095744133 23.60030247271061 1.5
      vertex 12.257504165172577 23.073033332824707 1.5
    endloop
  endfacet
  facet normal 0 0 1
    outer loop
      vertex 12.178807869553566 23.103003703057766 1.5
      vertex 12.880480095744133 23.60030247271061 1.5
      vertex 12.142787501215935 23.123608335852623 1.5
    endloop
  endfacet
  facet normal 0 0 1
    outer loop
      vertex 12.108985647559166 23.147959262132645 1.5
      vertex 12.880480095744133 23.60030247271061 1.5
      vertex 12.07740231603384 23.17605648189783 1.5
    endloop
  endfacet
  facet normal 0 0 1
    outer loop
      vertex 12.142787501215935 23.123608335852623 1.5
      vertex 12.880480095744133 23.60030247271061 1.5
      vertex 12.108985647559166 23.147959262132645 1.5
    endloop
  endfacet
  facet normal 0 0 1
    outer loop
      vertex 12.21704676002264 23.086145371198654 1.5
      vertex 12.880480095744133 23.60030247271061 1.5
      vertex 12.178807869553566 23.103003703057766 1.5
    endloop
  endfacet
  facet normal 0 0 1
    outer loop
      vertex 12.048037499189377 23.207900002598763 1.5
      vertex 12.880480095744133 23.60030247271061 1.5
      vertex 12.02135169506073 23.242971912026405 1.5
    endloop
  endfacet
  facet normal 0 0 1
    outer loop
      vertex 12.02135169506073 23.242971912026405 1.5
      vertex 12.880480095744133 23.60030247271061 1.5
      vertex 11.997805401682854 23.280743211507797 1.5
    endloop
  endfacet
  facet normal 0 0 1
    outer loop
      vertex 11.997805401682854 23.280743211507797 1.5
      vertex 12.880480095744133 23.60030247271061 1.5
      vertex 11.977398611605167 23.321213886141777 1.5
    endloop
  endfacet
  facet normal 0 0 1
    outer loop
      vertex 12.07740231603384 23.17605648189783 1.5
      vertex 12.880480095744133 23.60030247271061 1.5
      vertex 12.048037499189377 23.207900002598763 1.5
    endloop
  endfacet
  facet normal 0 0 1
    outer loop
      vertex 12.345074534416199 23.058048151433468 1.5
      vertex 12.880480095744133 23.60030247271061 1.5
      vertex 12.300180092453957 23.063667595386505 1.5
    endloop
  endfacet
  facet normal 0 0 1
    outer loop
      vertex 12.345074534416199 23.058048151433468 1.5
      vertex 12.392187498509884 23.056175000965595 1.5
      vertex 12.880480095744133 23.60030247271061 1.5
    endloop
  endfacet
  facet normal 0 0 1
    outer loop
      vertex 12.392187498509884 23.056175000965595 1.5
      vertex 12.421340584754944 23.056917898356915 1.5
      vertex 12.880480095744133 23.60030247271061 1.5
    endloop
  endfacet
  facet normal 0 0 1
    outer loop
      vertex 12.421340584754944 23.056917898356915 1.5
      vertex 12.45003318041563 23.059146605432034 1.5
      vertex 12.880480095744133 23.60030247271061 1.5
    endloop
  endfacet
  facet normal 0 0 1
    outer loop
      vertex 12.45003318041563 23.059146605432034 1.5
      vertex 12.478265278041363 23.06286111474037 1.5
      vertex 12.880480095744133 23.60030247271061 1.5
    endloop
  endfacet
  facet normal 0 0 1
    outer loop
      vertex 12.478265278041363 23.06286111474037 1.5
      vertex 12.506036885082722 23.06806141883135 1.5
      vertex 12.880480095744133 23.60030247271061 1.5
    endloop
  endfacet
  facet normal 0 0 1
    outer loop
      vertex 12.506036885082722 23.06806141883135 1.5
      vertex 12.533347994089127 23.074747532606125 1.5
      vertex 12.880480095744133 23.60030247271061 1.5
    endloop
  endfacet
  facet normal 0 0 1
    outer loop
      vertex 12.533347994089127 23.074747532606125 1.5
      vertex 12.560198612511158 23.08291944116354 1.5
      vertex 12.880480095744133 23.60030247271061 1.5
    endloop
  endfacet
  facet normal 0 0 1
    outer loop
      vertex 12.560198612511158 23.08291944116354 1.5
      vertex 12.586588732898235 23.092577159404755 1.5
      vertex 12.880480095744133 23.60030247271061 1.5
    endloop
  endfacet
  facet normal 0 0 1
    outer loop
      vertex 12.586588732898235 23.092577159404755 1.5
      vertex 12.61251836270094 23.10372067987919 1.5
      vertex 12.880480095744133 23.60030247271061 1.5
    endloop
  endfacet
  facet normal 0 0 1
    outer loop
      vertex 12.61251836270094 23.10372067987919 1.5
      vertex 12.63798750191927 23.11635000258684 1.5
      vertex 12.880480095744133 23.60030247271061 1.5
    endloop
  endfacet
  facet normal 0 0 1
    outer loop
      vertex 12.63798750191927 23.11635000258684 1.5
      vertex 12.662635028362274 23.130345061421394 1.5
      vertex 12.880480095744133 23.60030247271061 1.5
    endloop
  endfacet
  facet normal 0 0 1
    outer loop
      vertex 12.662635028362274 23.130345061421394 1.5
      vertex 12.686088733375072 23.145574688911438 1.5
      vertex 12.880480095744133 23.60030247271061 1.5
    endloop
  endfacet
  facet normal 0 0 1
    outer loop
      vertex 12.686088733375072 23.145574688911438 1.5
      vertex 12.708348609507084 23.162038892507553 1.5
      vertex 12.880480095744133 23.60030247271061 1.5
    endloop
  endfacet
  facet normal 0 0 1
    outer loop
      vertex 12.708348609507084 23.162038892507553 1.5
      vertex 12.729414664208889 23.17973765730858 1.5
      vertex 12.880480095744133 23.60030247271061 1.5
    endloop
  endfacet
  facet normal 0 0 1
    outer loop
      vertex 12.729414664208889 23.17973765730858 1.5
      vertex 12.749286882579327 23.198670990765095 1.5
      vertex 12.880480095744133 23.60030247271061 1.5
    endloop
  endfacet
  facet normal 0 0 1
    outer loop
      vertex 12.749286882579327 23.198670990765095 1.5
      vertex 12.767965279519558 23.21883888542652 1.5
      vertex 12.880480095744133 23.60030247271061 1.5
    endloop
  endfacet
  facet normal 0 0 1
    outer loop
      vertex 12.767965279519558 23.21883888542652 1.5
      vertex 12.785449847579002 23.24024135619402 1.5
      vertex 12.880480095744133 23.60030247271061 1.5
    endloop
  endfacet
  facet normal 0 0 1
    outer loop
      vertex 11.977398611605167 23.321213886141777 1.5
      vertex 12.880480095744133 23.60030247271061 1.5
      vertex 11.960131324827671 23.364383950829506 1.5
    endloop
  endfacet
  facet normal 0 0 1
    outer loop
      vertex 11.960131324827671 23.364383950829506 1.5
      vertex 12.880480095744133 23.60030247271061 1.5
      vertex 11.946003548800945 23.410253398120403 1.5
    endloop
  endfacet
  facet normal 0 0 1
    outer loop
      vertex 11.946003548800945 23.410253398120403 1.5
      vertex 12.880480095744133 23.60030247271061 1.5
      vertex 11.93501527607441 23.45882222056389 1.5
    endloop
  endfacet
  facet normal 0 0 1
    outer loop
      vertex 11.93501527607441 23.45882222056389 1.5
      vertex 12.880480095744133 23.60030247271061 1.5
      vertex 11.927166514098644 23.510090433061123 1.5
    endloop
  endfacet
  facet normal 0 0 1
    outer loop
      vertex 11.927166514098644 23.510090433061123 1.5
      vertex 12.880480095744133 23.60030247271061 1.5
      vertex 11.922457255423069 23.564058028161526 1.5
    endloop
  endfacet
  facet normal 0 0 1
    outer loop
      vertex 11.922457255423069 23.564058028161526 1.5
      vertex 12.875582873821259 23.66017098724842 1.5
      vertex 11.920887500047684 23.620724998414516 1.5
    endloop
  endfacet
  facet normal 0 0 1
    outer loop
      vertex 11.922457255423069 23.564058028161526 1.5
      vertex 12.880480095744133 23.60030247271061 1.5
      vertex 12.875582873821259 23.66017098724842 1.5
    endloop
  endfacet
  facet normal 0 0 1
    outer loop
      vertex 12.879489354789257 22.79165957123041 1.5
      vertex 12.892862498760223 22.87422777712345 1.5
      vertex 12.748703546822071 22.951864503324032 1.5
    endloop
  endfacet
  facet normal 0 0 1
    outer loop
      vertex 12.892862498760223 22.87422777712345 1.5
      vertex 12.902844905853271 22.96194475144148 1.5
      vertex 12.807473920285702 23.001849688589573 1.5
    endloop
  endfacet
  facet normal 0 0 1
    outer loop
      vertex 12.779281944036484 22.976113885641098 1.5
      vertex 12.892862498760223 22.87422777712345 1.5
      vertex 12.807473920285702 23.001849688589573 1.5
    endloop
  endfacet
  facet normal 0 0 1
    outer loop
      vertex 12.833279475569725 23.029071912169456 1.5
      vertex 12.902844905853271 22.96194475144148 1.5
      vertex 12.856698609888554 23.05778055638075 1.5
    endloop
  endfacet
  facet normal 0 0 1
    outer loop
      vertex 12.807473920285702 23.001849688589573 1.5
      vertex 12.902844905853271 22.96194475144148 1.5
      vertex 12.833279475569725 23.029071912169456 1.5
    endloop
  endfacet
  facet normal 0 0 1
    outer loop
      vertex 12.902844905853271 22.96194475144148 1.5
      vertex 12.909436576068401 23.054810494184494 1.5
      vertex 12.856698609888554 23.05778055638075 1.5
    endloop
  endfacet
  facet normal 0 0 1
    outer loop
      vertex 12.856698609888554 23.05778055638075 1.5
      vertex 12.909436576068401 23.054810494184494 1.5
      vertex 12.877731330692768 23.08797561377287 1.5
    endloop
  endfacet
  facet normal 0 0 1
    outer loop
      vertex 12.877731330692768 23.08797561377287 1.5
      vertex 12.909436576068401 23.054810494184494 1.5
      vertex 12.896377623081207 23.11965709924698 1.5
    endloop
  endfacet
  facet normal 0 0 1
    outer loop
      vertex 12.896377623081207 23.11965709924698 1.5
      vertex 12.909436576068401 23.054810494184494 1.5
      vertex 12.912637501955032 23.152824997901917 1.5
    endloop
  endfacet
  facet normal 0 0 1
    outer loop
      vertex 12.785449847579002 23.24024135619402 1.5
      vertex 12.80174058675766 23.262878395617008 1.5
      vertex 12.878889046609402 23.476622842252254 1.5
    endloop
  endfacet
  facet normal 0 0 1
    outer loop
      vertex 12.80174058675766 23.262878395617008 1.5
      vertex 12.81683749705553 23.286750003695488 1.5
      vertex 12.874859720468521 23.44723889231682 1.5
    endloop
  endfacet
  facet normal 0 0 1
    outer loop
      vertex 12.81683749705553 23.286750003695488 1.5
      vertex 12.83053719252348 23.31161542981863 1.5
      vertex 12.853101387619972 23.363605558872223 1.5
    endloop
  endfacet
  facet normal 0 0 1
    outer loop
      vertex 12.81683749705553 23.286750003695488 1.5
      vertex 12.853101387619972 23.363605558872223 1.5
      vertex 12.861965894699097 23.390730246901512 1.5
    endloop
  endfacet
  facet normal 0 0 1
    outer loop
      vertex 12.83053719252348 23.31161542981863 1.5
      vertex 12.84262515604496 23.33723395317793 1.5
      vertex 12.853101387619972 23.363605558872223 1.5
    endloop
  endfacet
  facet normal 0 0 1
    outer loop
      vertex 12.81683749705553 23.286750003695488 1.5
      vertex 12.869218669831753 23.418608024716377 1.5
      vertex 12.874859720468521 23.44723889231682 1.5
    endloop
  endfacet
  facet normal 0 0 1
    outer loop
      vertex 12.81683749705553 23.286750003695488 1.5
      vertex 12.861965894699097 23.390730246901512 1.5
      vertex 12.869218669831753 23.418608024716377 1.5
    endloop
  endfacet
  facet normal 0 0 1
    outer loop
      vertex 12.785449847579002 23.24024135619402 1.5
      vertex 12.878889046609402 23.476622842252254 1.5
      vertex 12.881306633353233 23.506759874522686 1.5
    endloop
  endfacet
  facet normal 0 0 1
    outer loop
      vertex 12.80174058675766 23.262878395617008 1.5
      vertex 12.874859720468521 23.44723889231682 1.5
      vertex 12.878889046609402 23.476622842252254 1.5
    endloop
  endfacet
  facet normal 0 0 1
    outer loop
      vertex 12.785449847579002 23.24024135619402 1.5
      vertex 12.881306633353233 23.506759874522686 1.5
      vertex 12.882112503051758 23.537649996578693 1.5
    endloop
  endfacet
  facet normal 0 0 1
    outer loop
      vertex 12.785449847579002 23.24024135619402 1.5
      vertex 12.882112503051758 23.537649996578693 1.5
      vertex 12.880480095744133 23.60030247271061 1.5
    endloop
  endfacet
  facet normal 0 0 1
    outer loop
      vertex 22 17 1.5
      vertex 12.175643056631088 21.979191668331623 1.5
      vertex 12.123078860342503 21.989374071359634 1.5
    endloop
  endfacet
  facet normal 0 0 1
    outer loop
      vertex 22 17 1.5
      vertex 12.123078860342503 21.989374071359634 1.5
      vertex 12.073256634175777 22.00246573984623 1.5
    endloop
  endfacet
  facet normal 0 0 1
    outer loop
      vertex 22 17 1.5
      vertex 12.288997374475002 21.96755462884903 1.5
      vertex 12.230949230492115 21.971918515861034 1.5
    endloop
  endfacet
  facet normal 0 0 1
    outer loop
      vertex 22 17 1.5
      vertex 12.230949230492115 21.971918515861034 1.5
      vertex 12.175643056631088 21.979191668331623 1.5
    endloop
  endfacet
  facet normal 0 0 1
    outer loop
      vertex 22 17 1.5
      vertex 12.439732871949673 21.970181174576283 1.5
      vertex 12.349787503480911 21.966099999845028 1.5
    endloop
  endfacet
  facet normal 0 0 1
    outer loop
      vertex 22 17 1.5
      vertex 12.349787503480911 21.966099999845028 1.5
      vertex 12.288997374475002 21.96755462884903 1.5
    endloop
  endfacet
  facet normal 0 0 1
    outer loop
      vertex 22 17 1.5
      vertex 12.524968981742859 21.982424691319466 1.5
      vertex 12.439732871949673 21.970181174576283 1.5
    endloop
  endfacet
  facet normal 0 0 1
    outer loop
      vertex 22 17 1.5
      vertex 12.60549583286047 22.002830557525158 1.5
      vertex 12.524968981742859 21.982424691319466 1.5
    endloop
  endfacet
  facet normal 0 0 1
    outer loop
      vertex 22 17 1.5
      vertex 12.681313425302505 22.03139876574278 1.5
      vertex 12.60549583286047 22.002830557525158 1.5
    endloop
  endfacet
  facet normal 0 0 1
    outer loop
      vertex 22 17 1.5
      vertex 12.752421759068966 22.06812932342291 1.5
      vertex 12.681313425302505 22.03139876574278 1.5
    endloop
  endfacet
  facet normal 0 0 1
    outer loop
      vertex 22 17 1.5
      vertex 12.818820834159851 22.113022223114967 1.5
      vertex 12.752421759068966 22.06812932342291 1.5
    endloop
  endfacet
  facet normal 0 0 1
    outer loop
      vertex 22 17 1.5
      vertex 12.880510650575161 22.166077472269535 1.5
      vertex 12.818820834159851 22.113022223114967 1.5
    endloop
  endfacet
  facet normal 0 0 1
    outer loop
      vertex 22 17 1.5
      vertex 12.937491200864315 22.22729506343603 1.5
      vertex 12.880510650575161 22.166077472269535 1.5
    endloop
  endfacet
  facet normal 0 0 1
    outer loop
      vertex 22 17 1.5
      vertex 12.989762499928474 22.296674996614456 1.5
      vertex 12.937491200864315 22.22729506343603 1.5
    endloop
  endfacet
  facet normal 0 0 1
    outer loop
      vertex 22 17 1.5
      vertex 13.036911264061928 22.37365771830082 1.5
      vertex 12.989762499928474 22.296674996614456 1.5
    endloop
  endfacet
  facet normal 0 0 1
    outer loop
      vertex 22 17 1.5
      vertex 13.078513115644455 22.457672528922558 1.5
      vertex 13.036911264061928 22.37365771830082 1.5
    endloop
  endfacet
  facet normal 0 0 1
    outer loop
      vertex 22 17 1.5
      vertex 13.114568054676056 22.548719443380833 1.5
      vertex 13.078513115644455 22.457672528922558 1.5
    endloop
  endfacet
  facet normal 0 0 1
    outer loop
      vertex 22 17 1.5
      vertex 13.14507608115673 22.646798454225063 1.5
      vertex 13.114568054676056 22.548719443380833 1.5
    endloop
  endfacet
  facet normal 0 0 1
    outer loop
      vertex 22 17 1.5
      vertex 13.170037187635899 22.75190956890583 1.5
      vertex 13.14507608115673 22.646798454225063 1.5
    endloop
  endfacet
  facet normal 0 0 1
    outer loop
      vertex 22 17 1.5
      vertex 13.189451389014721 22.864052779972553 1.5
      vertex 13.170037187635899 22.75190956890583 1.5
    endloop
  endfacet
  facet normal 0 0 1
    outer loop
      vertex 22 17 1.5
      vertex 13.203318670392036 22.983228087425232 1.5
      vertex 13.189451389014721 22.864052779972553 1.5
    endloop
  endfacet
  facet normal 0 0 1
    outer loop
      vertex 22 17 1.5
      vertex 13.211639046669006 23.109435491263866 1.5
      vertex 13.203318670392036 22.983228087425232 1.5
    endloop
  endfacet
  facet normal 0 0 1
    outer loop
      vertex 22 17 1.5
      vertex 13.21441250294447 23.242674998939037 1.5
      vertex 13.211639046669006 23.109435491263866 1.5
    endloop
  endfacet
  facet normal 0 0 1
    outer loop
      vertex 22 17 1.5
      vertex 13.211879782378674 23.37049012631178 1.5
      vertex 13.21441250294447 23.242674998939037 1.5
    endloop
  endfacet
  facet normal 0 0 1
    outer loop
      vertex 22 17 1.5
      vertex 13.204281635582447 23.490979939699173 1.5
      vertex 13.211879782378674 23.37049012631178 1.5
    endloop
  endfacet
  facet normal 0 0 1
    outer loop
      vertex 22 17 1.5
      vertex 13.19161805510521 23.6041444465518 1.5
      vertex 13.204281635582447 23.490979939699173 1.5
    endloop
  endfacet
  facet normal 0 0 1
    outer loop
      vertex 22 17 1.5
      vertex 13.17388904094696 23.70998363941908 1.5
      vertex 13.19161805510521 23.6041444465518 1.5
    endloop
  endfacet
  facet normal 0 0 1
    outer loop
      vertex 10.262807250022888 23.742145985364914 1.5
      vertex 11.613232873380184 23.70200277864933 1.5
      vertex 10.264387503266335 23.79195000231266 1.5
    endloop
  endfacet
  facet normal 0 0 1
    outer loop
      vertex 10.264387503266335 23.79195000231266 1.5
      vertex 11.62101898342371 23.779325000941753 1.5
      vertex 10.261928237974644 23.856633335351944 1.5
    endloop
  endfacet
  facet normal 0 0 1
    outer loop
      vertex 10.261928237974644 23.856633335351944 1.5
      vertex 11.633995831012726 23.852691665291786 1.5
      vertex 10.254550464451313 23.91807222366333 1.5
    endloop
  endfacet
  facet normal 0 0 1
    outer loop
      vertex 10.254550464451313 23.91807222366333 1.5
      vertex 11.633995831012726 23.852691665291786 1.5
      vertex 10.242254167795181 23.97626666724682 1.5
    endloop
  endfacet
  facet normal 0 0 1
    outer loop
      vertex 10.242254167795181 23.97626666724682 1.5
      vertex 11.633995831012726 23.852691665291786 1.5
      vertex 10.225039355456829 24.03121666610241 1.5
    endloop
  endfacet
  facet normal 0 0 1
    outer loop
      vertex 11.633995831012726 23.852691665291786 1.5
      vertex 10.202906019985676 24.082922220230103 1.5
      vertex 10.225039355456829 24.03121666610241 1.5
    endloop
  endfacet
  facet normal 0 0 1
    outer loop
      vertex 11.633995831012726 23.852691665291786 1.5
      vertex 10.175854168832302 24.131383329629898 1.5
      vertex 10.202906019985676 24.082922220230103 1.5
    endloop
  endfacet
  facet normal 0 0 1
    outer loop
      vertex 11.613023303449154 23.54150401055813 1.5
      vertex 11.610637500882149 23.620724998414516 1.5
      vertex 10.262807250022888 23.742145985364914 1.5
    endloop
  endfacet
  facet normal 0 0 1
    outer loop
      vertex 10.262807250022888 23.742145985364914 1.5
      vertex 11.610637500882149 23.620724998414516 1.5
      vertex 11.613232873380184 23.70200277864933 1.5
    endloop
  endfacet
  facet normal 0 0 1
    outer loop
      vertex 10.264387503266335 23.79195000231266 1.5
      vertex 11.613232873380184 23.70200277864933 1.5
      vertex 11.62101898342371 23.779325000941753 1.5
    endloop
  endfacet
  facet normal 0 0 1
    outer loop
      vertex 10.261928237974644 23.856633335351944 1.5
      vertex 11.62101898342371 23.779325000941753 1.5
      vertex 11.633995831012726 23.852691665291786 1.5
    endloop
  endfacet
  facet normal 0 0 1
    outer loop
      vertex 11.633995831012726 23.852691665291786 1.5
      vertex 9.856471449136734 24.37275678664446 1.5
      vertex 9.914584718644619 24.350077778100967 1.5
    endloop
  endfacet
  facet normal 0 0 1
    outer loop
      vertex 11.633995831012726 23.852691665291786 1.5
      vertex 9.914584718644619 24.350077778100967 1.5
      vertex 9.968741819262505 24.323275305330753 1.5
    endloop
  endfacet
  facet normal 0 0 1
    outer loop
      vertex 11.633995831012726 23.852691665291786 1.5
      vertex 9.968741819262505 24.323275305330753 1.5
      vertex 10.01894274353981 24.292349383234978 1.5
    endloop
  endfacet
  facet normal 0 0 1
    outer loop
      vertex 11.633995831012726 23.852691665291786 1.5
      vertex 9.794402003288269 24.39131234586239 1.5
      vertex 9.856471449136734 24.37275678664446 1.5
    endloop
  endfacet
  facet normal 0 0 1
    outer loop
      vertex 11.633995831012726 23.852691665291786 1.5
      vertex 10.106994904577732 24.218572221696377 1.5
      vertex 10.143883794546127 24.176600001752377 1.5
    endloop
  endfacet
  facet normal 0 0 1
    outer loop
      vertex 11.633995831012726 23.852691665291786 1.5
      vertex 10.143883794546127 24.176600001752377 1.5
      vertex 10.175854168832302 24.131383329629898 1.5
    endloop
  endfacet
  facet normal 0 0 1
    outer loop
      vertex 11.633995831012726 23.852691665291786 1.5
      vertex 10.065187498927116 24.25729999691248 1.5
      vertex 10.106994904577732 24.218572221696377 1.5
    endloop
  endfacet
  facet normal 0 0 1
    outer loop
      vertex 11.633995831012726 23.852691665291786 1.5
      vertex 10.01894274353981 24.292349383234978 1.5
      vertex 10.065187498927116 24.25729999691248 1.5
    endloop
  endfacet
  facet normal 0 0 1
    outer loop
      vertex 11.920887500047684 23.620724998414516 1.5
      vertex 12.867420829832554 23.71725555509329 1.5
      vertex 11.922457255423069 23.676300309598446 1.5
    endloop
  endfacet
  facet normal 0 0 1
    outer loop
      vertex 12.841302312910557 23.823072835803032 1.5
      vertex 11.927166514098644 23.729259565472603 1.5
      vertex 11.922457255423069 23.676300309598446 1.5
    endloop
  endfacet
  facet normal 0 0 1
    outer loop
      vertex 12.841302312910557 23.823072835803032 1.5
      vertex 11.93501527607441 23.77960278093815 1.5
      vertex 11.927166514098644 23.729259565472603 1.5
    endloop
  endfacet
  facet normal 0 0 1
    outer loop
      vertex 12.841302312910557 23.823072835803032 1.5
      vertex 11.946003548800945 23.82732994109392 1.5
      vertex 11.93501527607441 23.77960278093815 1.5
    endloop
  endfacet
  facet normal 0 0 1
    outer loop
      vertex 11.920887500047684 23.620724998414516 1.5
      vertex 12.875582873821259 23.66017098724842 1.5
      vertex 12.867420829832554 23.71725555509329 1.5
    endloop
  endfacet
  facet normal 0 0 1
    outer loop
      vertex 11.922457255423069 23.676300309598446 1.5
      vertex 12.867420829832554 23.71725555509329 1.5
      vertex 12.85599397867918 23.771556176245213 1.5
    endloop
  endfacet
  facet normal 0 0 1
    outer loop
      vertex 12.841302312910557 23.823072835803032 1.5
      vertex 11.922457255423069 23.676300309598446 1.5
      vertex 12.85599397867918 23.771556176245213 1.5
    endloop
  endfacet
  facet normal 0 0 1
    outer loop
      vertex 12.841302312910557 23.823072835803032 1.5
      vertex 11.960131324827671 23.872441045939922 1.5
      vertex 11.946003548800945 23.82732994109392 1.5
    endloop
  endfacet
  facet normal 0 0 1
    outer loop
      vertex 12.841302312910557 23.823072835803032 1.5
      vertex 11.977398611605167 23.91493611037731 1.5
      vertex 11.960131324827671 23.872441045939922 1.5
    endloop
  endfacet
  facet normal 0 0 1
    outer loop
      vertex 12.841302312910557 23.823072835803032 1.5
      vertex 11.997805401682854 23.95481512695551 1.5
      vertex 11.977398611605167 23.91493611037731 1.5
    endloop
  endfacet
  facet normal 0 0 1
    outer loop
      vertex 12.841302312910557 23.823072835803032 1.5
      vertex 12.02135169506073 23.992078088223934 1.5
      vertex 11.997805401682854 23.95481512695551 1.5
    endloop
  endfacet
  facet normal 0 0 1
    outer loop
      vertex 12.841302312910557 23.823072835803032 1.5
      vertex 12.048037499189377 24.026725001633167 1.5
      vertex 12.02135169506073 23.992078088223934 1.5
    endloop
  endfacet
  facet normal 0 0 1
    outer loop
      vertex 12.048037499189377 24.026725001633167 1.5
      vertex 12.841302312910557 23.823072835803032 1.5
      vertex 12.077443979680538 24.058216974139214 1.5
    endloop
  endfacet
  facet normal 0 0 1
    outer loop
      vertex 12.077443979680538 24.058216974139214 1.5
      vertex 12.841302312910557 23.823072835803032 1.5
      vertex 12.10915231704712 24.08600401133299 1.5
    endloop
  endfacet
  facet normal 0 0 1
    outer loop
      vertex 12.10915231704712 24.08600401133299 1.5
      vertex 12.841302312910557 23.823072835803032 1.5
      vertex 12.143162496387959 24.110086113214493 1.5
    endloop
  endfacet
  facet normal 0 0 1
    outer loop
      vertex 12.143162496387959 24.110086113214493 1.5
      vertex 12.841302312910557 23.823072835803032 1.5
      vertex 12.179474540054798 24.130463272333145 1.5
    endloop
  endfacet
  facet normal 0 0 1
    outer loop
      vertex 12.179474540054798 24.130463272333145 1.5
      vertex 12.841302312910557 23.823072835803032 1.5
      vertex 12.218088425695896 24.147135496139526 1.5
    endloop
  endfacet
  facet normal 0 0 1
    outer loop
      vertex 12.218088425695896 24.147135496139526 1.5
      vertex 12.841302312910557 23.823072835803032 1.5
      vertex 12.259004168212414 24.160102777183056 1.5
    endloop
  endfacet
  facet normal 0 0 1
    outer loop
      vertex 12.259004168212414 24.160102777183056 1.5
      vertex 12.841302312910557 23.823072835803032 1.5
      vertex 12.823345832526684 23.87180555611849 1.5
    endloop
  endfacet
  facet normal 0 0 1
    outer loop
      vertex 12.30222176015377 24.169365122914314 1.5
      vertex 12.823345832526684 23.87180555611849 1.5
      vertex 12.802124537527561 23.91775432229042 1.5
    endloop
  endfacet
  facet normal 0 0 1
    outer loop
      vertex 12.347741201519966 24.1749225333333 1.5
      vertex 12.802124537527561 23.91775432229042 1.5
      vertex 12.777638427913189 23.96091913431883 1.5
    endloop
  endfacet
  facet normal 0 0 1
    outer loop
      vertex 12.395562499761581 24.176775000989437 1.5
      vertex 12.777638427913189 23.96091913431883 1.5
      vertex 12.749887503683567 24.001299999654293 1.5
    endloop
  endfacet
  facet normal 0 0 1
    outer loop
      vertex 12.259004168212414 24.160102777183056 1.5
      vertex 12.823345832526684 23.87180555611849 1.5
      vertex 12.30222176015377 24.169365122914314 1.5
    endloop
  endfacet
  facet normal 0 0 1
    outer loop
      vertex 12.30222176015377 24.169365122914314 1.5
      vertex 12.802124537527561 23.91775432229042 1.5
      vertex 12.347741201519966 24.1749225333333 1.5
    endloop
  endfacet
  facet normal 0 0 1
    outer loop
      vertex 12.749887503683567 24.001299999654293 1.5
      vertex 12.719394601881504 24.038128085434437 1.5
      vertex 12.443808488547802 24.174608640372753 1.5
    endloop
  endfacet
  facet normal 0 0 1
    outer loop
      vertex 12.719394601881504 24.038128085434437 1.5
      vertex 12.686682559549809 24.070623457431793 1.5
      vertex 12.48983533680439 24.168109565973282 1.5
    endloop
  endfacet
  facet normal 0 0 1
    outer loop
      vertex 12.347741201519966 24.1749225333333 1.5
      vertex 12.777638427913189 23.96091913431883 1.5
      vertex 12.395562499761581 24.176775000989437 1.5
    endloop
  endfacet
  facet normal 0 0 1
    outer loop
      vertex 12.395562499761581 24.176775000989437 1.5
      vertex 12.749887503683567 24.001299999654293 1.5
      vertex 12.443808488547802 24.174608640372753 1.5
    endloop
  endfacet
  facet normal 0 0 1
    outer loop
      vertex 12.719394601881504 24.038128085434437 1.5
      vertex 12.48983533680439 24.168109565973282 1.5
      vertex 12.443808488547802 24.174608640372753 1.5
    endloop
  endfacet
  facet normal 0 0 1
    outer loop
      vertex 12.686682559549809 24.070623457431793 1.5
      vertex 12.533643051981926 24.157277777791023 1.5
      vertex 12.48983533680439 24.168109565973282 1.5
    endloop
  endfacet
  facet normal 0 0 1
    outer loop
      vertex 12.686682559549809 24.070623457431793 1.5
      vertex 12.651751391589642 24.09878610819578 1.5
      vertex 12.533643051981926 24.157277777791023 1.5
    endloop
  endfacet
  facet normal 0 0 1
    outer loop
      vertex 12.651751391589642 24.09878610819578 1.5
      vertex 12.614601083099842 24.122616052627563 1.5
      vertex 12.57523163408041 24.142113268375397 1.5
    endloop
  endfacet
  facet normal 0 0 1
    outer loop
      vertex 12.651751391589642 24.09878610819578 1.5
      vertex 12.57523163408041 24.142113268375397 1.5
      vertex 12.533643051981926 24.157277777791023 1.5
    endloop
  endfacet
  facet normal 0 0 1
    outer loop
      vertex 13.17388904094696 23.70998363941908 1.5
      vertex 27.402900002896786 24.000474996864796 1.5
      vertex 13.151094600558281 23.80849753320217 1.5
    endloop
  endfacet
  facet normal 0 0 1
    outer loop
      vertex 13.151094600558281 23.80849753320217 1.5
      vertex 27.402900002896786 24.000474996864796 1.5
      vertex 13.12323471903801 23.899686112999916 1.5
    endloop
  endfacet
  facet normal 0 0 1
    outer loop
      vertex 13.12323471903801 23.899686112999916 1.5
      vertex 27.402900002896786 24.000474996864796 1.5
      vertex 13.090309411287308 23.983549386262894 1.5
    endloop
  endfacet
  facet normal 0 0 1
    outer loop
      vertex 13.090309411287308 23.983549386262894 1.5
      vertex 27.402900002896786 24.000474996864796 1.5
      vertex 13.052318669855595 24.060087345540524 1.5
    endloop
  endfacet
  facet normal 0 0 1
    outer loop
      vertex 12.961293056607246 24.191213577985764 1.5
      vertex 27.402900002896786 24.000474996864796 1.5
      vertex 12.908551387488842 24.245843209326267 1.5
    endloop
  endfacet
  facet normal 0 0 1
    outer loop
      vertex 13.052318669855595 24.060087345540524 1.5
      vertex 27.402900002896786 24.000474996864796 1.5
      vertex 13.009262502193451 24.129299998283386 1.5
    endloop
  endfacet
  facet normal 0 0 1
    outer loop
      vertex 13.009262502193451 24.129299998283386 1.5
      vertex 27.402900002896786 24.000474996864796 1.5
      vertex 12.961293056607246 24.191213577985764 1.5
    endloop
  endfacet
  facet normal 0 0 1
    outer loop
      vertex 12.908551387488842 24.245843209326267 1.5
      vertex 27.402900002896786 24.000474996864796 1.5
      vertex 12.851037502288818 24.293188892304897 1.5
    endloop
  endfacet
  facet normal 0 0 1
    outer loop
      vertex 12.788751386106014 24.333250619471073 1.5
      vertex 27.967450000345707 24.388700000941753 1.5
      vertex 12.72169305384159 24.366028398275375 1.5
    endloop
  endfacet
  facet normal 0 0 1
    outer loop
      vertex 12.851037502288818 24.293188892304897 1.5
      vertex 27.967450000345707 24.388700000941753 1.5
      vertex 12.788751386106014 24.333250619471073 1.5
    endloop
  endfacet
  facet normal 0 0 -1
    outer loop
      vertex 22 17 0
      vertex 41 17.1 0
      vertex 36 17 0
    endloop
  endfacet
  facet normal 0 0 1
    outer loop
      vertex 22 17 1.5
      vertex 36 17 1.5
      vertex 13.17388904094696 23.70998363941908 1.5
    endloop
  endfacet
  facet normal 0 0 -1
    outer loop
      vertex 2 27 0
      vertex 62 27 0
      vertex 22 17 0
    endloop
  endfacet
  facet normal 0 1 0
    outer loop
      vertex 2 27 0
      vertex 2 27 1.5
      vertex 62 27 1.5
    endloop
  endfacet
  facet normal 0 0 1
    outer loop
      vertex 36 17 1.5
      vertex 27.33340000361204 22 1.5
      vertex 13.17388904094696 23.70998363941908 1.5
    endloop
  endfacet
  facet normal 0 0 1
    outer loop
      vertex 13.17388904094696 23.70998363941908 1.5
      vertex 27.33340000361204 22 1.5
      vertex 27.33340000361204 22.259374998509884 1.5
    endloop
  endfacet
  facet normal 0 0 1
    outer loop
      vertex 13.17388904094696 23.70998363941908 1.5
      vertex 27.33340000361204 22.259374998509884 1.5
      vertex 27.402900002896786 23.712274998426437 1.5
    endloop
  endfacet
  facet normal 0 0 1
    outer loop
      vertex 36 17 1.5
      vertex 28.83034999668598 22 1.5
      vertex 27.33340000361204 22 1.5
    endloop
  endfacet
  facet normal 0 0 1
    outer loop
      vertex 27.33340000361204 22.259374998509884 1.5
      vertex 27.94200000166893 22.259374998509884 1.5
      vertex 27.402900002896786 23.712274998426437 1.5
    endloop
  endfacet
  facet normal 0 0 1
    outer loop
      vertex 27.94200000166893 22.259374998509884 1.5
      vertex 27.94200000166893 24.097099997103214 1.5
      vertex 27.402900002896786 23.712274998426437 1.5
    endloop
  endfacet
  facet normal 0 0 1
    outer loop
      vertex 28.83034999668598 22 1.5
      vertex 30.205375000834465 22 1.5
      vertex 28.83034999668598 22.259374998509884 1.5
    endloop
  endfacet
  facet normal 0 0 1
    outer loop
      vertex 28.83034999668598 22.259374998509884 1.5
      vertex 30.205375000834465 22 1.5
      vertex 29.079674996435642 22.540799997746944 1.5
    endloop
  endfacet
  facet normal 0 0 1
    outer loop
      vertex 30.205375000834465 22 1.5
      vertex 30.205375000834465 22.540799997746944 1.5
      vertex 29.079674996435642 22.540799997746944 1.5
    endloop
  endfacet
  facet normal 0 0 1
    outer loop
      vertex 30.493574999272823 22 1.5
      vertex 30.829250000417233 22.540799997746944 1.5
      vertex 30.493574999272823 22.540799997746944 1.5
    endloop
  endfacet
  facet normal 0 0 1
    outer loop
      vertex 28.83034999668598 22.259374998509884 1.5
      vertex 28.248874999582767 24.388700000941753 1.5
      vertex 28.248874999582767 22.259374998509884 1.5
    endloop
  endfacet
  facet normal 0 0 1
    outer loop
      vertex 28.83034999668598 22.259374998509884 1.5
      vertex 29.079674996435642 22.540799997746944 1.5
      vertex 28.248874999582767 24.388700000941753 1.5
    endloop
  endfacet
  facet normal 0 0 1
    outer loop
      vertex 28.248874999582767 24.388700000941753 1.5
      vertex 29.079674996435642 22.540799997746944 1.5
      vertex 29.079674996435642 22.778149999678135 1.5
    endloop
  endfacet
  facet normal 0 0 1
    outer loop
      vertex 29.388224996626377 22.815449997782707 1.5
      vertex 29.361100003123283 22.781549997627735 1.5
      vertex 30.205375000834465 22.781549997627735 1.5
    endloop
  endfacet
  facet normal 0 0 1
    outer loop
      vertex 29.388224996626377 22.815449997782707 1.5
      vertex 30.205375000834465 22.781549997627735 1.5
      vertex 29.479774996638298 22.9408999979496 1.5
    endloop
  endfacet
  facet normal 0 0 1
    outer loop
      vertex 29.479774996638298 22.9408999979496 1.5
      vertex 30.205375000834465 22.781549997627735 1.5
      vertex 30.091775000095367 23.842799998819828 1.5
    endloop
  endfacet
  facet normal 0 0 1
    outer loop
      vertex 30.829250000417233 22.781549997627735 1.5
      vertex 30.493574999272823 24.388700000941753 1.5
      vertex 30.493574999272823 22.781549997627735 1.5
    endloop
  endfacet
  facet normal 0 0 1
    outer loop
      vertex 30.205375000834465 22.781549997627735 1.5
      vertex 30.09694691002369 23.850546911358833 1.5
      vertex 30.091775000095367 23.842799998819828 1.5
    endloop
  endfacet
  facet normal 0 0 1
    outer loop
      vertex 30.205375000834465 22.781549997627735 1.5
      vertex 30.12307284027338 23.89325061440468 1.5
      vertex 30.115725614130497 23.880817286670208 1.5
    endloop
  endfacet
  facet normal 0 0 1
    outer loop
      vertex 30.205375000834465 22.781549997627735 1.5
      vertex 30.115725614130497 23.880817286670208 1.5
      vertex 30.108922220766544 23.869555555284023 1.5
    endloop
  endfacet
  facet normal 0 0 1
    outer loop
      vertex 30.205375000834465 22.781549997627735 1.5
      vertex 30.108922220766544 23.869555555284023 1.5
      vertex 30.10266265273094 23.859465435147285 1.5
    endloop
  endfacet
  facet normal 0 0 1
    outer loop
      vertex 30.205375000834465 22.781549997627735 1.5
      vertex 30.10266265273094 23.859465435147285 1.5
      vertex 30.09694691002369 23.850546911358833 1.5
    endloop
  endfacet
  facet normal 0 0 1
    outer loop
      vertex 30.205375000834465 22.781549997627735 1.5
      vertex 30.139398768544197 23.92163209617138 1.5
      vertex 30.130963891744614 23.906855553388596 1.5
    endloop
  endfacet
  facet normal 0 0 1
    outer loop
      vertex 30.205375000834465 22.781549997627735 1.5
      vertex 30.130963891744614 23.906855553388596 1.5
      vertex 30.12307284027338 23.89325061440468 1.5
    endloop
  endfacet
  facet normal 0 0 1
    outer loop
      vertex 30.205375000834465 22.781549997627735 1.5
      vertex 30.16719228029251 23.97154752910137 1.5
      vertex 30.157899998128414 23.954700000584126 1.5
    endloop
  endfacet
  facet normal 0 0 1
    outer loop
      vertex 30.205375000834465 22.781549997627735 1.5
      vertex 30.157899998128414 23.954700000584126 1.5
      vertex 30.14837747067213 23.93758025020361 1.5
    endloop
  endfacet
  facet normal 0 0 1
    outer loop
      vertex 30.205375000834465 22.781549997627735 1.5
      vertex 30.14837747067213 23.93758025020361 1.5
      vertex 30.139398768544197 23.92163209617138 1.5
    endloop
  endfacet
  facet normal 0 0 1
    outer loop
      vertex 30.205375000834465 22.781549997627735 1.5
      vertex 30.182763889431953 24.000094443559647 1.5
      vertex 30.175480246543884 23.986679010093212 1.5
    endloop
  endfacet
  facet normal 0 0 1
    outer loop
      vertex 30.205375000834465 22.781549997627735 1.5
      vertex 30.175480246543884 23.986679010093212 1.5
      vertex 30.16719228029251 23.97154752910137 1.5
    endloop
  endfacet
  facet normal 0 0 1
    outer loop
      vertex 30.205375000834465 22.781549997627735 1.5
      vertex 30.18904320895672 24.011793829500675 1.5
      vertex 30.182763889431953 24.000094443559647 1.5
    endloop
  endfacet
  facet normal 0 0 1
    outer loop
      vertex 30.205375000834465 22.781549997627735 1.5
      vertex 30.205375000834465 24.044550001621246 1.5
      vertex 30.20411728322506 24.041430860757828 1.5
    endloop
  endfacet
  facet normal 0 0 1
    outer loop
      vertex 30.205375000834465 22.781549997627735 1.5
      vertex 30.20411728322506 24.041430860757828 1.5
      vertex 30.20185524970293 24.036595679819584 1.5
    endloop
  endfacet
  facet normal 0 0 1
    outer loop
      vertex 30.205375000834465 22.781549997627735 1.5
      vertex 30.20185524970293 24.036595679819584 1.5
      vertex 30.198588885366917 24.030044443905354 1.5
    endloop
  endfacet
  facet normal 0 0 1
    outer loop
      vertex 30.205375000834465 22.781549997627735 1.5
      vertex 30.198588885366917 24.030044443905354 1.5
      vertex 30.19431821256876 24.021777160465717 1.5
    endloop
  endfacet
  facet normal 0 0 1
    outer loop
      vertex 30.205375000834465 22.781549997627735 1.5
      vertex 30.19431821256876 24.021777160465717 1.5
      vertex 30.18904320895672 24.011793829500675 1.5
    endloop
  endfacet
  facet normal 0 0 1
    outer loop
      vertex 13.17388904094696 23.70998363941908 1.5
      vertex 27.402900002896786 23.712274998426437 1.5
      vertex 27.402900002896786 24.000474996864796 1.5
    endloop
  endfacet
  facet normal 0 0 1
    outer loop
      vertex 12.851037502288818 24.293188892304897 1.5
      vertex 27.402900002896786 24.000474996864796 1.5
      vertex 27.967450000345707 24.388700000941753 1.5
    endloop
  endfacet
  facet normal 0 0 1
    outer loop
      vertex 2 27 1.5
      vertex 12.324511885643005 24.421652160584927 1.5
      vertex 62 27 1.5
    endloop
  endfacet
  facet normal 0 0 1
    outer loop
      vertex 28.248874999582767 24.388700000941753 1.5
      vertex 29.079674996435642 22.778149999678135 1.5
      vertex 30.17315000295639 24.388700000941753 1.5
    endloop
  endfacet
  facet normal 0 0 1
    outer loop
      vertex 62 27 1.5
      vertex 12.324511885643005 24.421652160584927 1.5
      vertex 12.40573749691248 24.424300000071526 1.5
    endloop
  endfacet
  facet normal 0 0 1
    outer loop
      vertex 62 27 1.5
      vertex 12.40573749691248 24.424300000071526 1.5
      vertex 12.491884723305702 24.4206580221653 1.5
    endloop
  endfacet
  facet normal 0 0 1
    outer loop
      vertex 62 27 1.5
      vertex 12.649862498044968 24.391522221267223 1.5
      vertex 12.72169305384159 24.366028398275375 1.5
    endloop
  endfacet
  facet normal 0 0 1
    outer loop
      vertex 62 27 1.5
      vertex 12.491884723305702 24.4206580221653 1.5
      vertex 12.573259718716145 24.409732095897198 1.5
    endloop
  endfacet
  facet normal 0 0 1
    outer loop
      vertex 62 27 1.5
      vertex 12.573259718716145 24.409732095897198 1.5
      vertex 12.649862498044968 24.391522221267223 1.5
    endloop
  endfacet
  facet normal 0 0 1
    outer loop
      vertex 36 17 1.5
      vertex 30.205375000834465 22 1.5
      vertex 28.83034999668598 22 1.5
    endloop
  endfacet
  facet normal 0 0 1
    outer loop
      vertex 36 17 1.5
      vertex 30.493574999272823 22 1.5
      vertex 30.205375000834465 22 1.5
    endloop
  endfacet
  facet normal 0 0 1
    outer loop
      vertex 30.493574999272823 22 1.5
      vertex 44.88551250100136 22 1.5
      vertex 30.829250000417233 22.540799997746944 1.5
    endloop
  endfacet
  facet normal 0 0 1
    outer loop
      vertex 30.829250000417233 22.540799997746944 1.5
      vertex 44.88551250100136 22.259374998509884 1.5
      vertex 30.829250000417233 22.781549997627735 1.5
    endloop
  endfacet
  facet normal 0 0 1
    outer loop
      vertex 36 17 1.5
      vertex 44.88551250100136 22 1.5
      vertex 30.493574999272823 22 1.5
    endloop
  endfacet
  facet normal 0 0 1
    outer loop
      vertex 30.829250000417233 22.540799997746944 1.5
      vertex 44.88551250100136 22 1.5
      vertex 44.88551250100136 22.259374998509884 1.5
    endloop
  endfacet
  facet normal 0 0 1
    outer loop
      vertex 30.829250000417233 22.781549997627735 1.5
      vertex 44.88551250100136 22.259374998509884 1.5
      vertex 45.49411249905825 22.259374998509884 1.5
    endloop
  endfacet
  facet normal 0 0 1
    outer loop
      vertex 30.829250000417233 22.781549997627735 1.5
      vertex 45.49411249905825 22.259374998509884 1.5
      vertex 44.9550125002861 23.712274998426437 1.5
    endloop
  endfacet
  facet normal 0 0 1
    outer loop
      vertex 30.829250000417233 22.781549997627735 1.5
      vertex 44.9550125002861 23.712274998426437 1.5
      vertex 44.9550125002861 24.000474996864796 1.5
    endloop
  endfacet
  facet normal 0 0 1
    outer loop
      vertex 30.829250000417233 22.781549997627735 1.5
      vertex 44.9550125002861 24.000474996864796 1.5
      vertex 30.493574999272823 24.388700000941753 1.5
    endloop
  endfacet
  facet normal 0 0 1
    outer loop
      vertex 62 27 1.5
      vertex 12.72169305384159 24.366028398275375 1.5
      vertex 27.967450000345707 24.388700000941753 1.5
    endloop
  endfacet
  facet normal 0 0 1
    outer loop
      vertex 44.9550125002861 24.000474996864796 1.5
      vertex 45.51956249773502 24.388700000941753 1.5
      vertex 30.493574999272823 24.388700000941753 1.5
    endloop
  endfacet
  facet normal 0 0 1
    outer loop
      vertex 62 27 1.5
      vertex 27.967450000345707 24.388700000941753 1.5
      vertex 28.248874999582767 24.388700000941753 1.5
    endloop
  endfacet
  facet normal 0 0 1
    outer loop
      vertex 62 27 1.5
      vertex 28.248874999582767 24.388700000941753 1.5
      vertex 30.17315000295639 24.388700000941753 1.5
    endloop
  endfacet
  facet normal 0 0 1
    outer loop
      vertex 62 27 1.5
      vertex 30.17315000295639 24.388700000941753 1.5
      vertex 30.493574999272823 24.388700000941753 1.5
    endloop
  endfacet
  facet normal 0 0 -1
    outer loop
      vertex 36 3 0
      vertex 41 3 0
      vertex 62 0 0
    endloop
  endfacet
  facet normal 0 -1 0
    outer loop
      vertex 2 0 1.5
      vertex 62 0 0
      vertex 62 0 1.5
    endloop
  endfacet
  facet normal 0 0 -1
    outer loop
      vertex 41 3 0
      vertex 55.1 3 0
      vertex 62 0 0
    endloop
  endfacet
  facet normal 0 0 -1
    outer loop
      vertex 55.1 3 0
      vertex 55.1 17.1 0
      vertex 62 0 0
    endloop
  endfacet
  facet normal 0 0 1
    outer loop
      vertex 41 3 1.5
      vertex 62 0 1.5
      vertex 55.1 3 1.5
    endloop
  endfacet
  facet normal 0 0 1
    outer loop
      vertex 55.1 3 1.5
      vertex 62 0 1.5
      vertex 55.1 17.1 1.5
    endloop
  endfacet
  facet normal 0.049067670415704694 -0.9987954563973426 0
    outer loop
      vertex 62 0 0
      vertex 62.19603428244591 0.009630545973777771 0
      vertex 62 0 1.5
    endloop
  endfacet
  facet normal 0.14673047607854153 -0.989176509724005 0
    outer loop
      vertex 62.19603428244591 0.009630545973777771 0
      vertex 62.3901806473732 0.038429439067840576 0
      vertex 62.19603428244591 0.009630545973777771 1.5
    endloop
  endfacet
  facet normal 0.24298019573678303 -0.9700312492284539 0
    outer loop
      vertex 62.3901806473732 0.038429439067840576 0
      vertex 62.580569356679916 0.08611933141946793 0
      vertex 62.3901806473732 0.038429439067840576 1.5
    endloop
  endfacet
  facet normal 0.33688982640476 -0.941544074839288 0
    outer loop
      vertex 62.580569356679916 0.08611933141946793 0
      vertex 62.76536686718464 0.15224093198776245 0
      vertex 62.580569356679916 0.08611933141946793 1.5
    endloop
  endfacet
  facet normal 0.42755510310083966 -0.9039892885496101 0
    outer loop
      vertex 62.76536686718464 0.15224093198776245 0
      vertex 62.94279347360134 0.23615746945142746 0
      vertex 62.76536686718464 0.15224093198776245 1.5
    endloop
  endfacet
  facet normal 0.5141027351876691 -0.8577286153979926 0
    outer loop
      vertex 62.94279347360134 0.23615746945142746 0
      vertex 63.111140467226505 0.337060771882534 0
      vertex 62.94279347360134 0.23615746945142746 1.5
    endloop
  endfacet
  facet normal 0.5956992989376803 -0.8032075356003306 0
    outer loop
      vertex 63.111140467226505 0.337060771882534 0
      vertex 63.26878657191992 0.45397908985614777 0
      vertex 63.111140467226505 0.337060771882534 1.5
    endloop
  endfacet
  facet normal 0.671558983390028 -0.7409510994850822 0
    outer loop
      vertex 63.26878657191992 0.45397908985614777 0
      vertex 63.4142135605216 0.5857864394783974 0
      vertex 63.26878657191992 0.45397908985614777 1.5
    endloop
  endfacet
  facet normal 0.7409510994850822 -0.671558983390028 0
    outer loop
      vertex 63.4142135605216 0.5857864394783974 0
      vertex 63.54602091014385 0.7312134280800819 0
      vertex 63.4142135605216 0.5857864394783974 1.5
    endloop
  endfacet
  facet normal 0.8032075356003306 -0.5956992989376803 0
    outer loop
      vertex 63.54602091014385 0.7312134280800819 0
      vertex 63.662939228117466 0.8888595327734947 0
      vertex 63.54602091014385 0.7312134280800819 1.5
    endloop
  endfacet
  facet normal 0.8577286153979926 -0.5141027351876691 0
    outer loop
      vertex 63.662939228117466 0.8888595327734947 0
      vertex 63.76384253054857 1.0572065263986588 0
      vertex 63.662939228117466 0.8888595327734947 1.5
    endloop
  endfacet
  facet normal 0.9039892885496101 -0.42755510310083966 0
    outer loop
      vertex 63.76384253054857 1.0572065263986588 0
      vertex 63.84775906801224 1.234633132815361 0
      vertex 63.76384253054857 1.0572065263986588 1.5
    endloop
  endfacet
  facet normal 0.941544074839288 -0.33688982640476 0
    outer loop
      vertex 63.84775906801224 1.234633132815361 0
      vertex 63.91388066858053 1.4194306433200836 0
      vertex 63.84775906801224 1.234633132815361 1.5
    endloop
  endfacet
  facet normal 0.9700312492284539 -0.24298019573678303 0
    outer loop
      vertex 63.91388066858053 1.4194306433200836 0
      vertex 63.96157056093216 1.6098193526268005 0
      vertex 63.91388066858053 1.4194306433200836 1.5
    endloop
  endfacet
  facet normal 0.989176509724005 -0.14673047607854153 0
    outer loop
      vertex 63.96157056093216 1.6098193526268005 0
      vertex 63.99036945402622 1.8039657175540924 0
      vertex 63.96157056093216 1.6098193526268005 1.5
    endloop
  endfacet
  facet normal 0.9987954563973426 -0.049067670415704694 0
    outer loop
      vertex 63.99036945402622 1.8039657175540924 0
      vertex 64 2 0
      vertex 63.99036945402622 1.8039657175540924 1.5
    endloop
  endfacet
  facet normal 0.049067670415704694 -0.9987954563973426 0
    outer loop
      vertex 62.19603428244591 0.009630545973777771 0
      vertex 62.19603428244591 0.009630545973777771 1.5
      vertex 62 0 1.5
    endloop
  endfacet
  facet normal 0.14673047607854153 -0.989176509724005 0
    outer loop
      vertex 62.3901806473732 0.038429439067840576 0
      vertex 62.3901806473732 0.038429439067840576 1.5
      vertex 62.19603428244591 0.009630545973777771 1.5
    endloop
  endfacet
  facet normal 0.24298019573678303 -0.9700312492284539 0
    outer loop
      vertex 62.580569356679916 0.08611933141946793 0
      vertex 62.580569356679916 0.08611933141946793 1.5
      vertex 62.3901806473732 0.038429439067840576 1.5
    endloop
  endfacet
  facet normal 0.33688982640476 -0.941544074839288 0
    outer loop
      vertex 62.76536686718464 0.15224093198776245 0
      vertex 62.76536686718464 0.15224093198776245 1.5
      vertex 62.580569356679916 0.08611933141946793 1.5
    endloop
  endfacet
  facet normal 0.42755510310083966 -0.9039892885496101 0
    outer loop
      vertex 62.94279347360134 0.23615746945142746 0
      vertex 62.94279347360134 0.23615746945142746 1.5
      vertex 62.76536686718464 0.15224093198776245 1.5
    endloop
  endfacet
  facet normal 0.5141027351876691 -0.8577286153979926 0
    outer loop
      vertex 63.111140467226505 0.337060771882534 0
      vertex 63.111140467226505 0.337060771882534 1.5
      vertex 62.94279347360134 0.23615746945142746 1.5
    endloop
  endfacet
  facet normal 0.5956992989376803 -0.8032075356003306 0
    outer loop
      vertex 63.26878657191992 0.45397908985614777 0
      vertex 63.26878657191992 0.45397908985614777 1.5
      vertex 63.111140467226505 0.337060771882534 1.5
    endloop
  endfacet
  facet normal 0.671558983390028 -0.7409510994850822 0
    outer loop
      vertex 63.4142135605216 0.5857864394783974 0
      vertex 63.4142135605216 0.5857864394783974 1.5
      vertex 63.26878657191992 0.45397908985614777 1.5
    endloop
  endfacet
  facet normal 0.7409510994850822 -0.671558983390028 0
    outer loop
      vertex 63.54602091014385 0.7312134280800819 0
      vertex 63.54602091014385 0.7312134280800819 1.5
      vertex 63.4142135605216 0.5857864394783974 1.5
    endloop
  endfacet
  facet normal 0.8032075356003306 -0.5956992989376803 0
    outer loop
      vertex 63.662939228117466 0.8888595327734947 0
      vertex 63.662939228117466 0.8888595327734947 1.5
      vertex 63.54602091014385 0.7312134280800819 1.5
    endloop
  endfacet
  facet normal 0.8577286153979926 -0.5141027351876691 0
    outer loop
      vertex 63.76384253054857 1.0572065263986588 0
      vertex 63.76384253054857 1.0572065263986588 1.5
      vertex 63.662939228117466 0.8888595327734947 1.5
    endloop
  endfacet
  facet normal 0.9039892885496101 -0.42755510310083966 0
    outer loop
      vertex 63.84775906801224 1.234633132815361 0
      vertex 63.84775906801224 1.234633132815361 1.5
      vertex 63.76384253054857 1.0572065263986588 1.5
    endloop
  endfacet
  facet normal 0.941544074839288 -0.33688982640476 0
    outer loop
      vertex 63.91388066858053 1.4194306433200836 0
      vertex 63.91388066858053 1.4194306433200836 1.5
      vertex 63.84775906801224 1.234633132815361 1.5
    endloop
  endfacet
  facet normal 0.9700312492284539 -0.24298019573678303 0
    outer loop
      vertex 63.96157056093216 1.6098193526268005 0
      vertex 63.96157056093216 1.6098193526268005 1.5
      vertex 63.91388066858053 1.4194306433200836 1.5
    endloop
  endfacet
  facet normal 0.989176509724005 -0.14673047607854153 0
    outer loop
      vertex 63.99036945402622 1.8039657175540924 0
      vertex 63.99036945402622 1.8039657175540924 1.5
      vertex 63.96157056093216 1.6098193526268005 1.5
    endloop
  endfacet
  facet normal 0.9987954563973426 -0.049067670415704694 0
    outer loop
      vertex 64 2 0
      vertex 64 2 1.5
      vertex 63.99036945402622 1.8039657175540924 1.5
    endloop
  endfacet
  facet normal 0 0 -1
    outer loop
      vertex 62 0 0
      vertex 62 27 0
      vertex 62.19603428244591 0.009630545973777771 0
    endloop
  endfacet
  facet normal 0 0 -1
    outer loop
      vertex 62.19603428244591 0.009630545973777771 0
      vertex 62.19603428244591 26.990369454026222 0
      vertex 62.3901806473732 0.038429439067840576 0
    endloop
  endfacet
  facet normal 0 0 -1
    outer loop
      vertex 62.3901806473732 0.038429439067840576 0
      vertex 62.3901806473732 26.96157056093216 0
      vertex 62.580569356679916 0.08611933141946793 0
    endloop
  endfacet
  facet normal 0 0 -1
    outer loop
      vertex 62.580569356679916 0.08611933141946793 0
      vertex 62.580569356679916 26.913880668580532 0
      vertex 62.76536686718464 0.15224093198776245 0
    endloop
  endfacet
  facet normal 0 0 -1
    outer loop
      vertex 62.76536686718464 0.15224093198776245 0
      vertex 62.76536686718464 26.847759068012238 0
      vertex 62.94279347360134 0.23615746945142746 0
    endloop
  endfacet
  facet normal 0 0 -1
    outer loop
      vertex 62.94279347360134 0.23615746945142746 0
      vertex 62.94279347360134 26.763842530548573 0
      vertex 63.111140467226505 0.337060771882534 0
    endloop
  endfacet
  facet normal 0 0 -1
    outer loop
      vertex 63.111140467226505 0.337060771882534 0
      vertex 63.111140467226505 26.662939228117466 0
      vertex 63.26878657191992 0.45397908985614777 0
    endloop
  endfacet
  facet normal 0 0 -1
    outer loop
      vertex 63.26878657191992 0.45397908985614777 0
      vertex 63.26878657191992 26.546020910143852 0
      vertex 63.4142135605216 0.5857864394783974 0
    endloop
  endfacet
  facet normal 0 0 -1
    outer loop
      vertex 63.4142135605216 0.5857864394783974 0
      vertex 63.4142135605216 26.414213560521603 0
      vertex 63.54602091014385 0.7312134280800819 0
    endloop
  endfacet
  facet normal 0 0 -1
    outer loop
      vertex 63.54602091014385 0.7312134280800819 0
      vertex 63.54602091014385 26.268786571919918 0
      vertex 63.662939228117466 0.8888595327734947 0
    endloop
  endfacet
  facet normal 0 0 -1
    outer loop
      vertex 63.662939228117466 0.8888595327734947 0
      vertex 63.662939228117466 26.111140467226505 0
      vertex 63.76384253054857 1.0572065263986588 0
    endloop
  endfacet
  facet normal 0 0 -1
    outer loop
      vertex 63.76384253054857 1.0572065263986588 0
      vertex 63.76384253054857 25.94279347360134 0
      vertex 63.84775906801224 1.234633132815361 0
    endloop
  endfacet
  facet normal 0 0 -1
    outer loop
      vertex 63.84775906801224 1.234633132815361 0
      vertex 63.84775906801224 25.76536686718464 0
      vertex 63.91388066858053 1.4194306433200836 0
    endloop
  endfacet
  facet normal 0 0 -1
    outer loop
      vertex 63.91388066858053 1.4194306433200836 0
      vertex 63.91388066858053 25.580569356679916 0
      vertex 63.96157056093216 1.6098193526268005 0
    endloop
  endfacet
  facet normal 0 0 -1
    outer loop
      vertex 63.96157056093216 1.6098193526268005 0
      vertex 63.96157056093216 25.3901806473732 0
      vertex 63.99036945402622 1.8039657175540924 0
    endloop
  endfacet
  facet normal 0 0 -1
    outer loop
      vertex 63.99036945402622 1.8039657175540924 0
      vertex 63.99036945402622 25.196034282445908 0
      vertex 64 2 0
    endloop
  endfacet
  facet normal 1 0 0
    outer loop
      vertex 64 2 0
      vertex 64 25 0
      vertex 64 2 1.5
    endloop
  endfacet
  facet normal 0 0 1
    outer loop
      vertex 62 0 1.5
      vertex 62.19603428244591 0.009630545973777771 1.5
      vertex 62 27 1.5
    endloop
  endfacet
  facet normal 0 0 1
    outer loop
      vertex 62.19603428244591 0.009630545973777771 1.5
      vertex 62.3901806473732 0.038429439067840576 1.5
      vertex 62.19603428244591 26.990369454026222 1.5
    endloop
  endfacet
  facet normal 0 0 1
    outer loop
      vertex 62.3901806473732 0.038429439067840576 1.5
      vertex 62.580569356679916 0.08611933141946793 1.5
      vertex 62.3901806473732 26.96157056093216 1.5
    endloop
  endfacet
  facet normal 0 0 1
    outer loop
      vertex 62.580569356679916 0.08611933141946793 1.5
      vertex 62.76536686718464 0.15224093198776245 1.5
      vertex 62.580569356679916 26.913880668580532 1.5
    endloop
  endfacet
  facet normal 0 0 1
    outer loop
      vertex 62.76536686718464 0.15224093198776245 1.5
      vertex 62.94279347360134 0.23615746945142746 1.5
      vertex 62.76536686718464 26.847759068012238 1.5
    endloop
  endfacet
  facet normal 0 0 1
    outer loop
      vertex 62.94279347360134 0.23615746945142746 1.5
      vertex 63.111140467226505 0.337060771882534 1.5
      vertex 62.94279347360134 26.763842530548573 1.5
    endloop
  endfacet
  facet normal 0 0 1
    outer loop
      vertex 63.111140467226505 0.337060771882534 1.5
      vertex 63.26878657191992 0.45397908985614777 1.5
      vertex 63.111140467226505 26.662939228117466 1.5
    endloop
  endfacet
  facet normal 0 0 1
    outer loop
      vertex 63.26878657191992 0.45397908985614777 1.5
      vertex 63.4142135605216 0.5857864394783974 1.5
      vertex 63.26878657191992 26.546020910143852 1.5
    endloop
  endfacet
  facet normal 0 0 1
    outer loop
      vertex 63.4142135605216 0.5857864394783974 1.5
      vertex 63.54602091014385 0.7312134280800819 1.5
      vertex 63.4142135605216 26.414213560521603 1.5
    endloop
  endfacet
  facet normal 0 0 1
    outer loop
      vertex 63.54602091014385 0.7312134280800819 1.5
      vertex 63.662939228117466 0.8888595327734947 1.5
      vertex 63.54602091014385 26.268786571919918 1.5
    endloop
  endfacet
  facet normal 0 0 1
    outer loop
      vertex 63.662939228117466 0.8888595327734947 1.5
      vertex 63.76384253054857 1.0572065263986588 1.5
      vertex 63.662939228117466 26.111140467226505 1.5
    endloop
  endfacet
  facet normal 0 0 1
    outer loop
      vertex 63.76384253054857 1.0572065263986588 1.5
      vertex 63.84775906801224 1.234633132815361 1.5
      vertex 63.76384253054857 25.94279347360134 1.5
    endloop
  endfacet
  facet normal 0 0 1
    outer loop
      vertex 63.84775906801224 1.234633132815361 1.5
      vertex 63.91388066858053 1.4194306433200836 1.5
      vertex 63.84775906801224 25.76536686718464 1.5
    endloop
  endfacet
  facet normal 0 0 1
    outer loop
      vertex 63.91388066858053 1.4194306433200836 1.5
      vertex 63.96157056093216 1.6098193526268005 1.5
      vertex 63.91388066858053 25.580569356679916 1.5
    endloop
  endfacet
  facet normal 0 0 1
    outer loop
      vertex 63.96157056093216 1.6098193526268005 1.5
      vertex 63.99036945402622 1.8039657175540924 1.5
      vertex 63.96157056093216 25.3901806473732 1.5
    endloop
  endfacet
  facet normal 0 0 1
    outer loop
      vertex 63.99036945402622 1.8039657175540924 1.5
      vertex 64 2 1.5
      vertex 63.99036945402622 25.196034282445908 1.5
    endloop
  endfacet
  facet normal 0 0 -1
    outer loop
      vertex 62 0 0
      vertex 55.1 17.1 0
      vertex 62 27 0
    endloop
  endfacet
  facet normal 0 0 1
    outer loop
      vertex 36 17 1.5
      vertex 41 17.1 1.5
      vertex 48.80021250247955 22 1.5
    endloop
  endfacet
  facet normal 0 0 1
    outer loop
      vertex 62 0 1.5
      vertex 62 27 1.5
      vertex 55.1 17.1 1.5
    endloop
  endfacet
  facet normal 0 0 -1
    outer loop
      vertex 22 17 0
      vertex 62 27 0
      vertex 41 17.1 0
    endloop
  endfacet
  facet normal 0 1 0
    outer loop
      vertex 2 27 0
      vertex 62 27 1.5
      vertex 62 27 0
    endloop
  endfacet
  facet normal 0 0 -1
    outer loop
      vertex 41 17.1 0
      vertex 62 27 0
      vertex 55.1 17.1 0
    endloop
  endfacet
  facet normal 0 0 1
    outer loop
      vertex 36 17 1.5
      vertex 46.38246250152588 22 1.5
      vertex 44.88551250100136 22 1.5
    endloop
  endfacet
  facet normal 0 0 1
    outer loop
      vertex 36 17 1.5
      vertex 47.75748749822378 22 1.5
      vertex 46.38246250152588 22 1.5
    endloop
  endfacet
  facet normal 0 0 1
    outer loop
      vertex 36 17 1.5
      vertex 48.04568749666214 22 1.5
      vertex 47.75748749822378 22 1.5
    endloop
  endfacet
  facet normal 0 0 1
    outer loop
      vertex 36 17 1.5
      vertex 48.80021250247955 22 1.5
      vertex 48.04568749666214 22 1.5
    endloop
  endfacet
  facet normal 0 0 1
    outer loop
      vertex 46.38246250152588 22.259374998509884 1.5
      vertex 45.800987496972084 24.388700000941753 1.5
      vertex 45.800987496972084 22.259374998509884 1.5
    endloop
  endfacet
  facet normal 0 0 1
    outer loop
      vertex 45.49411249905825 22.259374998509884 1.5
      vertex 45.49411249905825 24.097099997103214 1.5
      vertex 44.9550125002861 23.712274998426437 1.5
    endloop
  endfacet
  facet normal 0 0 1
    outer loop
      vertex 41 17.1 1.5
      vertex 49.13078749924898 22 1.5
      vertex 48.80021250247955 22 1.5
    endloop
  endfacet
  facet normal 0 0 1
    outer loop
      vertex 41 17.1 1.5
      vertex 49.71236249804497 22 1.5
      vertex 49.13078749924898 22 1.5
    endloop
  endfacet
  facet normal 0 0 1
    outer loop
      vertex 41 17.1 1.5
      vertex 51.20931249856949 22 1.5
      vertex 49.71236249804497 22 1.5
    endloop
  endfacet
  facet normal 0 0 1
    outer loop
      vertex 46.38246250152588 22 1.5
      vertex 47.75748749822378 22 1.5
      vertex 46.38246250152588 22.259374998509884 1.5
    endloop
  endfacet
  facet normal 0 0 1
    outer loop
      vertex 46.38246250152588 22.259374998509884 1.5
      vertex 47.75748749822378 22 1.5
      vertex 46.63178750127554 22.540799997746944 1.5
    endloop
  endfacet
  facet normal 0 0 1
    outer loop
      vertex 47.75748749822378 22 1.5
      vertex 47.75748749822378 22.540799997746944 1.5
      vertex 46.63178750127554 22.540799997746944 1.5
    endloop
  endfacet
  facet normal 0 0 1
    outer loop
      vertex 48.04568749666214 22 1.5
      vertex 48.80021250247955 22 1.5
      vertex 48.80021250247955 22.37127500027418 1.5
    endloop
  endfacet
  facet normal 0 0 1
    outer loop
      vertex 48.04568749666214 22 1.5
      vertex 48.80021250247955 22.37127500027418 1.5
      vertex 48.38136249780655 22.540799997746944 1.5
    endloop
  endfacet
  facet normal 0 0 1
    outer loop
      vertex 48.04568749666214 22 1.5
      vertex 48.38136249780655 22.540799997746944 1.5
      vertex 48.04568749666214 22.540799997746944 1.5
    endloop
  endfacet
  facet normal 0 0 1
    outer loop
      vertex 48.38136249780655 22.540799997746944 1.5
      vertex 48.80021250247955 22.37127500027418 1.5
      vertex 48.38136249780655 22.781549997627735 1.5
    endloop
  endfacet
  facet normal 0 0 1
    outer loop
      vertex 46.38246250152588 22.259374998509884 1.5
      vertex 46.63178750127554 22.540799997746944 1.5
      vertex 45.800987496972084 24.388700000941753 1.5
    endloop
  endfacet
  facet normal 0 0 1
    outer loop
      vertex 46.940337501466274 22.815449997782707 1.5
      vertex 46.9132125005126 22.781549997627735 1.5
      vertex 47.75748749822378 22.781549997627735 1.5
    endloop
  endfacet
  facet normal 0 0 1
    outer loop
      vertex 46.940337501466274 22.815449997782707 1.5
      vertex 47.75748749822378 22.781549997627735 1.5
      vertex 47.031887501478195 22.9408999979496 1.5
    endloop
  endfacet
  facet normal 0 0 1
    outer loop
      vertex 46.63178750127554 22.540799997746944 1.5
      vertex 46.63178750127554 22.778149999678135 1.5
      vertex 45.800987496972084 24.388700000941753 1.5
    endloop
  endfacet
  facet normal 0 0 1
    outer loop
      vertex 47.031887501478195 22.9408999979496 1.5
      vertex 47.75748749822378 22.781549997627735 1.5
      vertex 47.643887497484684 23.842799998819828 1.5
    endloop
  endfacet
  facet normal 0 0 1
    outer loop
      vertex 47.75748749822378 22.781549997627735 1.5
      vertex 47.649059414863586 23.850546911358833 1.5
      vertex 47.643887497484684 23.842799998819828 1.5
    endloop
  endfacet
  facet normal 0 0 1
    outer loop
      vertex 47.75748749822378 22.781549997627735 1.5
      vertex 47.6751853376627 23.89325061440468 1.5
      vertex 47.667838118970394 23.880817286670208 1.5
    endloop
  endfacet
  facet normal 0 0 1
    outer loop
      vertex 47.75748749822378 22.781549997627735 1.5
      vertex 47.667838118970394 23.880817286670208 1.5
      vertex 47.66103472560644 23.869555555284023 1.5
    endloop
  endfacet
  facet normal 0 0 1
    outer loop
      vertex 47.75748749822378 22.781549997627735 1.5
      vertex 47.66103472560644 23.869555555284023 1.5
      vertex 47.65477515757084 23.859465435147285 1.5
    endloop
  endfacet
  facet normal 0 0 1
    outer loop
      vertex 47.75748749822378 22.781549997627735 1.5
      vertex 47.65477515757084 23.859465435147285 1.5
      vertex 47.649059414863586 23.850546911358833 1.5
    endloop
  endfacet
  facet normal 0 0 1
    outer loop
      vertex 47.75748749822378 22.781549997627735 1.5
      vertex 47.691511265933514 23.92163209617138 1.5
      vertex 47.68307638913393 23.906855553388596 1.5
    endloop
  endfacet
  facet normal 0 0 1
    outer loop
      vertex 47.75748749822378 22.781549997627735 1.5
      vertex 47.68307638913393 23.906855553388596 1.5
      vertex 47.6751853376627 23.89325061440468 1.5
    endloop
  endfacet
  facet normal 0 0 1
    outer loop
      vertex 47.75748749822378 22.781549997627735 1.5
      vertex 47.71001250296831 23.954700000584126 1.5
      vertex 47.70048996806145 23.93758025020361 1.5
    endloop
  endfacet
  facet normal 0 0 1
    outer loop
      vertex 47.75748749822378 22.781549997627735 1.5
      vertex 47.70048996806145 23.93758025020361 1.5
      vertex 47.691511265933514 23.92163209617138 1.5
    endloop
  endfacet
  facet normal 0 0 1
    outer loop
      vertex 47.75748749822378 22.781549997627735 1.5
      vertex 47.71930478513241 23.97154752910137 1.5
      vertex 47.71001250296831 23.954700000584126 1.5
    endloop
  endfacet
  facet normal 0 0 1
    outer loop
      vertex 47.75748749822378 22.781549997627735 1.5
      vertex 47.741155706346035 24.011793829500675 1.5
      vertex 47.73487638682127 24.000094443559647 1.5
    endloop
  endfacet
  facet normal 0 0 1
    outer loop
      vertex 47.75748749822378 22.781549997627735 1.5
      vertex 47.73487638682127 24.000094443559647 1.5
      vertex 47.7275927439332 23.986679010093212 1.5
    endloop
  endfacet
  facet normal 0 0 1
    outer loop
      vertex 47.75748749822378 22.781549997627735 1.5
      vertex 47.7275927439332 23.986679010093212 1.5
      vertex 47.71930478513241 23.97154752910137 1.5
    endloop
  endfacet
  facet normal 0 0 1
    outer loop
      vertex 47.75748749822378 22.781549997627735 1.5
      vertex 47.75748749822378 24.044550001621246 1.5
      vertex 47.756229780614376 24.041430860757828 1.5
    endloop
  endfacet
  facet normal 0 0 1
    outer loop
      vertex 47.75748749822378 22.781549997627735 1.5
      vertex 47.756229780614376 24.041430860757828 1.5
      vertex 47.75396774709225 24.036595679819584 1.5
    endloop
  endfacet
  facet normal 0 0 1
    outer loop
      vertex 47.75748749822378 22.781549997627735 1.5
      vertex 47.75396774709225 24.036595679819584 1.5
      vertex 47.750701390206814 24.030044443905354 1.5
    endloop
  endfacet
  facet normal 0 0 1
    outer loop
      vertex 47.75748749822378 22.781549997627735 1.5
      vertex 47.750701390206814 24.030044443905354 1.5
      vertex 47.74643070995808 24.021777160465717 1.5
    endloop
  endfacet
  facet normal 0 0 1
    outer loop
      vertex 47.75748749822378 22.781549997627735 1.5
      vertex 47.74643070995808 24.021777160465717 1.5
      vertex 47.741155706346035 24.011793829500675 1.5
    endloop
  endfacet
  facet normal 0 0 1
    outer loop
      vertex 48.38136249780655 22.781549997627735 1.5
      vertex 48.04568749666214 24.388700000941753 1.5
      vertex 48.04568749666214 22.781549997627735 1.5
    endloop
  endfacet
  facet normal 0 0 1
    outer loop
      vertex 49.13078749924898 22.37127500027418 1.5
      vertex 49.13078749924898 22 1.5
      vertex 49.71236249804497 22 1.5
    endloop
  endfacet
  facet normal 0 0 1
    outer loop
      vertex 49.13078749924898 22.37127500027418 1.5
      vertex 49.71236249804497 22 1.5
      vertex 49.71236249804497 22.259374998509884 1.5
    endloop
  endfacet
  facet normal 0 0 1
    outer loop
      vertex 49.13078749924898 22.37127500027418 1.5
      vertex 49.71236249804497 22.259374998509884 1.5
      vertex 50.32096250355244 22.259374998509884 1.5
    endloop
  endfacet
  facet normal 0 0 1
    outer loop
      vertex 49.13078749924898 22.37127500027418 1.5
      vertex 48.38136249780655 22.781549997627735 1.5
      vertex 48.80021250247955 22.37127500027418 1.5
    endloop
  endfacet
  facet normal 0 0 1
    outer loop
      vertex 50.32096250355244 22.259374998509884 1.5
      vertex 48.38136249780655 22.781549997627735 1.5
      vertex 49.13078749924898 22.37127500027418 1.5
    endloop
  endfacet
  facet normal 0 0 1
    outer loop
      vertex 50.32096250355244 22.259374998509884 1.5
      vertex 49.78186249732971 23.712274998426437 1.5
      vertex 48.38136249780655 22.781549997627735 1.5
    endloop
  endfacet
  facet normal 0 0 1
    outer loop
      vertex 50.32096250355244 22.259374998509884 1.5
      vertex 50.32096250355244 24.097099997103214 1.5
      vertex 49.78186249732971 23.712274998426437 1.5
    endloop
  endfacet
  facet normal 0 0 1
    outer loop
      vertex 62 27 1.5
      vertex 30.493574999272823 24.388700000941753 1.5
      vertex 45.51956249773502 24.388700000941753 1.5
    endloop
  endfacet
  facet normal 0 0 1
    outer loop
      vertex 46.63178750127554 22.778149999678135 1.5
      vertex 47.72526250034571 24.388700000941753 1.5
      vertex 45.800987496972084 24.388700000941753 1.5
    endloop
  endfacet
  facet normal 0 0 1
    outer loop
      vertex 48.38136249780655 22.781549997627735 1.5
      vertex 49.78186249732971 23.712274998426437 1.5
      vertex 48.04568749666214 24.388700000941753 1.5
    endloop
  endfacet
  facet normal 0 0 1
    outer loop
      vertex 49.78186249732971 23.712274998426437 1.5
      vertex 49.78186249732971 24.000474996864796 1.5
      vertex 48.04568749666214 24.388700000941753 1.5
    endloop
  endfacet
  facet normal 0 0 1
    outer loop
      vertex 49.78186249732971 24.000474996864796 1.5
      vertex 50.346412502229214 24.388700000941753 1.5
      vertex 48.04568749666214 24.388700000941753 1.5
    endloop
  endfacet
  facet normal 0 0 1
    outer loop
      vertex 62 27 1.5
      vertex 45.51956249773502 24.388700000941753 1.5
      vertex 45.800987496972084 24.388700000941753 1.5
    endloop
  endfacet
  facet normal 0 0 1
    outer loop
      vertex 41 17.1 1.5
      vertex 55.1 17.1 1.5
      vertex 62 27 1.5
    endloop
  endfacet
  facet normal 0 0 1
    outer loop
      vertex 41 17.1 1.5
      vertex 62 27 1.5
      vertex 51.20931249856949 22 1.5
    endloop
  endfacet
  facet normal 0 0 1
    outer loop
      vertex 62 27 1.5
      vertex 45.800987496972084 24.388700000941753 1.5
      vertex 47.72526250034571 24.388700000941753 1.5
    endloop
  endfacet
  facet normal 0 0 1
    outer loop
      vertex 62 27 1.5
      vertex 47.72526250034571 24.388700000941753 1.5
      vertex 48.04568749666214 24.388700000941753 1.5
    endloop
  endfacet
  facet normal 0 0 1
    outer loop
      vertex 62 27 1.5
      vertex 48.04568749666214 24.388700000941753 1.5
      vertex 50.346412502229214 24.388700000941753 1.5
    endloop
  endfacet
  facet normal 0 0 1
    outer loop
      vertex 62 27 1.5
      vertex 51.20931249856949 22.259374998509884 1.5
      vertex 51.20931249856949 22 1.5
    endloop
  endfacet
  facet normal 0 0 1
    outer loop
      vertex 62 27 1.5
      vertex 50.627837501466274 22.259374998509884 1.5
      vertex 51.20931249856949 22.259374998509884 1.5
    endloop
  endfacet
  facet normal 0 0 1
    outer loop
      vertex 62 27 1.5
      vertex 50.627837501466274 24.388700000941753 1.5
      vertex 50.627837501466274 22.259374998509884 1.5
    endloop
  endfacet
  facet normal 0 0 1
    outer loop
      vertex 62 27 1.5
      vertex 50.346412502229214 24.388700000941753 1.5
      vertex 50.627837501466274 24.388700000941753 1.5
    endloop
  endfacet
  facet normal 0 0 -1
    outer loop
      vertex 64 2 0
      vertex 63.99036945402622 25.196034282445908 0
      vertex 64 25 0
    endloop
  endfacet
  facet normal 0 0 -1
    outer loop
      vertex 63.99036945402622 1.8039657175540924 0
      vertex 63.96157056093216 25.3901806473732 0
      vertex 63.99036945402622 25.196034282445908 0
    endloop
  endfacet
  facet normal 0 0 -1
    outer loop
      vertex 63.76384253054857 1.0572065263986588 0
      vertex 63.662939228117466 26.111140467226505 0
      vertex 63.76384253054857 25.94279347360134 0
    endloop
  endfacet
  facet normal 0 0 -1
    outer loop
      vertex 63.91388066858053 1.4194306433200836 0
      vertex 63.84775906801224 25.76536686718464 0
      vertex 63.91388066858053 25.580569356679916 0
    endloop
  endfacet
  facet normal 0 0 -1
    outer loop
      vertex 63.96157056093216 1.6098193526268005 0
      vertex 63.91388066858053 25.580569356679916 0
      vertex 63.96157056093216 25.3901806473732 0
    endloop
  endfacet
  facet normal 0 0 -1
    outer loop
      vertex 63.84775906801224 1.234633132815361 0
      vertex 63.76384253054857 25.94279347360134 0
      vertex 63.84775906801224 25.76536686718464 0
    endloop
  endfacet
  facet normal 0 0 -1
    outer loop
      vertex 62.19603428244591 0.009630545973777771 0
      vertex 62 27 0
      vertex 62.19603428244591 26.990369454026222 0
    endloop
  endfacet
  facet normal 0 0 -1
    outer loop
      vertex 62.3901806473732 0.038429439067840576 0
      vertex 62.19603428244591 26.990369454026222 0
      vertex 62.3901806473732 26.96157056093216 0
    endloop
  endfacet
  facet normal 0 0 -1
    outer loop
      vertex 62.580569356679916 0.08611933141946793 0
      vertex 62.3901806473732 26.96157056093216 0
      vertex 62.580569356679916 26.913880668580532 0
    endloop
  endfacet
  facet normal 0 0 -1
    outer loop
      vertex 62.76536686718464 0.15224093198776245 0
      vertex 62.580569356679916 26.913880668580532 0
      vertex 62.76536686718464 26.847759068012238 0
    endloop
  endfacet
  facet normal 0 0 -1
    outer loop
      vertex 63.111140467226505 0.337060771882534 0
      vertex 62.94279347360134 26.763842530548573 0
      vertex 63.111140467226505 26.662939228117466 0
    endloop
  endfacet
  facet normal 0 0 -1
    outer loop
      vertex 63.26878657191992 0.45397908985614777 0
      vertex 63.111140467226505 26.662939228117466 0
      vertex 63.26878657191992 26.546020910143852 0
    endloop
  endfacet
  facet normal 0 0 -1
    outer loop
      vertex 63.4142135605216 0.5857864394783974 0
      vertex 63.26878657191992 26.546020910143852 0
      vertex 63.4142135605216 26.414213560521603 0
    endloop
  endfacet
  facet normal 0 0 -1
    outer loop
      vertex 62.94279347360134 0.23615746945142746 0
      vertex 62.76536686718464 26.847759068012238 0
      vertex 62.94279347360134 26.763842530548573 0
    endloop
  endfacet
  facet normal 0 0 -1
    outer loop
      vertex 63.54602091014385 0.7312134280800819 0
      vertex 63.4142135605216 26.414213560521603 0
      vertex 63.54602091014385 26.268786571919918 0
    endloop
  endfacet
  facet normal 0 0 -1
    outer loop
      vertex 63.662939228117466 0.8888595327734947 0
      vertex 63.54602091014385 26.268786571919918 0
      vertex 63.662939228117466 26.111140467226505 0
    endloop
  endfacet
  facet normal 1 0 0
    outer loop
      vertex 64 2 1.5
      vertex 64 25 0
      vertex 64 25 1.5
    endloop
  endfacet
  facet normal 0 0 1
    outer loop
      vertex 64 2 1.5
      vertex 64 25 1.5
      vertex 63.99036945402622 25.196034282445908 1.5
    endloop
  endfacet
  facet normal 0 0 1
    outer loop
      vertex 63.99036945402622 1.8039657175540924 1.5
      vertex 63.99036945402622 25.196034282445908 1.5
      vertex 63.96157056093216 25.3901806473732 1.5
    endloop
  endfacet
  facet normal 0 0 1
    outer loop
      vertex 63.76384253054857 1.0572065263986588 1.5
      vertex 63.76384253054857 25.94279347360134 1.5
      vertex 63.662939228117466 26.111140467226505 1.5
    endloop
  endfacet
  facet normal 0 0 1
    outer loop
      vertex 63.91388066858053 1.4194306433200836 1.5
      vertex 63.91388066858053 25.580569356679916 1.5
      vertex 63.84775906801224 25.76536686718464 1.5
    endloop
  endfacet
  facet normal 0 0 1
    outer loop
      vertex 63.96157056093216 1.6098193526268005 1.5
      vertex 63.96157056093216 25.3901806473732 1.5
      vertex 63.91388066858053 25.580569356679916 1.5
    endloop
  endfacet
  facet normal 0 0 1
    outer loop
      vertex 63.84775906801224 1.234633132815361 1.5
      vertex 63.84775906801224 25.76536686718464 1.5
      vertex 63.76384253054857 25.94279347360134 1.5
    endloop
  endfacet
  facet normal 0 0 1
    outer loop
      vertex 62.19603428244591 0.009630545973777771 1.5
      vertex 62.19603428244591 26.990369454026222 1.5
      vertex 62 27 1.5
    endloop
  endfacet
  facet normal 0 0 1
    outer loop
      vertex 62.3901806473732 0.038429439067840576 1.5
      vertex 62.3901806473732 26.96157056093216 1.5
      vertex 62.19603428244591 26.990369454026222 1.5
    endloop
  endfacet
  facet normal 0 0 1
    outer loop
      vertex 62.580569356679916 0.08611933141946793 1.5
      vertex 62.580569356679916 26.913880668580532 1.5
      vertex 62.3901806473732 26.96157056093216 1.5
    endloop
  endfacet
  facet normal 0 0 1
    outer loop
      vertex 62.76536686718464 0.15224093198776245 1.5
      vertex 62.76536686718464 26.847759068012238 1.5
      vertex 62.580569356679916 26.913880668580532 1.5
    endloop
  endfacet
  facet normal 0 0 1
    outer loop
      vertex 63.111140467226505 0.337060771882534 1.5
      vertex 63.111140467226505 26.662939228117466 1.5
      vertex 62.94279347360134 26.763842530548573 1.5
    endloop
  endfacet
  facet normal 0 0 1
    outer loop
      vertex 63.26878657191992 0.45397908985614777 1.5
      vertex 63.26878657191992 26.546020910143852 1.5
      vertex 63.111140467226505 26.662939228117466 1.5
    endloop
  endfacet
  facet normal 0 0 1
    outer loop
      vertex 63.4142135605216 0.5857864394783974 1.5
      vertex 63.4142135605216 26.414213560521603 1.5
      vertex 63.26878657191992 26.546020910143852 1.5
    endloop
  endfacet
  facet normal 0 0 1
    outer loop
      vertex 62.94279347360134 0.23615746945142746 1.5
      vertex 62.94279347360134 26.763842530548573 1.5
      vertex 62.76536686718464 26.847759068012238 1.5
    endloop
  endfacet
  facet normal 0 0 1
    outer loop
      vertex 63.54602091014385 0.7312134280800819 1.5
      vertex 63.54602091014385 26.268786571919918 1.5
      vertex 63.4142135605216 26.414213560521603 1.5
    endloop
  endfacet
  facet normal 0 0 1
    outer loop
      vertex 63.662939228117466 0.8888595327734947 1.5
      vertex 63.662939228117466 26.111140467226505 1.5
      vertex 63.54602091014385 26.268786571919918 1.5
    endloop
  endfacet
  facet normal 0.9987954563973426 0.049067670415704694 0
    outer loop
      vertex 64 25 0
      vertex 63.99036945402622 25.196034282445908 0
      vertex 64 25 1.5
    endloop
  endfacet
  facet normal 0.989176509724005 0.14673047607854153 0
    outer loop
      vertex 63.99036945402622 25.196034282445908 0
      vertex 63.96157056093216 25.3901806473732 0
      vertex 63.99036945402622 25.196034282445908 1.5
    endloop
  endfacet
  facet normal 0.9700312492284539 0.24298019573678303 0
    outer loop
      vertex 63.96157056093216 25.3901806473732 0
      vertex 63.91388066858053 25.580569356679916 0
      vertex 63.96157056093216 25.3901806473732 1.5
    endloop
  endfacet
  facet normal 0.941544074839288 0.33688982640476 0
    outer loop
      vertex 63.91388066858053 25.580569356679916 0
      vertex 63.84775906801224 25.76536686718464 0
      vertex 63.91388066858053 25.580569356679916 1.5
    endloop
  endfacet
  facet normal 0.9039892885496101 0.42755510310083966 0
    outer loop
      vertex 63.84775906801224 25.76536686718464 0
      vertex 63.76384253054857 25.94279347360134 0
      vertex 63.84775906801224 25.76536686718464 1.5
    endloop
  endfacet
  facet normal 0.8577286153979926 0.5141027351876691 0
    outer loop
      vertex 63.76384253054857 25.94279347360134 0
      vertex 63.662939228117466 26.111140467226505 0
      vertex 63.76384253054857 25.94279347360134 1.5
    endloop
  endfacet
  facet normal 0.049067670415704694 0.9987954563973426 0
    outer loop
      vertex 62 27 0
      vertex 62.19603428244591 26.990369454026222 1.5
      vertex 62.19603428244591 26.990369454026222 0
    endloop
  endfacet
  facet normal 0.14673047607854153 0.989176509724005 0
    outer loop
      vertex 62.19603428244591 26.990369454026222 0
      vertex 62.3901806473732 26.96157056093216 1.5
      vertex 62.3901806473732 26.96157056093216 0
    endloop
  endfacet
  facet normal 0.33688982640476 0.941544074839288 0
    outer loop
      vertex 62.76536686718464 26.847759068012238 0
      vertex 62.580569356679916 26.913880668580532 0
      vertex 62.76536686718464 26.847759068012238 1.5
    endloop
  endfacet
  facet normal 0.24298019573678303 0.9700312492284539 0
    outer loop
      vertex 62.3901806473732 26.96157056093216 0
      vertex 62.580569356679916 26.913880668580532 1.5
      vertex 62.580569356679916 26.913880668580532 0
    endloop
  endfacet
  facet normal 0.671558983390028 0.7409510994850822 0
    outer loop
      vertex 63.4142135605216 26.414213560521603 0
      vertex 63.26878657191992 26.546020910143852 0
      vertex 63.4142135605216 26.414213560521603 1.5
    endloop
  endfacet
  facet normal 0.8032075356003306 0.5956992989376803 0
    outer loop
      vertex 63.662939228117466 26.111140467226505 0
      vertex 63.54602091014385 26.268786571919918 0
      vertex 63.662939228117466 26.111140467226505 1.5
    endloop
  endfacet
  facet normal 0.7409510994850822 0.671558983390028 0
    outer loop
      vertex 63.4142135605216 26.414213560521603 0
      vertex 63.54602091014385 26.268786571919918 1.5
      vertex 63.54602091014385 26.268786571919918 0
    endloop
  endfacet
  facet normal 0.5141027351876691 0.8577286153979926 0
    outer loop
      vertex 62.94279347360134 26.763842530548573 0
      vertex 63.111140467226505 26.662939228117466 1.5
      vertex 63.111140467226505 26.662939228117466 0
    endloop
  endfacet
  facet normal 0.5956992989376803 0.8032075356003306 0
    outer loop
      vertex 63.26878657191992 26.546020910143852 0
      vertex 63.111140467226505 26.662939228117466 0
      vertex 63.26878657191992 26.546020910143852 1.5
    endloop
  endfacet
  facet normal 0.42755510310083966 0.9039892885496101 0
    outer loop
      vertex 62.76536686718464 26.847759068012238 0
      vertex 62.94279347360134 26.763842530548573 1.5
      vertex 62.94279347360134 26.763842530548573 0
    endloop
  endfacet
  facet normal 0.9987954563973426 0.049067670415704694 0
    outer loop
      vertex 63.99036945402622 25.196034282445908 0
      vertex 63.99036945402622 25.196034282445908 1.5
      vertex 64 25 1.5
    endloop
  endfacet
  facet normal 0.989176509724005 0.14673047607854153 0
    outer loop
      vertex 63.96157056093216 25.3901806473732 0
      vertex 63.96157056093216 25.3901806473732 1.5
      vertex 63.99036945402622 25.196034282445908 1.5
    endloop
  endfacet
  facet normal 0.9700312492284539 0.24298019573678303 0
    outer loop
      vertex 63.91388066858053 25.580569356679916 0
      vertex 63.91388066858053 25.580569356679916 1.5
      vertex 63.96157056093216 25.3901806473732 1.5
    endloop
  endfacet
  facet normal 0.941544074839288 0.33688982640476 0
    outer loop
      vertex 63.84775906801224 25.76536686718464 0
      vertex 63.84775906801224 25.76536686718464 1.5
      vertex 63.91388066858053 25.580569356679916 1.5
    endloop
  endfacet
  facet normal 0.9039892885496101 0.42755510310083966 0
    outer loop
      vertex 63.76384253054857 25.94279347360134 0
      vertex 63.76384253054857 25.94279347360134 1.5
      vertex 63.84775906801224 25.76536686718464 1.5
    endloop
  endfacet
  facet normal 0.8577286153979926 0.5141027351876691 0
    outer loop
      vertex 63.662939228117466 26.111140467226505 0
      vertex 63.662939228117466 26.111140467226505 1.5
      vertex 63.76384253054857 25.94279347360134 1.5
    endloop
  endfacet
  facet normal 0.049067670415704694 0.9987954563973426 0
    outer loop
      vertex 62 27 0
      vertex 62 27 1.5
      vertex 62.19603428244591 26.990369454026222 1.5
    endloop
  endfacet
  facet normal 0.14673047607854153 0.989176509724005 0
    outer loop
      vertex 62.19603428244591 26.990369454026222 0
      vertex 62.19603428244591 26.990369454026222 1.5
      vertex 62.3901806473732 26.96157056093216 1.5
    endloop
  endfacet
  facet normal 0.24298019573678303 0.9700312492284539 0
    outer loop
      vertex 62.3901806473732 26.96157056093216 0
      vertex 62.3901806473732 26.96157056093216 1.5
      vertex 62.580569356679916 26.913880668580532 1.5
    endloop
  endfacet
  facet normal 0.33688982640476 0.941544074839288 0
    outer loop
      vertex 62.580569356679916 26.913880668580532 0
      vertex 62.580569356679916 26.913880668580532 1.5
      vertex 62.76536686718464 26.847759068012238 1.5
    endloop
  endfacet
  facet normal 0.671558983390028 0.7409510994850822 0
    outer loop
      vertex 63.26878657191992 26.546020910143852 0
      vertex 63.26878657191992 26.546020910143852 1.5
      vertex 63.4142135605216 26.414213560521603 1.5
    endloop
  endfacet
  facet normal 0.8032075356003306 0.5956992989376803 0
    outer loop
      vertex 63.54602091014385 26.268786571919918 0
      vertex 63.54602091014385 26.268786571919918 1.5
      vertex 63.662939228117466 26.111140467226505 1.5
    endloop
  endfacet
  facet normal 0.7409510994850822 0.671558983390028 0
    outer loop
      vertex 63.4142135605216 26.414213560521603 0
      vertex 63.4142135605216 26.414213560521603 1.5
      vertex 63.54602091014385 26.268786571919918 1.5
    endloop
  endfacet
  facet normal 0.5141027351876691 0.8577286153979926 0
    outer loop
      vertex 62.94279347360134 26.763842530548573 0
      vertex 62.94279347360134 26.763842530548573 1.5
      vertex 63.111140467226505 26.662939228117466 1.5
    endloop
  endfacet
  facet normal 0.5956992989376803 0.8032075356003306 0
    outer loop
      vertex 63.111140467226505 26.662939228117466 0
      vertex 63.111140467226505 26.662939228117466 1.5
      vertex 63.26878657191992 26.546020910143852 1.5
    endloop
  endfacet
  facet normal 0.42755510310083966 0.9039892885496101 0
    outer loop
      vertex 62.76536686718464 26.847759068012238 0
      vertex 62.76536686718464 26.847759068012238 1.5
      vertex 62.94279347360134 26.763842530548573 1.5
    endloop
  endfacet
  facet normal -1 0 0
    outer loop
      vertex 6.885512501001358 22.259374998509884 1.85
      vertex 6.885512501001358 22.259374998509884 1.5
      vertex 6.885512501001358 22 1.5
    endloop
  endfacet
  facet normal 0 -1 0
    outer loop
      vertex 6.885512501001358 22 1.85
      vertex 6.885512501001358 22 1.5
      vertex 8.382462501525879 22 1.5
    endloop
  endfacet
  facet normal 0 1 0
    outer loop
      vertex 7.494112499058247 22.259374998509884 1.85
      vertex 7.494112499058247 22.259374998509884 1.5
      vertex 6.885512501001358 22.259374998509884 1.5
    endloop
  endfacet
  facet normal -1 0 0
    outer loop
      vertex 6.885512501001358 22 1.85
      vertex 6.885512501001358 22.259374998509884 1.85
      vertex 6.885512501001358 22 1.5
    endloop
  endfacet
  facet normal 0 1 0
    outer loop
      vertex 6.885512501001358 22.259374998509884 1.85
      vertex 7.494112499058247 22.259374998509884 1.85
      vertex 6.885512501001358 22.259374998509884 1.5
    endloop
  endfacet
  facet normal 0 0 1
    outer loop
      vertex 6.885512501001358 22 1.85
      vertex 7.494112499058247 22.259374998509884 1.85
      vertex 6.885512501001358 22.259374998509884 1.85
    endloop
  endfacet
  facet normal 0 0 1
    outer loop
      vertex 6.885512501001358 22 1.85
      vertex 7.800987496972084 22.259374998509884 1.85
      vertex 7.494112499058247 22.259374998509884 1.85
    endloop
  endfacet
  facet normal -1 0 0
    outer loop
      vertex 7.494112499058247 24.097099997103214 1.85
      vertex 7.494112499058247 24.097099997103214 1.5
      vertex 7.494112499058247 22.259374998509884 1.5
    endloop
  endfacet
  facet normal -1 0 0
    outer loop
      vertex 7.494112499058247 22.259374998509884 1.85
      vertex 7.494112499058247 24.097099997103214 1.85
      vertex 7.494112499058247 22.259374998509884 1.5
    endloop
  endfacet
  facet normal 0 0 1
    outer loop
      vertex 7.494112499058247 22.259374998509884 1.85
      vertex 7.800987496972084 22.259374998509884 1.85
      vertex 7.494112499058247 24.097099997103214 1.85
    endloop
  endfacet
  facet normal 0 1 0
    outer loop
      vertex 8.382462501525879 22.259374998509884 1.85
      vertex 8.382462501525879 22.259374998509884 1.5
      vertex 7.800987496972084 22.259374998509884 1.5
    endloop
  endfacet
  facet normal 1 0 0
    outer loop
      vertex 8.382462501525879 22 1.85
      vertex 8.382462501525879 22 1.5
      vertex 8.382462501525879 22.259374998509884 1.5
    endloop
  endfacet
  facet normal -0.5672933819384565 -0.8235157671889644 0
    outer loop
      vertex 8.941187500953674 22.129699997603893 1.85
      vertex 8.941187500953674 22.129699997603893 1.5
      vertex 8.99103132635355 22.095364198088646 1.5
    endloop
  endfacet
  facet normal -0.7123904016401594 -0.7017833822847134 0
    outer loop
      vertex 8.853785030543804 22.210154317319393 1.85
      vertex 8.853785030543804 22.210154317319393 1.5
      vertex 8.89532021433115 22.16799135506153 1.5
    endloop
  endfacet
  facet normal -0.640861914135645 -0.7676561776019243 0
    outer loop
      vertex 8.89532021433115 22.16799135506153 1.85
      vertex 8.89532021433115 22.16799135506153 1.5
      vertex 8.941187500953674 22.129699997603893 1.5
    endloop
  endfacet
  facet normal -0.7777651047726337 -0.6285550427751049 0
    outer loop
      vertex 8.816581942141056 22.25618889182806 1.85
      vertex 8.816581942141056 22.25618889182806 1.5
      vertex 8.853785030543804 22.210154317319393 1.5
    endloop
  endfacet
  facet normal -0.8351251614423475 -0.5500599646637566 0
    outer loop
      vertex 8.783710956573486 22.30609506368637 1.85
      vertex 8.783710956573486 22.30609506368637 1.5
      vertex 8.816581942141056 22.25618889182806 1.5
    endloop
  endfacet
  facet normal -0.8833235614466876 -0.46876378464333174 0
    outer loop
      vertex 8.755172066390514 22.359872840344906 1.85
      vertex 8.755172066390514 22.359872840344906 1.5
      vertex 8.783710956573486 22.30609506368637 1.5
    endloop
  endfacet
  facet normal -0.9220160930715889 -0.3871515518721359 0
    outer loop
      vertex 8.73096527904272 22.417522221803665 1.85
      vertex 8.73096527904272 22.417522221803665 1.5
      vertex 8.755172066390514 22.359872840344906 1.5
    endloop
  endfacet
  facet normal -0.9515765109505032 -0.30741200986179246 0
    outer loop
      vertex 8.711090587079525 22.47904320806265 1.85
      vertex 8.711090587079525 22.47904320806265 1.5
      vertex 8.73096527904272 22.417522221803665 1.5
    endloop
  endfacet
  facet normal -0.9728968796972061 -0.23123940294733517 0
    outer loop
      vertex 8.695547990500927 22.544435799121857 1.85
      vertex 8.695547990500927 22.544435799121857 1.5
      vertex 8.711090587079525 22.47904320806265 1.5
    endloop
  endfacet
  facet normal -0.9871539370125936 -0.15977203960811293 0
    outer loop
      vertex 8.684337496757507 22.61370000243187 1.85
      vertex 8.684337496757507 22.61370000243187 1.5
      vertex 8.695547990500927 22.544435799121857 1.5
    endloop
  endfacet
  facet normal -0.09102689308518452 0.9958484346200773 0
    outer loop
      vertex 8.999687500298023 22.642525002360344 1.85
      vertex 8.999687500298023 22.642525002360344 1.5
      vertex 8.684337496757507 22.61370000243187 1.5
    endloop
  endfacet
  facet normal -0.3436835946803157 -0.939085505557197 0
    outer loop
      vertex 9.101581946015358 22.03881110996008 1.85
      vertex 9.101581946015358 22.03881110996008 1.5
      vertex 9.16228873282671 22.01659382879734 1.5
    endloop
  endfacet
  facet normal -0.271931910648154 -0.9623164946997659 0
    outer loop
      vertex 9.16228873282671 22.01659382879734 1.85
      vertex 9.16228873282671 22.01659382879734 1.5
      vertex 9.226616509258747 21.998416051268578 1.5
    endloop
  endfacet
  facet normal -0.2037095651589808 -0.9790313646981587 0
    outer loop
      vertex 9.226616509258747 21.998416051268578 1.85
      vertex 9.226616509258747 21.998416051268578 1.5
      vertex 9.29456527531147 21.98427777737379 1.5
    endloop
  endfacet
  facet normal -0.49300724302422566 -0.8700252055691561 0
    outer loop
      vertex 8.99103132635355 22.095364198088646 1.85
      vertex 8.99103132635355 22.095364198088646 1.5
      vertex 9.044496141374111 22.065067902207375 1.5
    endloop
  endfacet
  facet normal -0.41787043300302734 -0.9085066324589284 0
    outer loop
      vertex 9.044496141374111 22.065067902207375 1.85
      vertex 9.044496141374111 22.065067902207375 1.5
      vertex 9.101581946015358 22.03881110996008 1.5
    endloop
  endfacet
  facet normal -0.1397197029810271 -0.9901910949907061 0
    outer loop
      vertex 9.29456527531147 21.98427777737379 1.85
      vertex 9.29456527531147 21.98427777737379 1.5
      vertex 9.366135030984879 21.97417901456356 1.5
    endloop
  endfacet
  facet normal -0.08032478905803316 -0.9967687436225027 0
    outer loop
      vertex 9.366135030984879 21.97417901456356 1.85
      vertex 9.366135030984879 21.97417901456356 1.5
      vertex 9.441325768828392 21.968119755387306 1.5
    endloop
  endfacet
  facet normal -0.025619189838297467 -0.9996717746900875 0
    outer loop
      vertex 9.441325768828392 21.968119755387306 1.85
      vertex 9.441325768828392 21.968119755387306 1.5
      vertex 9.520137496292591 21.966099999845028 1.5
    endloop
  endfacet
  facet normal 0.02651527085121132 -0.999648408397516 0
    outer loop
      vertex 9.520137496292591 21.966099999845028 1.85
      vertex 9.520137496292591 21.966099999845028 1.5
      vertex 9.604568675160408 21.968339502811432 1.5
    endloop
  endfacet
  facet normal 0.47603261620788 0.8794276253940861 0
    outer loop
      vertex 9.258120834827423 22.265791669487953 1.85
      vertex 9.258120834827423 22.265791669487953 1.5
      vertex 9.19045601785183 22.302418515086174 1.5
    endloop
  endfacet
  facet normal 0.6314532460726581 0.7754139526886932 0
    outer loop
      vertex 9.19045601785183 22.302418515086174 1.85
      vertex 9.19045601785183 22.302418515086174 1.5
      vertex 9.132628239691257 22.349510185420513 1.5
    endloop
  endfacet
  facet normal 0.3198353779583104 0.9474731294375924 0
    outer loop
      vertex 9.335622683167458 22.23962962627411 1.85
      vertex 9.335622683167458 22.23962962627411 1.5
      vertex 9.258120834827423 22.265791669487953 1.5
    endloop
  endfacet
  facet normal 0.17689339533682102 0.9842300171637781 0
    outer loop
      vertex 9.422961577773094 22.223932407796383 1.85
      vertex 9.422961577773094 22.223932407796383 1.5
      vertex 9.335622683167458 22.23962962627411 1.5
    endloop
  endfacet
  facet normal 0.05376681938907925 0.9985535184118987 0
    outer loop
      vertex 9.520137496292591 22.218699999153614 1.85
      vertex 9.520137496292591 22.218699999153614 1.5
      vertex 9.422961577773094 22.223932407796383 1.5
    endloop
  endfacet
  facet normal -0.028027205485201944 0.9996071607149932 0
    outer loop
      vertex 9.570146448910236 22.220102161169052 1.85
      vertex 9.570146448910236 22.220102161169052 1.5
      vertex 9.520137496292591 22.218699999153614 1.5
    endloop
  endfacet
  facet normal -0.08810145950452061 0.9961115062246662 0
    outer loop
      vertex 9.617706634104252 22.224308639764786 1.85
      vertex 9.617706634104252 22.224308639764786 1.5
      vertex 9.570146448910236 22.220102161169052 1.5
    endloop
  endfacet
  facet normal 0.08369368383402113 -0.9964915289586213 0
    outer loop
      vertex 9.604568675160408 21.968339502811432 1.85
      vertex 9.604568675160408 21.968339502811432 1.5
      vertex 9.68456219136715 21.975058026611805 1.5
    endloop
  endfacet
  facet normal 0.14660078713366737 -0.9891957385734076 0
    outer loop
      vertex 9.68456219136715 21.975058026611805 1.85
      vertex 9.68456219136715 21.975058026611805 1.5
      vertex 9.760118052363396 21.986255556344986 1.5
    endloop
  endfacet
  facet normal 0.21526171358593274 -0.9765563960489163 0
    outer loop
      vertex 9.760118052363396 21.986255556344986 1.85
      vertex 9.760118052363396 21.986255556344986 1.5
      vertex 9.831236265599728 22.001932099461555 1.5
    endloop
  endfacet
  facet normal 0.2893410712217995 -0.9572260676058826 0
    outer loop
      vertex 9.831236265599728 22.001932099461555 1.85
      vertex 9.831236265599728 22.001932099461555 1.5
      vertex 9.897916823625565 22.022087655961514 1.5
    endloop
  endfacet
  facet normal 0.36800656889123246 -0.9298231903178703 0
    outer loop
      vertex 9.897916823625565 22.022087655961514 1.85
      vertex 9.897916823625565 22.022087655961514 1.5
      vertex 9.960159718990326 22.04672222584486 1.5
    endloop
  endfacet
  facet normal 0.4498191455311584 -0.8931196651701374 0
    outer loop
      vertex 9.960159718990326 22.04672222584486 1.85
      vertex 9.960159718990326 22.04672222584486 1.5
      vertex 10.017964966595173 22.075835801661015 1.5
    endloop
  endfacet
  facet normal 0.532708554279981 -0.8462987629654982 0
    outer loop
      vertex 10.017964966595173 22.075835801661015 1.85
      vertex 10.017964966595173 22.075835801661015 1.5
      vertex 10.071332558989525 22.109428398311138 1.5
    endloop
  endfacet
  facet normal 0.6140911436059997 -0.7892351153773352 0
    outer loop
      vertex 10.071332558989525 22.109428398311138 1.85
      vertex 10.071332558989525 22.109428398311138 1.5
      vertex 10.120262503623962 22.14750000089407 1.5
    endloop
  endfacet
  facet normal -0.15356736922456518 0.988138180169882 0
    outer loop
      vertex 9.662818051874638 22.231319442391396 1.85
      vertex 9.662818051874638 22.231319442391396 1.5
      vertex 9.617706634104252 22.224308639764786 1.5
    endloop
  endfacet
  facet normal -0.22420660311062188 0.9745416353966597 0
    outer loop
      vertex 9.705480709671974 22.24113456904888 1.85
      vertex 9.705480709671974 22.24113456904888 1.5
      vertex 9.662818051874638 22.231319442391396 1.5
    endloop
  endfacet
  facet normal -0.29941180311108856 0.9541239815442052 0
    outer loop
      vertex 9.745694600045681 22.253754012286663 1.85
      vertex 9.745694600045681 22.253754012286663 1.5
      vertex 9.705480709671974 22.24113456904888 1.5
    endloop
  endfacet
  facet normal -0.37809517091740835 0.9257667318114945 0
    outer loop
      vertex 9.783459722995758 22.26917777955532 1.85
      vertex 9.783459722995758 22.26917777955532 1.5
      vertex 9.745694600045681 22.253754012286663 1.5
    endloop
  endfacet
  facet normal -0.4586486310150556 0.8886177092923679 0
    outer loop
      vertex 9.818776078522205 22.287405863404274 1.85
      vertex 9.818776078522205 22.287405863404274 1.5
      vertex 9.783459722995758 22.26917777955532 1.5
    endloop
  endfacet
  facet normal -0.5390018215037238 0.8423045983583776 0
    outer loop
      vertex 9.851643674075603 22.308438271284103 1.85
      vertex 9.851643674075603 22.308438271284103 1.5
      vertex 9.818776078522205 22.287405863404274 1.5
    endloop
  endfacet
  facet normal -0.6168006761226275 0.7871193848042808 0
    outer loop
      vertex 9.882062502205372 22.33227500319481 1.85
      vertex 9.882062502205372 22.33227500319481 1.5
      vertex 9.851643674075603 22.308438271284103 1.5
    endloop
  endfacet
  facet normal -0.6942948210182686 0.7196906984998559 0
    outer loop
      vertex 9.909640274941921 22.358879633247852 1.85
      vertex 9.909640274941921 22.358879633247852 1.5
      vertex 9.882062502205372 22.33227500319481 1.5
    endloop
  endfacet
  facet normal 0.690792910416826 -0.7230526640002448 0
    outer loop
      vertex 10.120262503623962 22.14750000089407 1.85
      vertex 10.120262503623962 22.14750000089407 1.5
      vertex 10.164383798837662 22.189652778208256 1.5
    endloop
  endfacet
  facet normal 0.7621866312154779 -0.647357350461398 0
    outer loop
      vertex 10.164383798837662 22.189652778208256 1.85
      vertex 10.164383798837662 22.189652778208256 1.5
      vertex 10.20331434905529 22.235488891601562 1.5
    endloop
  endfacet
  facet normal 0.826409339735364 -0.563069803131157 0
    outer loop
      vertex 10.20331434905529 22.235488891601562 1.85
      vertex 10.20331434905529 22.235488891601562 1.5
      vertex 10.237054169178009 22.28500833362341 1.5
    endloop
  endfacet
  facet normal 0.881151691077427 -0.47283368884988597 0
    outer loop
      vertex 10.237054169178009 22.28500833362341 1.85
      vertex 10.237054169178009 22.28500833362341 1.5
      vertex 10.265603244304657 22.338211111724377 1.5
    endloop
  endfacet
  facet normal 0.7680440184205762 0.6403970532164973 0
    outer loop
      vertex 9.132628239691257 22.349510185420513 1.85
      vertex 9.132628239691257 22.349510185420513 1.5
      vertex 9.084637500345707 22.40706666558981 1.5
    endloop
  endfacet
  facet normal 0.8721681429392218 0.48920622486017995 0
    outer loop
      vertex 9.084637500345707 22.40706666558981 1.85
      vertex 9.084637500345707 22.40706666558981 1.5
      vertex 9.046483799815178 22.475087963044643 1.5
    endloop
  endfacet
  facet normal 0.940651640030577 0.3393736762151504 0
    outer loop
      vertex 9.046483799815178 22.475087963044643 1.85
      vertex 9.046483799815178 22.475087963044643 1.5
      vertex 9.01816713064909 22.553574077785015 1.5
    endloop
  endfacet
  facet normal 0.9790941382160818 0.2034076412303824 0
    outer loop
      vertex 9.01816713064909 22.553574077785015 1.85
      vertex 9.01816713064909 22.553574077785015 1.5
      vertex 8.999687500298023 22.642525002360344 1.5
    endloop
  endfacet
  facet normal -0.7695638836112909 0.6385698309825697 0
    outer loop
      vertex 9.933973610401154 22.388204626739025 1.85
      vertex 9.933973610401154 22.388204626739025 1.5
      vertex 9.909640274941921 22.358879633247852 1.5
    endloop
  endfacet
  facet normal -0.8353403610262585 0.5497331000044658 0
    outer loop
      vertex 9.955062501132488 22.42024999856949 1.85
      vertex 9.955062501132488 22.42024999856949 1.5
      vertex 9.933973610401154 22.388204626739025 1.5
    endloop
  endfacet
  facet normal -0.8896526116236879 0.45663796450925037 0
    outer loop
      vertex 9.972906947135925 22.455015741288662 1.85
      vertex 9.972906947135925 22.455015741288662 1.5
      vertex 9.955062501132488 22.42024999856949 1.5
    endloop
  endfacet
  facet normal -0.9318193061441252 0.3629225546822368 0
    outer loop
      vertex 9.987506940960884 22.492501854896545 1.85
      vertex 9.987506940960884 22.492501854896545 1.5
      vertex 9.972906947135925 22.455015741288662 1.5
    endloop
  endfacet
  facet normal -0.9623541371035069 0.27179866592712465 0
    outer loop
      vertex 9.998862497508526 22.53270833194256 1.85
      vertex 9.998862497508526 22.53270833194256 1.5
      vertex 9.987506940960884 22.492501854896545 1.5
    endloop
  endfacet
  facet normal -0.9826128036846848 0.18566657759252955 0
    outer loop
      vertex 10.00697360932827 22.575635187327862 1.85
      vertex 10.00697360932827 22.575635187327862 1.5
      vertex 9.998862497508526 22.53270833194256 1.5
    endloop
  endfacet
  facet normal -0.9943646432473074 0.10601394370390657 0
    outer loop
      vertex 10.011840276420116 22.621282406151295 1.85
      vertex 10.011840276420116 22.621282406151295 1.5
      vertex 10.00697360932827 22.575635187327862 1.5
    endloop
  endfacet
  facet normal -0.999438026891021 0.03352059671579112 0
    outer loop
      vertex 10.013462498784065 22.66965000331402 1.85
      vertex 10.013462498784065 22.66965000331402 1.5
      vertex 10.011840276420116 22.621282406151295 1.5
    endloop
  endfacet
  facet normal -0.9990411901531205 -0.04378013679097419 0
    outer loop
      vertex 10.011610336601734 22.71191543340683 1.85
      vertex 10.011610336601734 22.71191543340683 1.5
      vertex 10.013462498784065 22.66965000331402 1.5
    endloop
  endfacet
  facet normal -0.9905599449520325 -0.1370802518841654 0
    outer loop
      vertex 10.006053857505322 22.752067282795906 1.85
      vertex 10.006053857505322 22.752067282795906 1.5
      vertex 10.011610336601734 22.71191543340683 1.5
    endloop
  endfacet
  facet normal -0.97161918837839 -0.23655052901001644 0
    outer loop
      vertex 9.996793054044247 22.790105558931828 1.85
      vertex 9.996793054044247 22.790105558931828 1.5
      vertex 10.006053857505322 22.752067282795906 1.5
    endloop
  endfacet
  facet normal 0 -1 0
    outer loop
      vertex 6.885512501001358 22 1.85
      vertex 8.382462501525879 22 1.5
      vertex 8.382462501525879 22 1.85
    endloop
  endfacet
  facet normal 0 1 0
    outer loop
      vertex 7.800987496972084 22.259374998509884 1.85
      vertex 8.382462501525879 22.259374998509884 1.85
      vertex 7.800987496972084 22.259374998509884 1.5
    endloop
  endfacet
  facet normal -0.640861914135645 -0.7676561776019243 0
    outer loop
      vertex 8.941187500953674 22.129699997603893 1.85
      vertex 8.89532021433115 22.16799135506153 1.85
      vertex 8.941187500953674 22.129699997603893 1.5
    endloop
  endfacet
  facet normal 1 0 0
    outer loop
      vertex 8.382462501525879 22 1.85
      vertex 8.382462501525879 22.259374998509884 1.5
      vertex 8.382462501525879 22.259374998509884 1.85
    endloop
  endfacet
  facet normal -0.7123904016401594 -0.7017833822847134 0
    outer loop
      vertex 8.89532021433115 22.16799135506153 1.85
      vertex 8.853785030543804 22.210154317319393 1.85
      vertex 8.89532021433115 22.16799135506153 1.5
    endloop
  endfacet
  facet normal -0.7777651047726337 -0.6285550427751049 0
    outer loop
      vertex 8.853785030543804 22.210154317319393 1.85
      vertex 8.816581942141056 22.25618889182806 1.85
      vertex 8.853785030543804 22.210154317319393 1.5
    endloop
  endfacet
  facet normal -0.8351251614423475 -0.5500599646637566 0
    outer loop
      vertex 8.816581942141056 22.25618889182806 1.85
      vertex 8.783710956573486 22.30609506368637 1.85
      vertex 8.816581942141056 22.25618889182806 1.5
    endloop
  endfacet
  facet normal -0.8833235614466876 -0.46876378464333174 0
    outer loop
      vertex 8.783710956573486 22.30609506368637 1.85
      vertex 8.755172066390514 22.359872840344906 1.85
      vertex 8.783710956573486 22.30609506368637 1.5
    endloop
  endfacet
  facet normal 0 0 1
    outer loop
      vertex 6.885512501001358 22 1.85
      vertex 8.382462501525879 22 1.85
      vertex 7.800987496972084 22.259374998509884 1.85
    endloop
  endfacet
  facet normal 0 0 1
    outer loop
      vertex 8.382462501525879 22 1.85
      vertex 8.382462501525879 22.259374998509884 1.85
      vertex 7.800987496972084 22.259374998509884 1.85
    endloop
  endfacet
  facet normal 0 0 1
    outer loop
      vertex 8.89532021433115 22.16799135506153 1.85
      vertex 9.084637500345707 22.40706666558981 1.85
      vertex 8.853785030543804 22.210154317319393 1.85
    endloop
  endfacet
  facet normal 0 0 1
    outer loop
      vertex 8.853785030543804 22.210154317319393 1.85
      vertex 9.084637500345707 22.40706666558981 1.85
      vertex 8.816581942141056 22.25618889182806 1.85
    endloop
  endfacet
  facet normal 0 0 1
    outer loop
      vertex 8.816581942141056 22.25618889182806 1.85
      vertex 9.046483799815178 22.475087963044643 1.85
      vertex 8.783710956573486 22.30609506368637 1.85
    endloop
  endfacet
  facet normal -0.9220160930715889 -0.3871515518721359 0
    outer loop
      vertex 8.755172066390514 22.359872840344906 1.85
      vertex 8.73096527904272 22.417522221803665 1.85
      vertex 8.755172066390514 22.359872840344906 1.5
    endloop
  endfacet
  facet normal -0.9515765109505032 -0.30741200986179246 0
    outer loop
      vertex 8.73096527904272 22.417522221803665 1.85
      vertex 8.711090587079525 22.47904320806265 1.85
      vertex 8.73096527904272 22.417522221803665 1.5
    endloop
  endfacet
  facet normal -0.9728968796972061 -0.23123940294733517 0
    outer loop
      vertex 8.711090587079525 22.47904320806265 1.85
      vertex 8.695547990500927 22.544435799121857 1.85
      vertex 8.711090587079525 22.47904320806265 1.5
    endloop
  endfacet
  facet normal -0.9871539370125936 -0.15977203960811293 0
    outer loop
      vertex 8.695547990500927 22.544435799121857 1.85
      vertex 8.684337496757507 22.61370000243187 1.85
      vertex 8.695547990500927 22.544435799121857 1.5
    endloop
  endfacet
  facet normal -0.09102689308518452 0.9958484346200773 0
    outer loop
      vertex 8.684337496757507 22.61370000243187 1.85
      vertex 8.999687500298023 22.642525002360344 1.85
      vertex 8.684337496757507 22.61370000243187 1.5
    endloop
  endfacet
  facet normal 0 0 1
    outer loop
      vertex 8.783710956573486 22.30609506368637 1.85
      vertex 9.046483799815178 22.475087963044643 1.85
      vertex 8.755172066390514 22.359872840344906 1.85
    endloop
  endfacet
  facet normal 0 0 1
    outer loop
      vertex 8.755172066390514 22.359872840344906 1.85
      vertex 9.046483799815178 22.475087963044643 1.85
      vertex 8.73096527904272 22.417522221803665 1.85
    endloop
  endfacet
  facet normal 0 0 1
    outer loop
      vertex 8.711090587079525 22.47904320806265 1.85
      vertex 9.01816713064909 22.553574077785015 1.85
      vertex 8.695547990500927 22.544435799121857 1.85
    endloop
  endfacet
  facet normal 0 0 1
    outer loop
      vertex 8.73096527904272 22.417522221803665 1.85
      vertex 9.01816713064909 22.553574077785015 1.85
      vertex 8.711090587079525 22.47904320806265 1.85
    endloop
  endfacet
  facet normal 0 0 1
    outer loop
      vertex 8.73096527904272 22.417522221803665 1.85
      vertex 9.046483799815178 22.475087963044643 1.85
      vertex 9.01816713064909 22.553574077785015 1.85
    endloop
  endfacet
  facet normal 0 0 1
    outer loop
      vertex 8.695547990500927 22.544435799121857 1.85
      vertex 8.999687500298023 22.642525002360344 1.85
      vertex 8.684337496757507 22.61370000243187 1.85
    endloop
  endfacet
  facet normal 0 0 1
    outer loop
      vertex 8.695547990500927 22.544435799121857 1.85
      vertex 9.01816713064909 22.553574077785015 1.85
      vertex 8.999687500298023 22.642525002360344 1.85
    endloop
  endfacet
  facet normal -0.2037095651589808 -0.9790313646981587 0
    outer loop
      vertex 9.29456527531147 21.98427777737379 1.85
      vertex 9.226616509258747 21.998416051268578 1.85
      vertex 9.29456527531147 21.98427777737379 1.5
    endloop
  endfacet
  facet normal -0.271931910648154 -0.9623164946997659 0
    outer loop
      vertex 9.226616509258747 21.998416051268578 1.85
      vertex 9.16228873282671 22.01659382879734 1.85
      vertex 9.226616509258747 21.998416051268578 1.5
    endloop
  endfacet
  facet normal -0.3436835946803157 -0.939085505557197 0
    outer loop
      vertex 9.16228873282671 22.01659382879734 1.85
      vertex 9.101581946015358 22.03881110996008 1.85
      vertex 9.16228873282671 22.01659382879734 1.5
    endloop
  endfacet
  facet normal -0.49300724302422566 -0.8700252055691561 0
    outer loop
      vertex 9.044496141374111 22.065067902207375 1.85
      vertex 8.99103132635355 22.095364198088646 1.85
      vertex 9.044496141374111 22.065067902207375 1.5
    endloop
  endfacet
  facet normal -0.41787043300302734 -0.9085066324589284 0
    outer loop
      vertex 9.101581946015358 22.03881110996008 1.85
      vertex 9.044496141374111 22.065067902207375 1.85
      vertex 9.101581946015358 22.03881110996008 1.5
    endloop
  endfacet
  facet normal -0.5672933819384565 -0.8235157671889644 0
    outer loop
      vertex 8.99103132635355 22.095364198088646 1.85
      vertex 8.941187500953674 22.129699997603893 1.85
      vertex 8.99103132635355 22.095364198088646 1.5
    endloop
  endfacet
  facet normal -0.1397197029810271 -0.9901910949907061 0
    outer loop
      vertex 9.29456527531147 21.98427777737379 1.85
      vertex 9.366135030984879 21.97417901456356 1.5
      vertex 9.366135030984879 21.97417901456356 1.85
    endloop
  endfacet
  facet normal -0.08032478905803316 -0.9967687436225027 0
    outer loop
      vertex 9.366135030984879 21.97417901456356 1.85
      vertex 9.441325768828392 21.968119755387306 1.5
      vertex 9.441325768828392 21.968119755387306 1.85
    endloop
  endfacet
  facet normal -0.025619189838297467 -0.9996717746900875 0
    outer loop
      vertex 9.441325768828392 21.968119755387306 1.85
      vertex 9.520137496292591 21.966099999845028 1.5
      vertex 9.520137496292591 21.966099999845028 1.85
    endloop
  endfacet
  facet normal 0.02651527085121132 -0.999648408397516 0
    outer loop
      vertex 9.520137496292591 21.966099999845028 1.85
      vertex 9.604568675160408 21.968339502811432 1.5
      vertex 9.604568675160408 21.968339502811432 1.85
    endloop
  endfacet
  facet normal 0.3198353779583104 0.9474731294375924 0
    outer loop
      vertex 9.258120834827423 22.265791669487953 1.85
      vertex 9.335622683167458 22.23962962627411 1.85
      vertex 9.258120834827423 22.265791669487953 1.5
    endloop
  endfacet
  facet normal 0.47603261620788 0.8794276253940861 0
    outer loop
      vertex 9.258120834827423 22.265791669487953 1.85
      vertex 9.19045601785183 22.302418515086174 1.5
      vertex 9.19045601785183 22.302418515086174 1.85
    endloop
  endfacet
  facet normal 0.6314532460726581 0.7754139526886932 0
    outer loop
      vertex 9.19045601785183 22.302418515086174 1.85
      vertex 9.132628239691257 22.349510185420513 1.5
      vertex 9.132628239691257 22.349510185420513 1.85
    endloop
  endfacet
  facet normal 0.17689339533682102 0.9842300171637781 0
    outer loop
      vertex 9.422961577773094 22.223932407796383 1.85
      vertex 9.335622683167458 22.23962962627411 1.5
      vertex 9.335622683167458 22.23962962627411 1.85
    endloop
  endfacet
  facet normal 0.05376681938907925 0.9985535184118987 0
    outer loop
      vertex 9.422961577773094 22.223932407796383 1.85
      vertex 9.520137496292591 22.218699999153614 1.85
      vertex 9.422961577773094 22.223932407796383 1.5
    endloop
  endfacet
  facet normal -0.028027205485201944 0.9996071607149932 0
    outer loop
      vertex 9.520137496292591 22.218699999153614 1.85
      vertex 9.570146448910236 22.220102161169052 1.85
      vertex 9.520137496292591 22.218699999153614 1.5
    endloop
  endfacet
  facet normal -0.08810145950452061 0.9961115062246662 0
    outer loop
      vertex 9.570146448910236 22.220102161169052 1.85
      vertex 9.617706634104252 22.224308639764786 1.85
      vertex 9.570146448910236 22.220102161169052 1.5
    endloop
  endfacet
  facet normal 0.08369368383402113 -0.9964915289586213 0
    outer loop
      vertex 9.604568675160408 21.968339502811432 1.85
      vertex 9.68456219136715 21.975058026611805 1.5
      vertex 9.68456219136715 21.975058026611805 1.85
    endloop
  endfacet
  facet normal 0.14660078713366737 -0.9891957385734076 0
    outer loop
      vertex 9.68456219136715 21.975058026611805 1.85
      vertex 9.760118052363396 21.986255556344986 1.5
      vertex 9.760118052363396 21.986255556344986 1.85
    endloop
  endfacet
  facet normal 0.21526171358593274 -0.9765563960489163 0
    outer loop
      vertex 9.760118052363396 21.986255556344986 1.85
      vertex 9.831236265599728 22.001932099461555 1.5
      vertex 9.831236265599728 22.001932099461555 1.85
    endloop
  endfacet
  facet normal 0.2893410712217995 -0.9572260676058826 0
    outer loop
      vertex 9.831236265599728 22.001932099461555 1.85
      vertex 9.897916823625565 22.022087655961514 1.5
      vertex 9.897916823625565 22.022087655961514 1.85
    endloop
  endfacet
  facet normal 0.36800656889123246 -0.9298231903178703 0
    outer loop
      vertex 9.897916823625565 22.022087655961514 1.85
      vertex 9.960159718990326 22.04672222584486 1.5
      vertex 9.960159718990326 22.04672222584486 1.85
    endloop
  endfacet
  facet normal 0.4498191455311584 -0.8931196651701374 0
    outer loop
      vertex 9.960159718990326 22.04672222584486 1.85
      vertex 10.017964966595173 22.075835801661015 1.5
      vertex 10.017964966595173 22.075835801661015 1.85
    endloop
  endfacet
  facet normal 0.532708554279981 -0.8462987629654982 0
    outer loop
      vertex 10.017964966595173 22.075835801661015 1.85
      vertex 10.071332558989525 22.109428398311138 1.5
      vertex 10.071332558989525 22.109428398311138 1.85
    endloop
  endfacet
  facet normal 0.6140911436059997 -0.7892351153773352 0
    outer loop
      vertex 10.071332558989525 22.109428398311138 1.85
      vertex 10.120262503623962 22.14750000089407 1.5
      vertex 10.120262503623962 22.14750000089407 1.85
    endloop
  endfacet
  facet normal -0.15356736922456518 0.988138180169882 0
    outer loop
      vertex 9.617706634104252 22.224308639764786 1.85
      vertex 9.662818051874638 22.231319442391396 1.85
      vertex 9.617706634104252 22.224308639764786 1.5
    endloop
  endfacet
  facet normal -0.22420660311062188 0.9745416353966597 0
    outer loop
      vertex 9.662818051874638 22.231319442391396 1.85
      vertex 9.705480709671974 22.24113456904888 1.85
      vertex 9.662818051874638 22.231319442391396 1.5
    endloop
  endfacet
  facet normal -0.29941180311108856 0.9541239815442052 0
    outer loop
      vertex 9.705480709671974 22.24113456904888 1.85
      vertex 9.745694600045681 22.253754012286663 1.85
      vertex 9.705480709671974 22.24113456904888 1.5
    endloop
  endfacet
  facet normal -0.37809517091740835 0.9257667318114945 0
    outer loop
      vertex 9.745694600045681 22.253754012286663 1.85
      vertex 9.783459722995758 22.26917777955532 1.85
      vertex 9.745694600045681 22.253754012286663 1.5
    endloop
  endfacet
  facet normal -0.4586486310150556 0.8886177092923679 0
    outer loop
      vertex 9.783459722995758 22.26917777955532 1.85
      vertex 9.818776078522205 22.287405863404274 1.85
      vertex 9.783459722995758 22.26917777955532 1.5
    endloop
  endfacet
  facet normal -0.5390018215037238 0.8423045983583776 0
    outer loop
      vertex 9.818776078522205 22.287405863404274 1.85
      vertex 9.851643674075603 22.308438271284103 1.85
      vertex 9.818776078522205 22.287405863404274 1.5
    endloop
  endfacet
  facet normal -0.6168006761226275 0.7871193848042808 0
    outer loop
      vertex 9.851643674075603 22.308438271284103 1.85
      vertex 9.882062502205372 22.33227500319481 1.85
      vertex 9.851643674075603 22.308438271284103 1.5
    endloop
  endfacet
  facet normal -0.6942948210182686 0.7196906984998559 0
    outer loop
      vertex 9.882062502205372 22.33227500319481 1.85
      vertex 9.909640274941921 22.358879633247852 1.85
      vertex 9.882062502205372 22.33227500319481 1.5
    endloop
  endfacet
  facet normal 0.690792910416826 -0.7230526640002448 0
    outer loop
      vertex 10.120262503623962 22.14750000089407 1.85
      vertex 10.164383798837662 22.189652778208256 1.5
      vertex 10.164383798837662 22.189652778208256 1.85
    endloop
  endfacet
  facet normal 0.7621866312154779 -0.647357350461398 0
    outer loop
      vertex 10.164383798837662 22.189652778208256 1.85
      vertex 10.20331434905529 22.235488891601562 1.5
      vertex 10.20331434905529 22.235488891601562 1.85
    endloop
  endfacet
  facet normal 0.826409339735364 -0.563069803131157 0
    outer loop
      vertex 10.20331434905529 22.235488891601562 1.85
      vertex 10.237054169178009 22.28500833362341 1.5
      vertex 10.237054169178009 22.28500833362341 1.85
    endloop
  endfacet
  facet normal 0 0 1
    outer loop
      vertex 9.101581946015358 22.03881110996008 1.85
      vertex 9.19045601785183 22.302418515086174 1.85
      vertex 9.044496141374111 22.065067902207375 1.85
    endloop
  endfacet
  facet normal 0 0 1
    outer loop
      vertex 9.29456527531147 21.98427777737379 1.85
      vertex 9.335622683167458 22.23962962627411 1.85
      vertex 9.226616509258747 21.998416051268578 1.85
    endloop
  endfacet
  facet normal 0 0 1
    outer loop
      vertex 9.226616509258747 21.998416051268578 1.85
      vertex 9.258120834827423 22.265791669487953 1.85
      vertex 9.16228873282671 22.01659382879734 1.85
    endloop
  endfacet
  facet normal 0 0 1
    outer loop
      vertex 9.16228873282671 22.01659382879734 1.85
      vertex 9.258120834827423 22.265791669487953 1.85
      vertex 9.101581946015358 22.03881110996008 1.85
    endloop
  endfacet
  facet normal 0 0 1
    outer loop
      vertex 9.29456527531147 21.98427777737379 1.85
      vertex 9.366135030984879 21.97417901456356 1.85
      vertex 9.335622683167458 22.23962962627411 1.85
    endloop
  endfacet
  facet normal 0 0 1
    outer loop
      vertex 9.366135030984879 21.97417901456356 1.85
      vertex 9.441325768828392 21.968119755387306 1.85
      vertex 9.422961577773094 22.223932407796383 1.85
    endloop
  endfacet
  facet normal 0 0 1
    outer loop
      vertex 9.366135030984879 21.97417901456356 1.85
      vertex 9.422961577773094 22.223932407796383 1.85
      vertex 9.335622683167458 22.23962962627411 1.85
    endloop
  endfacet
  facet normal 0 0 1
    outer loop
      vertex 9.441325768828392 21.968119755387306 1.85
      vertex 9.520137496292591 21.966099999845028 1.85
      vertex 9.520137496292591 22.218699999153614 1.85
    endloop
  endfacet
  facet normal 0 0 1
    outer loop
      vertex 9.520137496292591 21.966099999845028 1.85
      vertex 9.604568675160408 21.968339502811432 1.85
      vertex 9.570146448910236 22.220102161169052 1.85
    endloop
  endfacet
  facet normal 0 0 1
    outer loop
      vertex 9.441325768828392 21.968119755387306 1.85
      vertex 9.520137496292591 22.218699999153614 1.85
      vertex 9.422961577773094 22.223932407796383 1.85
    endloop
  endfacet
  facet normal 0 0 1
    outer loop
      vertex 9.520137496292591 21.966099999845028 1.85
      vertex 9.570146448910236 22.220102161169052 1.85
      vertex 9.520137496292591 22.218699999153614 1.85
    endloop
  endfacet
  facet normal 0 0 1
    outer loop
      vertex 9.604568675160408 21.968339502811432 1.85
      vertex 9.617706634104252 22.224308639764786 1.85
      vertex 9.570146448910236 22.220102161169052 1.85
    endloop
  endfacet
  facet normal 0 0 1
    outer loop
      vertex 8.99103132635355 22.095364198088646 1.85
      vertex 9.132628239691257 22.349510185420513 1.85
      vertex 8.941187500953674 22.129699997603893 1.85
    endloop
  endfacet
  facet normal 0 0 1
    outer loop
      vertex 9.044496141374111 22.065067902207375 1.85
      vertex 9.19045601785183 22.302418515086174 1.85
      vertex 8.99103132635355 22.095364198088646 1.85
    endloop
  endfacet
  facet normal 0 0 1
    outer loop
      vertex 8.941187500953674 22.129699997603893 1.85
      vertex 9.132628239691257 22.349510185420513 1.85
      vertex 8.89532021433115 22.16799135506153 1.85
    endloop
  endfacet
  facet normal 0 0 1
    outer loop
      vertex 8.99103132635355 22.095364198088646 1.85
      vertex 9.19045601785183 22.302418515086174 1.85
      vertex 9.132628239691257 22.349510185420513 1.85
    endloop
  endfacet
  facet normal 0 0 1
    outer loop
      vertex 9.226616509258747 21.998416051268578 1.85
      vertex 9.335622683167458 22.23962962627411 1.85
      vertex 9.258120834827423 22.265791669487953 1.85
    endloop
  endfacet
  facet normal 0 0 1
    outer loop
      vertex 9.101581946015358 22.03881110996008 1.85
      vertex 9.258120834827423 22.265791669487953 1.85
      vertex 9.19045601785183 22.302418515086174 1.85
    endloop
  endfacet
  facet normal 0 0 1
    outer loop
      vertex 8.89532021433115 22.16799135506153 1.85
      vertex 9.132628239691257 22.349510185420513 1.85
      vertex 9.084637500345707 22.40706666558981 1.85
    endloop
  endfacet
  facet normal 0 0 1
    outer loop
      vertex 9.604568675160408 21.968339502811432 1.85
      vertex 9.68456219136715 21.975058026611805 1.85
      vertex 9.617706634104252 22.224308639764786 1.85
    endloop
  endfacet
  facet normal 0 0 1
    outer loop
      vertex 9.68456219136715 21.975058026611805 1.85
      vertex 9.760118052363396 21.986255556344986 1.85
      vertex 9.662818051874638 22.231319442391396 1.85
    endloop
  endfacet
  facet normal 0 0 1
    outer loop
      vertex 9.760118052363396 21.986255556344986 1.85
      vertex 9.831236265599728 22.001932099461555 1.85
      vertex 9.705480709671974 22.24113456904888 1.85
    endloop
  endfacet
  facet normal 0 0 1
    outer loop
      vertex 9.617706634104252 22.224308639764786 1.85
      vertex 9.68456219136715 21.975058026611805 1.85
      vertex 9.662818051874638 22.231319442391396 1.85
    endloop
  endfacet
  facet normal 0 0 1
    outer loop
      vertex 9.831236265599728 22.001932099461555 1.85
      vertex 9.897916823625565 22.022087655961514 1.85
      vertex 9.745694600045681 22.253754012286663 1.85
    endloop
  endfacet
  facet normal 0 0 1
    outer loop
      vertex 9.897916823625565 22.022087655961514 1.85
      vertex 9.960159718990326 22.04672222584486 1.85
      vertex 9.818776078522205 22.287405863404274 1.85
    endloop
  endfacet
  facet normal 0 0 1
    outer loop
      vertex 9.960159718990326 22.04672222584486 1.85
      vertex 10.017964966595173 22.075835801661015 1.85
      vertex 9.851643674075603 22.308438271284103 1.85
    endloop
  endfacet
  facet normal 0 0 1
    outer loop
      vertex 9.760118052363396 21.986255556344986 1.85
      vertex 9.705480709671974 22.24113456904888 1.85
      vertex 9.662818051874638 22.231319442391396 1.85
    endloop
  endfacet
  facet normal 0 0 1
    outer loop
      vertex 9.831236265599728 22.001932099461555 1.85
      vertex 9.745694600045681 22.253754012286663 1.85
      vertex 9.705480709671974 22.24113456904888 1.85
    endloop
  endfacet
  facet normal 0 0 1
    outer loop
      vertex 9.897916823625565 22.022087655961514 1.85
      vertex 9.783459722995758 22.26917777955532 1.85
      vertex 9.745694600045681 22.253754012286663 1.85
    endloop
  endfacet
  facet normal 0 0 1
    outer loop
      vertex 9.897916823625565 22.022087655961514 1.85
      vertex 9.818776078522205 22.287405863404274 1.85
      vertex 9.783459722995758 22.26917777955532 1.85
    endloop
  endfacet
  facet normal 0 0 1
    outer loop
      vertex 9.960159718990326 22.04672222584486 1.85
      vertex 9.851643674075603 22.308438271284103 1.85
      vertex 9.818776078522205 22.287405863404274 1.85
    endloop
  endfacet
  facet normal 0 0 1
    outer loop
      vertex 10.017964966595173 22.075835801661015 1.85
      vertex 9.882062502205372 22.33227500319481 1.85
      vertex 9.851643674075603 22.308438271284103 1.85
    endloop
  endfacet
  facet normal 0 0 1
    outer loop
      vertex 10.017964966595173 22.075835801661015 1.85
      vertex 10.071332558989525 22.109428398311138 1.85
      vertex 9.882062502205372 22.33227500319481 1.85
    endloop
  endfacet
  facet normal 0 0 1
    outer loop
      vertex 10.071332558989525 22.109428398311138 1.85
      vertex 10.120262503623962 22.14750000089407 1.85
      vertex 9.882062502205372 22.33227500319481 1.85
    endloop
  endfacet
  facet normal 0 0 1
    outer loop
      vertex 10.120262503623962 22.14750000089407 1.85
      vertex 10.164383798837662 22.189652778208256 1.85
      vertex 9.909640274941921 22.358879633247852 1.85
    endloop
  endfacet
  facet normal 0 0 1
    outer loop
      vertex 10.120262503623962 22.14750000089407 1.85
      vertex 9.909640274941921 22.358879633247852 1.85
      vertex 9.882062502205372 22.33227500319481 1.85
    endloop
  endfacet
  facet normal 0 0 1
    outer loop
      vertex 10.164383798837662 22.189652778208256 1.85
      vertex 9.933973610401154 22.388204626739025 1.85
      vertex 9.909640274941921 22.358879633247852 1.85
    endloop
  endfacet
  facet normal 0 0 1
    outer loop
      vertex 10.20331434905529 22.235488891601562 1.85
      vertex 9.955062501132488 22.42024999856949 1.85
      vertex 9.933973610401154 22.388204626739025 1.85
    endloop
  endfacet
  facet normal 0 0 1
    outer loop
      vertex 10.164383798837662 22.189652778208256 1.85
      vertex 10.20331434905529 22.235488891601562 1.85
      vertex 9.933973610401154 22.388204626739025 1.85
    endloop
  endfacet
  facet normal 0 0 1
    outer loop
      vertex 10.20331434905529 22.235488891601562 1.85
      vertex 10.237054169178009 22.28500833362341 1.85
      vertex 9.955062501132488 22.42024999856949 1.85
    endloop
  endfacet
  facet normal 0.7680440184205762 0.6403970532164973 0
    outer loop
      vertex 9.132628239691257 22.349510185420513 1.85
      vertex 9.084637500345707 22.40706666558981 1.5
      vertex 9.084637500345707 22.40706666558981 1.85
    endloop
  endfacet
  facet normal 0.8721681429392218 0.48920622486017995 0
    outer loop
      vertex 9.084637500345707 22.40706666558981 1.85
      vertex 9.046483799815178 22.475087963044643 1.5
      vertex 9.046483799815178 22.475087963044643 1.85
    endloop
  endfacet
  facet normal 0.940651640030577 0.3393736762151504 0
    outer loop
      vertex 9.046483799815178 22.475087963044643 1.85
      vertex 9.01816713064909 22.553574077785015 1.5
      vertex 9.01816713064909 22.553574077785015 1.85
    endloop
  endfacet
  facet normal 0.9790941382160818 0.2034076412303824 0
    outer loop
      vertex 9.01816713064909 22.553574077785015 1.85
      vertex 8.999687500298023 22.642525002360344 1.5
      vertex 8.999687500298023 22.642525002360344 1.85
    endloop
  endfacet
  facet normal -0.7695638836112909 0.6385698309825697 0
    outer loop
      vertex 9.909640274941921 22.358879633247852 1.85
      vertex 9.933973610401154 22.388204626739025 1.85
      vertex 9.909640274941921 22.358879633247852 1.5
    endloop
  endfacet
  facet normal -0.8353403610262585 0.5497331000044658 0
    outer loop
      vertex 9.933973610401154 22.388204626739025 1.85
      vertex 9.955062501132488 22.42024999856949 1.85
      vertex 9.933973610401154 22.388204626739025 1.5
    endloop
  endfacet
  facet normal -0.8896526116236879 0.45663796450925037 0
    outer loop
      vertex 9.955062501132488 22.42024999856949 1.85
      vertex 9.972906947135925 22.455015741288662 1.85
      vertex 9.955062501132488 22.42024999856949 1.5
    endloop
  endfacet
  facet normal -0.9318193061441252 0.3629225546822368 0
    outer loop
      vertex 9.972906947135925 22.455015741288662 1.85
      vertex 9.987506940960884 22.492501854896545 1.85
      vertex 9.972906947135925 22.455015741288662 1.5
    endloop
  endfacet
  facet normal -0.9623541371035069 0.27179866592712465 0
    outer loop
      vertex 9.987506940960884 22.492501854896545 1.85
      vertex 9.998862497508526 22.53270833194256 1.85
      vertex 9.987506940960884 22.492501854896545 1.5
    endloop
  endfacet
  facet normal -0.9826128036846848 0.18566657759252955 0
    outer loop
      vertex 9.998862497508526 22.53270833194256 1.85
      vertex 10.00697360932827 22.575635187327862 1.85
      vertex 9.998862497508526 22.53270833194256 1.5
    endloop
  endfacet
  facet normal -0.9943646432473074 0.10601394370390657 0
    outer loop
      vertex 10.00697360932827 22.575635187327862 1.85
      vertex 10.011840276420116 22.621282406151295 1.85
      vertex 10.00697360932827 22.575635187327862 1.5
    endloop
  endfacet
  facet normal -0.999438026891021 0.03352059671579112 0
    outer loop
      vertex 10.011840276420116 22.621282406151295 1.85
      vertex 10.013462498784065 22.66965000331402 1.85
      vertex 10.011840276420116 22.621282406151295 1.5
    endloop
  endfacet
  facet normal -0.9905599449520325 -0.1370802518841654 0
    outer loop
      vertex 10.011610336601734 22.71191543340683 1.85
      vertex 10.006053857505322 22.752067282795906 1.85
      vertex 10.011610336601734 22.71191543340683 1.5
    endloop
  endfacet
  facet normal -0.9990411901531205 -0.04378013679097419 0
    outer loop
      vertex 10.013462498784065 22.66965000331402 1.85
      vertex 10.011610336601734 22.71191543340683 1.85
      vertex 10.013462498784065 22.66965000331402 1.5
    endloop
  endfacet
  facet normal -0.97161918837839 -0.23655052901001644 0
    outer loop
      vertex 10.006053857505322 22.752067282795906 1.85
      vertex 9.996793054044247 22.790105558931828 1.85
      vertex 10.006053857505322 22.752067282795906 1.5
    endloop
  endfacet
  facet normal 0 0 1
    outer loop
      vertex 8.816581942141056 22.25618889182806 1.85
      vertex 9.084637500345707 22.40706666558981 1.85
      vertex 9.046483799815178 22.475087963044643 1.85
    endloop
  endfacet
  facet normal 0 0 1
    outer loop
      vertex 10.237054169178009 22.28500833362341 1.85
      vertex 9.972906947135925 22.455015741288662 1.85
      vertex 9.955062501132488 22.42024999856949 1.85
    endloop
  endfacet
  facet normal 0 0 1
    outer loop
      vertex 10.265603244304657 22.338211111724377 1.85
      vertex 9.987506940960884 22.492501854896545 1.85
      vertex 9.972906947135925 22.455015741288662 1.85
    endloop
  endfacet
  facet normal 0 0 1
    outer loop
      vertex 10.237054169178009 22.28500833362341 1.85
      vertex 10.265603244304657 22.338211111724377 1.85
      vertex 9.972906947135925 22.455015741288662 1.85
    endloop
  endfacet
  facet normal 0 0 1
    outer loop
      vertex 10.265603244304657 22.338211111724377 1.85
      vertex 10.288961574435234 22.395097225904465 1.85
      vertex 9.987506940960884 22.492501854896545 1.85
    endloop
  endfacet
  facet normal 0 0 1
    outer loop
      vertex 10.288961574435234 22.395097225904465 1.85
      vertex 10.307129167020321 22.455666668713093 1.85
      vertex 9.987506940960884 22.492501854896545 1.85
    endloop
  endfacet
  facet normal 0 0 1
    outer loop
      vertex 10.307129167020321 22.455666668713093 1.85
      vertex 9.998862497508526 22.53270833194256 1.85
      vertex 9.987506940960884 22.492501854896545 1.85
    endloop
  endfacet
  facet normal 0 0 1
    outer loop
      vertex 10.307129167020321 22.455666668713093 1.85
      vertex 10.320106022059917 22.51991944760084 1.85
      vertex 9.998862497508526 22.53270833194256 1.85
    endloop
  endfacet
  facet normal 0 0 1
    outer loop
      vertex 9.998862497508526 22.53270833194256 1.85
      vertex 10.320106022059917 22.51991944760084 1.85
      vertex 10.00697360932827 22.575635187327862 1.85
    endloop
  endfacet
  facet normal 0 0 1
    outer loop
      vertex 10.320106022059917 22.51991944760084 1.85
      vertex 10.327892132103443 22.58785555511713 1.85
      vertex 10.00697360932827 22.575635187327862 1.85
    endloop
  endfacet
  facet normal 0 0 1
    outer loop
      vertex 10.00697360932827 22.575635187327862 1.85
      vertex 10.327892132103443 22.58785555511713 1.85
      vertex 10.011840276420116 22.621282406151295 1.85
    endloop
  endfacet
  facet normal 0 0 1
    outer loop
      vertex 10.327892132103443 22.58785555511713 1.85
      vertex 10.330487497150898 22.65947499871254 1.85
      vertex 10.011840276420116 22.621282406151295 1.85
    endloop
  endfacet
  facet normal 0 0 1
    outer loop
      vertex 10.011840276420116 22.621282406151295 1.85
      vertex 10.330487497150898 22.65947499871254 1.85
      vertex 10.013462498784065 22.66965000331402 1.85
    endloop
  endfacet
  facet normal 0 0 1
    outer loop
      vertex 10.013462498784065 22.66965000331402 1.85
      vertex 10.328645527362823 22.709373146295547 1.85
      vertex 10.011610336601734 22.71191543340683 1.85
    endloop
  endfacet
  facet normal 0 0 1
    outer loop
      vertex 10.013462498784065 22.66965000331402 1.85
      vertex 10.330487497150898 22.65947499871254 1.85
      vertex 10.328645527362823 22.709373146295547 1.85
    endloop
  endfacet
  facet normal 0 0 1
    outer loop
      vertex 10.011610336601734 22.71191543340683 1.85
      vertex 10.328645527362823 22.709373146295547 1.85
      vertex 10.323119595646858 22.757345370948315 1.85
    endloop
  endfacet
  facet normal 0 0 1
    outer loop
      vertex 10.011610336601734 22.71191543340683 1.85
      vertex 10.313909724354744 22.80339166522026 1.85
      vertex 10.006053857505322 22.752067282795906 1.85
    endloop
  endfacet
  facet normal 0 0 1
    outer loop
      vertex 10.011610336601734 22.71191543340683 1.85
      vertex 10.323119595646858 22.757345370948315 1.85
      vertex 10.313909724354744 22.80339166522026 1.85
    endloop
  endfacet
  facet normal 1 0 0
    outer loop
      vertex 7.800987496972084 22.259374998509884 1.85
      vertex 7.800987496972084 22.259374998509884 1.5
      vertex 7.800987496972084 24.388700000941753 1.5
    endloop
  endfacet
  facet normal 0 -1 0
    outer loop
      vertex 9.257362499833107 23.08330000191927 1.85
      vertex 9.257362499833107 23.08330000191927 1.5
      vertex 9.43028750270605 23.08330000191927 1.5
    endloop
  endfacet
  facet normal -0.022027041620880084 -0.9997573752853399 0
    outer loop
      vertex 9.43028750270605 23.08330000191927 1.85
      vertex 9.43028750270605 23.08330000191927 1.5
      vertex 9.491560958325863 23.08195000141859 1.5
    endloop
  endfacet
  facet normal -0.06967349572000459 -0.9975698491805747 0
    outer loop
      vertex 9.491560958325863 23.08195000141859 1.85
      vertex 9.491560958325863 23.08195000141859 1.5
      vertex 9.549547992646694 23.077899999916553 1.5
    endloop
  endfacet
  facet normal -0.12247008916810279 -0.992472204779135 0
    outer loop
      vertex 9.549547992646694 23.077899999916553 1.85
      vertex 9.549547992646694 23.077899999916553 1.5
      vertex 9.604248613119125 23.07114999741316 1.5
    endloop
  endfacet
  facet normal -0.7031022121198479 -0.7110887984718761 0
    outer loop
      vertex 9.894924230873585 22.948593206703663 1.85
      vertex 9.894924230873585 22.948593206703663 1.5
      vertex 9.922706633806229 22.921122841537 1.5
    endloop
  endfacet
  facet normal -0.5485394541740898 -0.8361246720521955 0
    outer loop
      vertex 9.828455403447151 22.996899999678135 1.85
      vertex 9.828455403447151 22.996899999678135 1.5
      vertex 9.863437503576279 22.973949998617172 1.5
    endloop
  endfacet
  facet normal -0.627216780032327 -0.7788447283290036 0
    outer loop
      vertex 9.863437503576279 22.973949998617172 1.85
      vertex 9.863437503576279 22.973949998617172 1.5
      vertex 9.894924230873585 22.948593206703663 1.5
    endloop
  endfacet
  facet normal -0.9406181507899702 -0.33946648495021825 0
    outer loop
      vertex 9.98382793366909 22.826030246913433 1.85
      vertex 9.98382793366909 22.826030246913433 1.5
      vertex 9.996793054044247 22.790105558931828 1.5
    endloop
  endfacet
  facet normal -0.8969185301202253 -0.44219582802981594 0
    outer loop
      vertex 9.967158488929272 22.859841361641884 1.85
      vertex 9.967158488929272 22.859841361641884 1.5
      vertex 9.98382793366909 22.826030246913433 1.5
    endloop
  endfacet
  facet normal -0.8412172511671114 -0.5406972686622792 0
    outer loop
      vertex 9.946784719824791 22.89153888821602 1.85
      vertex 9.946784719824791 22.89153888821602 1.5
      vertex 9.967158488929272 22.859841361641884 1.5
    endloop
  endfacet
  facet normal -0.7755860820242909 -0.6312418152896796 0
    outer loop
      vertex 9.922706633806229 22.921122841537 1.85
      vertex 9.922706633806229 22.921122841537 1.5
      vertex 9.946784719824791 22.89153888821602 1.5
    endloop
  endfacet
  facet normal 0.7966576904839391 0.6044307439176108 0
    outer loop
      vertex 10.240230709314346 22.968317590653896 1.85
      vertex 10.240230709314346 22.968317590653896 1.5
      vertex 10.212601080536842 23.00473426282406 1.5
    endloop
  endfacet
  facet normal -0.389058242162462 -0.9212131589406739 0
    outer loop
      vertex 9.748631946742535 23.034699998795986 1.85
      vertex 9.748631946742535 23.034699998795986 1.5
      vertex 9.790186882019043 23.01714999973774 1.5
    endloop
  endfacet
  facet normal -0.3143766615003929 -0.9492983275577113 0
    outer loop
      vertex 9.703790582716465 23.049549996852875 1.85
      vertex 9.703790582716465 23.049549996852875 1.5
      vertex 9.748631946742535 23.034699998795986 1.5
    endloop
  endfacet
  facet normal -0.18077312954762895 -0.9835248220729135 0
    outer loop
      vertex 9.604248613119125 23.07114999741316 1.85
      vertex 9.604248613119125 23.07114999741316 1.5
      vertex 9.655662812292576 23.061700001358986 1.5
    endloop
  endfacet
  facet normal -0.24477353998409337 -0.9695802772971692 0
    outer loop
      vertex 9.655662812292576 23.061700001358986 1.85
      vertex 9.655662812292576 23.061700001358986 1.5
      vertex 9.703790582716465 23.049549996852875 1.5
    endloop
  endfacet
  facet normal -0.46771081671295106 -0.8838815485853885 0
    outer loop
      vertex 9.790186882019043 23.01714999973774 1.85
      vertex 9.790186882019043 23.01714999973774 1.5
      vertex 9.828455403447151 22.996899999678135 1.5
    endloop
  endfacet
  facet normal 0.258015370761594 0.9661408119165432 0
    outer loop
      vertex 9.92964305728674 23.18614722043276 1.85
      vertex 9.92964305728674 23.18614722043276 1.5
      vertex 9.877446450293064 23.20008672773838 1.5
    endloop
  endfacet
  facet normal 0.7403847062577652 0.6721833728526784 0
    outer loop
      vertex 10.212601080536842 23.00473426282406 1.85
      vertex 10.212601080536842 23.00473426282406 1.5
      vertex 10.181287497282028 23.03922499716282 1.5
    endloop
  endfacet
  facet normal 0.6790649053587338 0.7340782344615142 0
    outer loop
      vertex 10.181287497282028 23.03922499716282 1.85
      vertex 10.181287497282028 23.03922499716282 1.5
      vertex 10.146672375500202 23.07124599069357 1.5
    endloop
  endfacet
  facet normal 0.6113825067631453 0.7913352200073067 0
    outer loop
      vertex 10.146672375500202 23.07124599069357 1.85
      vertex 10.146672375500202 23.07124599069357 1.5
      vertex 10.109127007424831 23.100253395736217 1.5
    endloop
  endfacet
  facet normal 0.46789848906956266 0.8837822152127867 0
    outer loop
      vertex 10.068651385605335 23.126247219741344 1.85
      vertex 10.068651385605335 23.126247219741344 1.5
      vertex 10.025245524942875 23.14922747015953 1.5
    endloop
  endfacet
  facet normal 0.3253849347112969 0.945581643361865 0
    outer loop
      vertex 9.97890941053629 23.169194132089615 1.85
      vertex 9.97890941053629 23.169194132089615 1.5
      vertex 9.92964305728674 23.18614722043276 1.5
    endloop
  endfacet
  facet normal 0.395732382791975 0.9183658754602034 0
    outer loop
      vertex 10.025245524942875 23.14922747015953 1.85
      vertex 10.025245524942875 23.14922747015953 1.5
      vertex 9.97890941053629 23.169194132089615 1.5
    endloop
  endfacet
  facet normal 0.5403718712384237 0.8414263133360429 0
    outer loop
      vertex 10.109127007424831 23.100253395736217 1.85
      vertex 10.109127007424831 23.100253395736217 1.5
      vertex 10.068651385605335 23.126247219741344 1.5
    endloop
  endfacet
  facet normal -1 0 0
    outer loop
      vertex 9.257362499833107 23.347774997353554 1.85
      vertex 9.257362499833107 23.347774997353554 1.5
      vertex 9.257362499833107 23.08330000191927 1.5
    endloop
  endfacet
  facet normal 0 1 0
    outer loop
      vertex 9.423512503504753 23.347774997353554 1.85
      vertex 9.423512503504753 23.347774997353554 1.5
      vertex 9.257362499833107 23.347774997353554 1.5
    endloop
  endfacet
  facet normal -0.024825158267435768 0.9996918082674263 0
    outer loop
      vertex 9.477876082062721 23.349124997854233 1.85
      vertex 9.477876082062721 23.349124997854233 1.5
      vertex 9.423512503504753 23.347774997353554 1.5
    endloop
  endfacet
  facet normal -0.0782784723704193 0.9969315326356938 0
    outer loop
      vertex 9.529455706477165 23.35317499935627 1.85
      vertex 9.529455706477165 23.35317499935627 1.5
      vertex 9.477876082062721 23.349124997854233 1.5
    endloop
  endfacet
  facet normal -0.1370271103851479 0.9905672975722025 0
    outer loop
      vertex 9.578251391649246 23.359925001859665 1.85
      vertex 9.578251391649246 23.359925001859665 1.5
      vertex 9.529455706477165 23.35317499935627 1.5
    endloop
  endfacet
  facet normal -0.20118303692889752 0.979553666550264 0
    outer loop
      vertex 9.624263115227222 23.369374997913837 1.85
      vertex 9.624263115227222 23.369374997913837 1.5
      vertex 9.578251391649246 23.359925001859665 1.5
    endloop
  endfacet
  facet normal 1 0 0
    outer loop
      vertex 9.76426249742508 23.21892499923706 1.85
      vertex 9.76426249742508 23.21892499923706 1.5
      vertex 9.76426249742508 23.22569999843836 1.5
    endloop
  endfacet
  facet normal 0.13503727050279682 0.990840519748337 0
    outer loop
      vertex 9.822319597005844 23.21101265400648 1.85
      vertex 9.822319597005844 23.21101265400648 1.5
      vertex 9.76426249742508 23.21892499923706 1.5
    endloop
  endfacet
  facet normal 0.2293642396338128 -0.9733406626547577 0
    outer loop
      vertex 9.76426249742508 23.22569999843836 1.85
      vertex 9.76426249742508 23.22569999843836 1.5
      vertex 9.817078858613968 23.238145984709263 1.5
    endloop
  endfacet
  facet normal 0.2828016721357106 -0.9591784058439004 0
    outer loop
      vertex 9.817078858613968 23.238145984709263 1.85
      vertex 9.817078858613968 23.238145984709263 1.5
      vertex 9.867027930915356 23.252872839570045 1.5
    endloop
  endfacet
  facet normal 0.19441439808504596 0.9809194879383473 0
    outer loop
      vertex 9.877446450293064 23.20008672773838 1.85
      vertex 9.877446450293064 23.20008672773838 1.5
      vertex 9.822319597005844 23.21101265400648 1.5
    endloop
  endfacet
  facet normal 0.3397497534924261 -0.9405158717437127 0
    outer loop
      vertex 9.867027930915356 23.252872839570045 1.85
      vertex 9.867027930915356 23.252872839570045 1.5
      vertex 9.914109721779823 23.269880555570126 1.5
    endloop
  endfacet
  facet normal 0.39985691281873836 -0.9165775740607381 0
    outer loop
      vertex 9.914109721779823 23.269880555570126 1.85
      vertex 9.914109721779823 23.269880555570126 1.5
      vertex 9.95832423120737 23.289169132709503 1.5
    endloop
  endfacet
  facet normal -0.2705844382474569 0.9626962458524019 0
    outer loop
      vertex 9.667490892112255 23.38152500241995 1.85
      vertex 9.667490892112255 23.38152500241995 1.5
      vertex 9.624263115227222 23.369374997913837 1.5
    endloop
  endfacet
  facet normal -0.34467595649331684 0.9387217292762629 0
    outer loop
      vertex 9.707934722304344 23.396375000476837 1.85
      vertex 9.707934722304344 23.396375000476837 1.5
      vertex 9.667490892112255 23.38152500241995 1.5
    endloop
  endfacet
  facet normal -0.42239901377426575 0.9064099917600907 0
    outer loop
      vertex 9.745594598352909 23.413924999535084 1.85
      vertex 9.745594598352909 23.413924999535084 1.5
      vertex 9.707934722304344 23.396375000476837 1.5
    endloop
  endfacet
  facet normal 0.4625151518189405 -0.8866113772887771 0
    outer loop
      vertex 9.95832423120737 23.289169132709503 1.85
      vertex 9.95832423120737 23.289169132709503 1.5
      vertex 9.999671451747417 23.31073857843876 1.5
    endloop
  endfacet
  facet normal 0.5268239009677359 -0.8499744568921687 0
    outer loop
      vertex 9.999671451747417 23.31073857843876 1.85
      vertex 9.999671451747417 23.31073857843876 1.5
      vertex 10.038151390850544 23.334588885307312 1.5
    endloop
  endfacet
  facet normal 0.591587885745585 -0.8062405183560727 0
    outer loop
      vertex 10.038151390850544 23.334588885307312 1.85
      vertex 10.038151390850544 23.334588885307312 1.5
      vertex 10.07376404106617 23.360720060765743 1.5
    endloop
  endfacet
  facet normal 0.6553613079942716 -0.7553155340545019 0
    outer loop
      vertex 10.07376404106617 23.360720060765743 1.85
      vertex 10.07376404106617 23.360720060765743 1.5
      vertex 10.106509417295456 23.389132097363472 1.5
    endloop
  endfacet
  facet normal 0.7165542330593212 -0.6975313835841138 0
    outer loop
      vertex 10.106509417295456 23.389132097363472 1.85
      vertex 10.106509417295456 23.389132097363472 1.5
      vertex 10.13638749718666 23.41982500255108 1.5
    endloop
  endfacet
  facet normal -0.5021255115420843 0.8647947563778358 0
    outer loop
      vertex 9.78047052770853 23.43417499959469 1.85
      vertex 9.78047052770853 23.43417499959469 1.5
      vertex 9.745594598352909 23.413924999535084 1.5
    endloop
  endfacet
  facet normal -0.5816939629850814 0.8134077288953621 0
    outer loop
      vertex 9.812562502920628 23.45712500065565 1.85
      vertex 9.812562502920628 23.45712500065565 1.5
      vertex 9.78047052770853 23.43417499959469 1.5
    endloop
  endfacet
  facet normal -0.6579319626735125 0.7530773748377916 0
    outer loop
      vertex 9.841562189161777 23.48246080428362 1.85
      vertex 9.841562189161777 23.48246080428362 1.5
      vertex 9.812562502920628 23.45712500065565 1.5
    endloop
  endfacet
  facet normal -0.730952541616372 0.6824282979951564 0
    outer loop
      vertex 9.867150157690048 23.50986821204424 1.85
      vertex 9.867150157690048 23.50986821204424 1.5
      vertex 9.841562189161777 23.48246080428362 1.5
    endloop
  endfacet
  facet normal -0.7991277476261037 0.6011612454026211 0
    outer loop
      vertex 9.889326386153698 23.53934722393751 1.85
      vertex 9.889326386153698 23.53934722393751 1.5
      vertex 9.867150157690048 23.50986821204424 1.5
    endloop
  endfacet
  facet normal -0.8594798184793976 0.5111696798780436 0
    outer loop
      vertex 9.908090896904469 23.570897839963436 1.85
      vertex 9.908090896904469 23.570897839963436 1.5
      vertex 9.889326386153698 23.53934722393751 1.5
    endloop
  endfacet
  facet normal -0.9096521888301442 0.4153707926136931 0
    outer loop
      vertex 9.923443675041199 23.604520060122013 1.85
      vertex 9.923443675041199 23.604520060122013 1.5
      vertex 9.908090896904469 23.570897839963436 1.5
    endloop
  endfacet
  facet normal 0.7744896522801034 -0.63258657787772 0
    outer loop
      vertex 10.13638749718666 23.41982500255108 1.85
      vertex 10.13638749718666 23.41982500255108 1.5
      vertex 10.16325169801712 23.452715434134007 1.5
    endloop
  endfacet
  facet normal 0.8280187664861581 -0.560700385541816 0
    outer loop
      vertex 10.16325169801712 23.452715434134007 1.85
      vertex 10.16325169801712 23.452715434134007 1.5
      vertex 10.186955399811268 23.48772006481886 1.5
    endloop
  endfacet
  facet normal 0.8749402392387715 -0.4842309136773501 0
    outer loop
      vertex 10.186955399811268 23.48772006481886 1.85
      vertex 10.186955399811268 23.48772006481886 1.5
      vertex 10.207498610019684 23.524838887155056 1.5
    endloop
  endfacet
  facet normal 0.9142795614082725 -0.40508379823327517 0
    outer loop
      vertex 10.207498610019684 23.524838887155056 1.85
      vertex 10.207498610019684 23.524838887155056 1.5
      vertex 10.224881328642368 23.56407191604376 1.5
    endloop
  endfacet
  facet normal 0.9456225120146671 -0.3252661445202541 0
    outer loop
      vertex 10.224881328642368 23.56407191604376 1.85
      vertex 10.224881328642368 23.56407191604376 1.5
      vertex 10.23910354822874 23.605419136583805 1.5
    endloop
  endfacet
  facet normal 0.9691034572694524 -0.2466545947441369 0
    outer loop
      vertex 10.23910354822874 23.605419136583805 1.85
      vertex 10.23910354822874 23.605419136583805 1.5
      vertex 10.250165276229382 23.648880556225777 1.5
    endloop
  endfacet
  facet normal 0 0 1
    outer loop
      vertex 7.800987496972084 22.259374998509884 1.85
      vertex 7.800987496972084 24.388700000941753 1.85
      vertex 7.494112499058247 24.097099997103214 1.85
    endloop
  endfacet
  facet normal -1 0 0
    outer loop
      vertex 9.257362499833107 23.08330000191927 1.85
      vertex 9.257362499833107 23.347774997353554 1.85
      vertex 9.257362499833107 23.08330000191927 1.5
    endloop
  endfacet
  facet normal 0 -1 0
    outer loop
      vertex 9.257362499833107 23.08330000191927 1.85
      vertex 9.43028750270605 23.08330000191927 1.5
      vertex 9.43028750270605 23.08330000191927 1.85
    endloop
  endfacet
  facet normal -0.022027041620880084 -0.9997573752853399 0
    outer loop
      vertex 9.43028750270605 23.08330000191927 1.85
      vertex 9.491560958325863 23.08195000141859 1.5
      vertex 9.491560958325863 23.08195000141859 1.85
    endloop
  endfacet
  facet normal -0.06967349572000459 -0.9975698491805747 0
    outer loop
      vertex 9.549547992646694 23.077899999916553 1.85
      vertex 9.491560958325863 23.08195000141859 1.85
      vertex 9.549547992646694 23.077899999916553 1.5
    endloop
  endfacet
  facet normal -0.12247008916810279 -0.992472204779135 0
    outer loop
      vertex 9.549547992646694 23.077899999916553 1.85
      vertex 9.604248613119125 23.07114999741316 1.5
      vertex 9.604248613119125 23.07114999741316 1.85
    endloop
  endfacet
  facet normal -0.7031022121198479 -0.7110887984718761 0
    outer loop
      vertex 9.922706633806229 22.921122841537 1.85
      vertex 9.894924230873585 22.948593206703663 1.85
      vertex 9.922706633806229 22.921122841537 1.5
    endloop
  endfacet
  facet normal -0.627216780032327 -0.7788447283290036 0
    outer loop
      vertex 9.894924230873585 22.948593206703663 1.85
      vertex 9.863437503576279 22.973949998617172 1.85
      vertex 9.894924230873585 22.948593206703663 1.5
    endloop
  endfacet
  facet normal -0.5485394541740898 -0.8361246720521955 0
    outer loop
      vertex 9.863437503576279 22.973949998617172 1.85
      vertex 9.828455403447151 22.996899999678135 1.85
      vertex 9.863437503576279 22.973949998617172 1.5
    endloop
  endfacet
  facet normal -0.9406181507899702 -0.33946648495021825 0
    outer loop
      vertex 9.996793054044247 22.790105558931828 1.85
      vertex 9.98382793366909 22.826030246913433 1.85
      vertex 9.996793054044247 22.790105558931828 1.5
    endloop
  endfacet
  facet normal -0.8969185301202253 -0.44219582802981594 0
    outer loop
      vertex 9.98382793366909 22.826030246913433 1.85
      vertex 9.967158488929272 22.859841361641884 1.85
      vertex 9.98382793366909 22.826030246913433 1.5
    endloop
  endfacet
  facet normal -0.8412172511671114 -0.5406972686622792 0
    outer loop
      vertex 9.967158488929272 22.859841361641884 1.85
      vertex 9.946784719824791 22.89153888821602 1.85
      vertex 9.967158488929272 22.859841361641884 1.5
    endloop
  endfacet
  facet normal -0.7755860820242909 -0.6312418152896796 0
    outer loop
      vertex 9.946784719824791 22.89153888821602 1.85
      vertex 9.922706633806229 22.921122841537 1.85
      vertex 9.946784719824791 22.89153888821602 1.5
    endloop
  endfacet
  facet normal 0.8481815408686556 0.5297056481949889 0
    outer loop
      vertex 10.26417639106512 22.929975003004074 1.85
      vertex 10.240230709314346 22.968317590653896 1.5
      vertex 10.240230709314346 22.968317590653896 1.85
    endloop
  endfacet
  facet normal -0.3143766615003929 -0.9492983275577113 0
    outer loop
      vertex 9.748631946742535 23.034699998795986 1.85
      vertex 9.703790582716465 23.049549996852875 1.85
      vertex 9.748631946742535 23.034699998795986 1.5
    endloop
  endfacet
  facet normal -0.18077312954762895 -0.9835248220729135 0
    outer loop
      vertex 9.655662812292576 23.061700001358986 1.85
      vertex 9.604248613119125 23.07114999741316 1.85
      vertex 9.655662812292576 23.061700001358986 1.5
    endloop
  endfacet
  facet normal -0.24477353998409337 -0.9695802772971692 0
    outer loop
      vertex 9.655662812292576 23.061700001358986 1.85
      vertex 9.703790582716465 23.049549996852875 1.5
      vertex 9.703790582716465 23.049549996852875 1.85
    endloop
  endfacet
  facet normal -0.46771081671295106 -0.8838815485853885 0
    outer loop
      vertex 9.828455403447151 22.996899999678135 1.85
      vertex 9.790186882019043 23.01714999973774 1.85
      vertex 9.828455403447151 22.996899999678135 1.5
    endloop
  endfacet
  facet normal -0.389058242162462 -0.9212131589406739 0
    outer loop
      vertex 9.790186882019043 23.01714999973774 1.85
      vertex 9.748631946742535 23.034699998795986 1.85
      vertex 9.790186882019043 23.01714999973774 1.5
    endloop
  endfacet
  facet normal 0.258015370761594 0.9661408119165432 0
    outer loop
      vertex 9.92964305728674 23.18614722043276 1.85
      vertex 9.877446450293064 23.20008672773838 1.5
      vertex 9.877446450293064 23.20008672773838 1.85
    endloop
  endfacet
  facet normal 0.7966576904839391 0.6044307439176108 0
    outer loop
      vertex 10.240230709314346 22.968317590653896 1.85
      vertex 10.212601080536842 23.00473426282406 1.5
      vertex 10.212601080536842 23.00473426282406 1.85
    endloop
  endfacet
  facet normal 0.7403847062577652 0.6721833728526784 0
    outer loop
      vertex 10.212601080536842 23.00473426282406 1.85
      vertex 10.181287497282028 23.03922499716282 1.5
      vertex 10.181287497282028 23.03922499716282 1.85
    endloop
  endfacet
  facet normal 0.6790649053587338 0.7340782344615142 0
    outer loop
      vertex 10.181287497282028 23.03922499716282 1.85
      vertex 10.146672375500202 23.07124599069357 1.5
      vertex 10.146672375500202 23.07124599069357 1.85
    endloop
  endfacet
  facet normal 0.6113825067631453 0.7913352200073067 0
    outer loop
      vertex 10.146672375500202 23.07124599069357 1.85
      vertex 10.109127007424831 23.100253395736217 1.5
      vertex 10.109127007424831 23.100253395736217 1.85
    endloop
  endfacet
  facet normal 0.5403718712384237 0.8414263133360429 0
    outer loop
      vertex 10.109127007424831 23.100253395736217 1.85
      vertex 10.068651385605335 23.126247219741344 1.5
      vertex 10.068651385605335 23.126247219741344 1.85
    endloop
  endfacet
  facet normal 0.46789848906956266 0.8837822152127867 0
    outer loop
      vertex 10.068651385605335 23.126247219741344 1.85
      vertex 10.025245524942875 23.14922747015953 1.5
      vertex 10.025245524942875 23.14922747015953 1.85
    endloop
  endfacet
  facet normal 0.395732382791975 0.9183658754602034 0
    outer loop
      vertex 10.025245524942875 23.14922747015953 1.85
      vertex 9.97890941053629 23.169194132089615 1.5
      vertex 9.97890941053629 23.169194132089615 1.85
    endloop
  endfacet
  facet normal 0.3253849347112969 0.945581643361865 0
    outer loop
      vertex 9.97890941053629 23.169194132089615 1.85
      vertex 9.92964305728674 23.18614722043276 1.5
      vertex 9.92964305728674 23.18614722043276 1.85
    endloop
  endfacet
  facet normal 0 0 1
    outer loop
      vertex 9.257362499833107 23.08330000191927 1.85
      vertex 9.43028750270605 23.08330000191927 1.85
      vertex 9.423512503504753 23.347774997353554 1.85
    endloop
  endfacet
  facet normal 0 0 1
    outer loop
      vertex 9.43028750270605 23.08330000191927 1.85
      vertex 9.491560958325863 23.08195000141859 1.85
      vertex 9.477876082062721 23.349124997854233 1.85
    endloop
  endfacet
  facet normal 0 0 1
    outer loop
      vertex 9.549547992646694 23.077899999916553 1.85
      vertex 9.529455706477165 23.35317499935627 1.85
      vertex 9.491560958325863 23.08195000141859 1.85
    endloop
  endfacet
  facet normal 0 0 1
    outer loop
      vertex 9.549547992646694 23.077899999916553 1.85
      vertex 9.604248613119125 23.07114999741316 1.85
      vertex 9.578251391649246 23.359925001859665 1.85
    endloop
  endfacet
  facet normal 0 0 1
    outer loop
      vertex 9.996793054044247 22.790105558931828 1.85
      vertex 10.26417639106512 22.929975003004074 1.85
      vertex 9.98382793366909 22.826030246913433 1.85
    endloop
  endfacet
  facet normal 0 0 1
    outer loop
      vertex 10.006053857505322 22.752067282795906 1.85
      vertex 10.30101589858532 22.847512036561966 1.85
      vertex 9.996793054044247 22.790105558931828 1.85
    endloop
  endfacet
  facet normal 0 0 1
    outer loop
      vertex 10.006053857505322 22.752067282795906 1.85
      vertex 10.313909724354744 22.80339166522026 1.85
      vertex 10.30101589858532 22.847512036561966 1.85
    endloop
  endfacet
  facet normal 0 0 1
    outer loop
      vertex 9.996793054044247 22.790105558931828 1.85
      vertex 10.30101589858532 22.847512036561966 1.85
      vertex 10.284438118338585 22.88970648497343 1.85
    endloop
  endfacet
  facet normal 0 0 1
    outer loop
      vertex 9.996793054044247 22.790105558931828 1.85
      vertex 10.284438118338585 22.88970648497343 1.85
      vertex 10.26417639106512 22.929975003004074 1.85
    endloop
  endfacet
  facet normal 0 0 1
    outer loop
      vertex 9.98382793366909 22.826030246913433 1.85
      vertex 10.212601080536842 23.00473426282406 1.85
      vertex 9.967158488929272 22.859841361641884 1.85
    endloop
  endfacet
  facet normal 0 0 1
    outer loop
      vertex 9.967158488929272 22.859841361641884 1.85
      vertex 10.181287497282028 23.03922499716282 1.85
      vertex 9.946784719824791 22.89153888821602 1.85
    endloop
  endfacet
  facet normal 0 0 1
    outer loop
      vertex 9.946784719824791 22.89153888821602 1.85
      vertex 10.109127007424831 23.100253395736217 1.85
      vertex 9.922706633806229 22.921122841537 1.85
    endloop
  endfacet
  facet normal 0 0 1
    outer loop
      vertex 9.98382793366909 22.826030246913433 1.85
      vertex 10.26417639106512 22.929975003004074 1.85
      vertex 10.240230709314346 22.968317590653896 1.85
    endloop
  endfacet
  facet normal 0 0 1
    outer loop
      vertex 9.98382793366909 22.826030246913433 1.85
      vertex 10.240230709314346 22.968317590653896 1.85
      vertex 10.212601080536842 23.00473426282406 1.85
    endloop
  endfacet
  facet normal 0 0 1
    outer loop
      vertex 9.967158488929272 22.859841361641884 1.85
      vertex 10.212601080536842 23.00473426282406 1.85
      vertex 10.181287497282028 23.03922499716282 1.85
    endloop
  endfacet
  facet normal 0 0 1
    outer loop
      vertex 9.894924230873585 22.948593206703663 1.85
      vertex 9.97890941053629 23.169194132089615 1.85
      vertex 9.863437503576279 22.973949998617172 1.85
    endloop
  endfacet
  facet normal 0 0 1
    outer loop
      vertex 9.828455403447151 22.996899999678135 1.85
      vertex 9.877446450293064 23.20008672773838 1.85
      vertex 9.790186882019043 23.01714999973774 1.85
    endloop
  endfacet
  facet normal 0 0 1
    outer loop
      vertex 9.790186882019043 23.01714999973774 1.85
      vertex 9.822319597005844 23.21101265400648 1.85
      vertex 9.748631946742535 23.034699998795986 1.85
    endloop
  endfacet
  facet normal 0 0 1
    outer loop
      vertex 9.863437503576279 22.973949998617172 1.85
      vertex 9.92964305728674 23.18614722043276 1.85
      vertex 9.828455403447151 22.996899999678135 1.85
    endloop
  endfacet
  facet normal 0 0 1
    outer loop
      vertex 9.655662812292576 23.061700001358986 1.85
      vertex 9.76426249742508 23.22569999843836 1.85
      vertex 9.604248613119125 23.07114999741316 1.85
    endloop
  endfacet
  facet normal 0 0 1
    outer loop
      vertex 9.748631946742535 23.034699998795986 1.85
      vertex 9.76426249742508 23.21892499923706 1.85
      vertex 9.703790582716465 23.049549996852875 1.85
    endloop
  endfacet
  facet normal 0 0 1
    outer loop
      vertex 9.655662812292576 23.061700001358986 1.85
      vertex 9.703790582716465 23.049549996852875 1.85
      vertex 9.76426249742508 23.21892499923706 1.85
    endloop
  endfacet
  facet normal 0 0 1
    outer loop
      vertex 9.655662812292576 23.061700001358986 1.85
      vertex 9.76426249742508 23.21892499923706 1.85
      vertex 9.76426249742508 23.22569999843836 1.85
    endloop
  endfacet
  facet normal 0 0 1
    outer loop
      vertex 9.790186882019043 23.01714999973774 1.85
      vertex 9.877446450293064 23.20008672773838 1.85
      vertex 9.822319597005844 23.21101265400648 1.85
    endloop
  endfacet
  facet normal 0 0 1
    outer loop
      vertex 9.863437503576279 22.973949998617172 1.85
      vertex 9.97890941053629 23.169194132089615 1.85
      vertex 9.92964305728674 23.18614722043276 1.85
    endloop
  endfacet
  facet normal 0 0 1
    outer loop
      vertex 9.828455403447151 22.996899999678135 1.85
      vertex 9.92964305728674 23.18614722043276 1.85
      vertex 9.877446450293064 23.20008672773838 1.85
    endloop
  endfacet
  facet normal 0 0 1
    outer loop
      vertex 9.748631946742535 23.034699998795986 1.85
      vertex 9.822319597005844 23.21101265400648 1.85
      vertex 9.76426249742508 23.21892499923706 1.85
    endloop
  endfacet
  facet normal 0 0 1
    outer loop
      vertex 9.922706633806229 22.921122841537 1.85
      vertex 10.068651385605335 23.126247219741344 1.85
      vertex 9.894924230873585 22.948593206703663 1.85
    endloop
  endfacet
  facet normal 0 0 1
    outer loop
      vertex 9.946784719824791 22.89153888821602 1.85
      vertex 10.146672375500202 23.07124599069357 1.85
      vertex 10.109127007424831 23.100253395736217 1.85
    endloop
  endfacet
  facet normal 0 0 1
    outer loop
      vertex 9.894924230873585 22.948593206703663 1.85
      vertex 10.068651385605335 23.126247219741344 1.85
      vertex 10.025245524942875 23.14922747015953 1.85
    endloop
  endfacet
  facet normal 0 0 1
    outer loop
      vertex 9.894924230873585 22.948593206703663 1.85
      vertex 10.025245524942875 23.14922747015953 1.85
      vertex 9.97890941053629 23.169194132089615 1.85
    endloop
  endfacet
  facet normal 0 0 1
    outer loop
      vertex 9.922706633806229 22.921122841537 1.85
      vertex 10.109127007424831 23.100253395736217 1.85
      vertex 10.068651385605335 23.126247219741344 1.85
    endloop
  endfacet
  facet normal 0 0 1
    outer loop
      vertex 9.946784719824791 22.89153888821602 1.85
      vertex 10.181287497282028 23.03922499716282 1.85
      vertex 10.146672375500202 23.07124599069357 1.85
    endloop
  endfacet
  facet normal 0 1 0
    outer loop
      vertex 9.257362499833107 23.347774997353554 1.85
      vertex 9.423512503504753 23.347774997353554 1.85
      vertex 9.257362499833107 23.347774997353554 1.5
    endloop
  endfacet
  facet normal -0.024825158267435768 0.9996918082674263 0
    outer loop
      vertex 9.423512503504753 23.347774997353554 1.85
      vertex 9.477876082062721 23.349124997854233 1.85
      vertex 9.423512503504753 23.347774997353554 1.5
    endloop
  endfacet
  facet normal -0.0782784723704193 0.9969315326356938 0
    outer loop
      vertex 9.477876082062721 23.349124997854233 1.85
      vertex 9.529455706477165 23.35317499935627 1.85
      vertex 9.477876082062721 23.349124997854233 1.5
    endloop
  endfacet
  facet normal -0.1370271103851479 0.9905672975722025 0
    outer loop
      vertex 9.529455706477165 23.35317499935627 1.85
      vertex 9.578251391649246 23.359925001859665 1.85
      vertex 9.529455706477165 23.35317499935627 1.5
    endloop
  endfacet
  facet normal -0.20118303692889752 0.979553666550264 0
    outer loop
      vertex 9.578251391649246 23.359925001859665 1.85
      vertex 9.624263115227222 23.369374997913837 1.85
      vertex 9.578251391649246 23.359925001859665 1.5
    endloop
  endfacet
  facet normal 1 0 0
    outer loop
      vertex 9.76426249742508 23.21892499923706 1.85
      vertex 9.76426249742508 23.22569999843836 1.5
      vertex 9.76426249742508 23.22569999843836 1.85
    endloop
  endfacet
  facet normal 0.19441439808504596 0.9809194879383473 0
    outer loop
      vertex 9.822319597005844 23.21101265400648 1.85
      vertex 9.877446450293064 23.20008672773838 1.85
      vertex 9.822319597005844 23.21101265400648 1.5
    endloop
  endfacet
  facet normal 0.13503727050279682 0.990840519748337 0
    outer loop
      vertex 9.822319597005844 23.21101265400648 1.85
      vertex 9.76426249742508 23.21892499923706 1.5
      vertex 9.76426249742508 23.21892499923706 1.85
    endloop
  endfacet
  facet normal 0.2293642396338128 -0.9733406626547577 0
    outer loop
      vertex 9.76426249742508 23.22569999843836 1.85
      vertex 9.817078858613968 23.238145984709263 1.5
      vertex 9.817078858613968 23.238145984709263 1.85
    endloop
  endfacet
  facet normal 0.2828016721357106 -0.9591784058439004 0
    outer loop
      vertex 9.817078858613968 23.238145984709263 1.85
      vertex 9.867027930915356 23.252872839570045 1.5
      vertex 9.867027930915356 23.252872839570045 1.85
    endloop
  endfacet
  facet normal 0.3397497534924261 -0.9405158717437127 0
    outer loop
      vertex 9.867027930915356 23.252872839570045 1.85
      vertex 9.914109721779823 23.269880555570126 1.5
      vertex 9.914109721779823 23.269880555570126 1.85
    endloop
  endfacet
  facet normal -0.2705844382474569 0.9626962458524019 0
    outer loop
      vertex 9.624263115227222 23.369374997913837 1.85
      vertex 9.667490892112255 23.38152500241995 1.85
      vertex 9.624263115227222 23.369374997913837 1.5
    endloop
  endfacet
  facet normal -0.34467595649331684 0.9387217292762629 0
    outer loop
      vertex 9.667490892112255 23.38152500241995 1.85
      vertex 9.707934722304344 23.396375000476837 1.85
      vertex 9.667490892112255 23.38152500241995 1.5
    endloop
  endfacet
  facet normal -0.42239901377426575 0.9064099917600907 0
    outer loop
      vertex 9.707934722304344 23.396375000476837 1.85
      vertex 9.745594598352909 23.413924999535084 1.85
      vertex 9.707934722304344 23.396375000476837 1.5
    endloop
  endfacet
  facet normal 0.39985691281873836 -0.9165775740607381 0
    outer loop
      vertex 9.914109721779823 23.269880555570126 1.85
      vertex 9.95832423120737 23.289169132709503 1.5
      vertex 9.95832423120737 23.289169132709503 1.85
    endloop
  endfacet
  facet normal 0.4625151518189405 -0.8866113772887771 0
    outer loop
      vertex 9.95832423120737 23.289169132709503 1.85
      vertex 9.999671451747417 23.31073857843876 1.5
      vertex 9.999671451747417 23.31073857843876 1.85
    endloop
  endfacet
  facet normal 0.5268239009677359 -0.8499744568921687 0
    outer loop
      vertex 9.999671451747417 23.31073857843876 1.85
      vertex 10.038151390850544 23.334588885307312 1.5
      vertex 10.038151390850544 23.334588885307312 1.85
    endloop
  endfacet
  facet normal 0.591587885745585 -0.8062405183560727 0
    outer loop
      vertex 10.038151390850544 23.334588885307312 1.85
      vertex 10.07376404106617 23.360720060765743 1.5
      vertex 10.07376404106617 23.360720060765743 1.85
    endloop
  endfacet
  facet normal 0.6553613079942716 -0.7553155340545019 0
    outer loop
      vertex 10.07376404106617 23.360720060765743 1.85
      vertex 10.106509417295456 23.389132097363472 1.5
      vertex 10.106509417295456 23.389132097363472 1.85
    endloop
  endfacet
  facet normal 0.7165542330593212 -0.6975313835841138 0
    outer loop
      vertex 10.106509417295456 23.389132097363472 1.85
      vertex 10.13638749718666 23.41982500255108 1.5
      vertex 10.13638749718666 23.41982500255108 1.85
    endloop
  endfacet
  facet normal -0.5021255115420843 0.8647947563778358 0
    outer loop
      vertex 9.745594598352909 23.413924999535084 1.85
      vertex 9.78047052770853 23.43417499959469 1.85
      vertex 9.745594598352909 23.413924999535084 1.5
    endloop
  endfacet
  facet normal -0.5816939629850814 0.8134077288953621 0
    outer loop
      vertex 9.78047052770853 23.43417499959469 1.85
      vertex 9.812562502920628 23.45712500065565 1.85
      vertex 9.78047052770853 23.43417499959469 1.5
    endloop
  endfacet
  facet normal -0.6579319626735125 0.7530773748377916 0
    outer loop
      vertex 9.812562502920628 23.45712500065565 1.85
      vertex 9.841562189161777 23.48246080428362 1.85
      vertex 9.812562502920628 23.45712500065565 1.5
    endloop
  endfacet
  facet normal -0.730952541616372 0.6824282979951564 0
    outer loop
      vertex 9.841562189161777 23.48246080428362 1.85
      vertex 9.867150157690048 23.50986821204424 1.85
      vertex 9.841562189161777 23.48246080428362 1.5
    endloop
  endfacet
  facet normal -0.7991277476261037 0.6011612454026211 0
    outer loop
      vertex 9.867150157690048 23.50986821204424 1.85
      vertex 9.889326386153698 23.53934722393751 1.85
      vertex 9.867150157690048 23.50986821204424 1.5
    endloop
  endfacet
  facet normal -0.8594798184793976 0.5111696798780436 0
    outer loop
      vertex 9.889326386153698 23.53934722393751 1.85
      vertex 9.908090896904469 23.570897839963436 1.85
      vertex 9.889326386153698 23.53934722393751 1.5
    endloop
  endfacet
  facet normal -0.9096521888301442 0.4153707926136931 0
    outer loop
      vertex 9.908090896904469 23.570897839963436 1.85
      vertex 9.923443675041199 23.604520060122013 1.85
      vertex 9.908090896904469 23.570897839963436 1.5
    endloop
  endfacet
  facet normal -0.948339191923841 0.3172582182721769 0
    outer loop
      vertex 9.923443675041199 23.604520060122013 1.85
      vertex 9.935384720563889 23.640213891863823 1.85
      vertex 9.923443675041199 23.604520060122013 1.5
    endloop
  endfacet
  facet normal 0.7744896522801034 -0.63258657787772 0
    outer loop
      vertex 10.13638749718666 23.41982500255108 1.85
      vertex 10.16325169801712 23.452715434134007 1.5
      vertex 10.16325169801712 23.452715434134007 1.85
    endloop
  endfacet
  facet normal 0.8280187664861581 -0.560700385541816 0
    outer loop
      vertex 10.16325169801712 23.452715434134007 1.85
      vertex 10.186955399811268 23.48772006481886 1.5
      vertex 10.186955399811268 23.48772006481886 1.85
    endloop
  endfacet
  facet normal 0.8749402392387715 -0.4842309136773501 0
    outer loop
      vertex 10.186955399811268 23.48772006481886 1.85
      vertex 10.207498610019684 23.524838887155056 1.5
      vertex 10.207498610019684 23.524838887155056 1.85
    endloop
  endfacet
  facet normal 0.9142795614082725 -0.40508379823327517 0
    outer loop
      vertex 10.207498610019684 23.524838887155056 1.85
      vertex 10.224881328642368 23.56407191604376 1.5
      vertex 10.224881328642368 23.56407191604376 1.85
    endloop
  endfacet
  facet normal 0.9456225120146671 -0.3252661445202541 0
    outer loop
      vertex 10.224881328642368 23.56407191604376 1.85
      vertex 10.23910354822874 23.605419136583805 1.5
      vertex 10.23910354822874 23.605419136583805 1.85
    endloop
  endfacet
  facet normal 0 0 1
    outer loop
      vertex 9.257362499833107 23.08330000191927 1.85
      vertex 9.423512503504753 23.347774997353554 1.85
      vertex 9.257362499833107 23.347774997353554 1.85
    endloop
  endfacet
  facet normal 0 0 1
    outer loop
      vertex 9.43028750270605 23.08330000191927 1.85
      vertex 9.477876082062721 23.349124997854233 1.85
      vertex 9.423512503504753 23.347774997353554 1.85
    endloop
  endfacet
  facet normal 0 0 1
    outer loop
      vertex 9.491560958325863 23.08195000141859 1.85
      vertex 9.529455706477165 23.35317499935627 1.85
      vertex 9.477876082062721 23.349124997854233 1.85
    endloop
  endfacet
  facet normal 0 0 1
    outer loop
      vertex 9.549547992646694 23.077899999916553 1.85
      vertex 9.578251391649246 23.359925001859665 1.85
      vertex 9.529455706477165 23.35317499935627 1.85
    endloop
  endfacet
  facet normal 0 0 1
    outer loop
      vertex 9.604248613119125 23.07114999741316 1.85
      vertex 9.624263115227222 23.369374997913837 1.85
      vertex 9.578251391649246 23.359925001859665 1.85
    endloop
  endfacet
  facet normal 0 0 1
    outer loop
      vertex 9.604248613119125 23.07114999741316 1.85
      vertex 9.76426249742508 23.22569999843836 1.85
      vertex 9.624263115227222 23.369374997913837 1.85
    endloop
  endfacet
  facet normal 0 0 1
    outer loop
      vertex 9.76426249742508 23.22569999843836 1.85
      vertex 9.817078858613968 23.238145984709263 1.85
      vertex 9.707934722304344 23.396375000476837 1.85
    endloop
  endfacet
  facet normal 0 0 1
    outer loop
      vertex 9.817078858613968 23.238145984709263 1.85
      vertex 9.867027930915356 23.252872839570045 1.85
      vertex 9.745594598352909 23.413924999535084 1.85
    endloop
  endfacet
  facet normal 0 0 1
    outer loop
      vertex 9.624263115227222 23.369374997913837 1.85
      vertex 9.76426249742508 23.22569999843836 1.85
      vertex 9.667490892112255 23.38152500241995 1.85
    endloop
  endfacet
  facet normal 0 0 1
    outer loop
      vertex 9.76426249742508 23.22569999843836 1.85
      vertex 9.707934722304344 23.396375000476837 1.85
      vertex 9.667490892112255 23.38152500241995 1.85
    endloop
  endfacet
  facet normal 0 0 1
    outer loop
      vertex 9.817078858613968 23.238145984709263 1.85
      vertex 9.745594598352909 23.413924999535084 1.85
      vertex 9.707934722304344 23.396375000476837 1.85
    endloop
  endfacet
  facet normal 0 0 1
    outer loop
      vertex 9.867027930915356 23.252872839570045 1.85
      vertex 9.914109721779823 23.269880555570126 1.85
      vertex 9.78047052770853 23.43417499959469 1.85
    endloop
  endfacet
  facet normal 0 0 1
    outer loop
      vertex 9.914109721779823 23.269880555570126 1.85
      vertex 9.95832423120737 23.289169132709503 1.85
      vertex 9.812562502920628 23.45712500065565 1.85
    endloop
  endfacet
  facet normal 0 0 1
    outer loop
      vertex 9.867027930915356 23.252872839570045 1.85
      vertex 9.78047052770853 23.43417499959469 1.85
      vertex 9.745594598352909 23.413924999535084 1.85
    endloop
  endfacet
  facet normal 0 0 1
    outer loop
      vertex 9.914109721779823 23.269880555570126 1.85
      vertex 9.812562502920628 23.45712500065565 1.85
      vertex 9.78047052770853 23.43417499959469 1.85
    endloop
  endfacet
  facet normal 0 0 1
    outer loop
      vertex 9.95832423120737 23.289169132709503 1.85
      vertex 9.841562189161777 23.48246080428362 1.85
      vertex 9.812562502920628 23.45712500065565 1.85
    endloop
  endfacet
  facet normal 0 0 1
    outer loop
      vertex 9.95832423120737 23.289169132709503 1.85
      vertex 9.999671451747417 23.31073857843876 1.85
      vertex 9.841562189161777 23.48246080428362 1.85
    endloop
  endfacet
  facet normal 0 0 1
    outer loop
      vertex 9.999671451747417 23.31073857843876 1.85
      vertex 10.038151390850544 23.334588885307312 1.85
      vertex 9.867150157690048 23.50986821204424 1.85
    endloop
  endfacet
  facet normal 0 0 1
    outer loop
      vertex 10.038151390850544 23.334588885307312 1.85
      vertex 10.07376404106617 23.360720060765743 1.85
      vertex 9.889326386153698 23.53934722393751 1.85
    endloop
  endfacet
  facet normal 0 0 1
    outer loop
      vertex 9.999671451747417 23.31073857843876 1.85
      vertex 9.867150157690048 23.50986821204424 1.85
      vertex 9.841562189161777 23.48246080428362 1.85
    endloop
  endfacet
  facet normal 0 0 1
    outer loop
      vertex 10.038151390850544 23.334588885307312 1.85
      vertex 9.889326386153698 23.53934722393751 1.85
      vertex 9.867150157690048 23.50986821204424 1.85
    endloop
  endfacet
  facet normal 0 0 1
    outer loop
      vertex 10.07376404106617 23.360720060765743 1.85
      vertex 10.106509417295456 23.389132097363472 1.85
      vertex 9.889326386153698 23.53934722393751 1.85
    endloop
  endfacet
  facet normal 0 0 1
    outer loop
      vertex 10.106509417295456 23.389132097363472 1.85
      vertex 10.13638749718666 23.41982500255108 1.85
      vertex 9.908090896904469 23.570897839963436 1.85
    endloop
  endfacet
  facet normal 0 0 1
    outer loop
      vertex 10.106509417295456 23.389132097363472 1.85
      vertex 9.908090896904469 23.570897839963436 1.85
      vertex 9.889326386153698 23.53934722393751 1.85
    endloop
  endfacet
  facet normal 0 0 1
    outer loop
      vertex 10.13638749718666 23.41982500255108 1.85
      vertex 10.16325169801712 23.452715434134007 1.85
      vertex 9.908090896904469 23.570897839963436 1.85
    endloop
  endfacet
  facet normal 0 0 1
    outer loop
      vertex 10.16325169801712 23.452715434134007 1.85
      vertex 10.186955399811268 23.48772006481886 1.85
      vertex 9.923443675041199 23.604520060122013 1.85
    endloop
  endfacet
  facet normal 0 0 1
    outer loop
      vertex 10.16325169801712 23.452715434134007 1.85
      vertex 9.923443675041199 23.604520060122013 1.85
      vertex 9.908090896904469 23.570897839963436 1.85
    endloop
  endfacet
  facet normal 0 0 1
    outer loop
      vertex 10.186955399811268 23.48772006481886 1.85
      vertex 9.935384720563889 23.640213891863823 1.85
      vertex 9.923443675041199 23.604520060122013 1.85
    endloop
  endfacet
  facet normal 0 0 1
    outer loop
      vertex 10.186955399811268 23.48772006481886 1.85
      vertex 10.207498610019684 23.524838887155056 1.85
      vertex 9.935384720563889 23.640213891863823 1.85
    endloop
  endfacet
  facet normal 0 0 1
    outer loop
      vertex 10.207498610019684 23.524838887155056 1.85
      vertex 10.224881328642368 23.56407191604376 1.85
      vertex 9.935384720563889 23.640213891863823 1.85
    endloop
  endfacet
  facet normal 0 0 1
    outer loop
      vertex 10.224881328642368 23.56407191604376 1.85
      vertex 10.23910354822874 23.605419136583805 1.85
      vertex 9.943914040923119 23.677979320287704 1.85
    endloop
  endfacet
  facet normal -1 0 0
    outer loop
      vertex 6.955012500286102 24.000474996864796 1.85
      vertex 6.955012500286102 24.000474996864796 1.5
      vertex 6.955012500286102 23.712274998426437 1.5
    endloop
  endfacet
  facet normal 0.5809918111973685 -0.8139094024039785 0
    outer loop
      vertex 6.955012500286102 23.712274998426437 1.85
      vertex 6.955012500286102 23.712274998426437 1.5
      vertex 7.494112499058247 24.097099997103214 1.5
    endloop
  endfacet
  facet normal -0.5666248361385963 0.8239759068509885 0
    outer loop
      vertex 7.5195624977350235 24.388700000941753 1.85
      vertex 7.5195624977350235 24.388700000941753 1.5
      vertex 6.955012500286102 24.000474996864796 1.5
    endloop
  endfacet
  facet normal -1 0 0
    outer loop
      vertex 6.955012500286102 23.712274998426437 1.85
      vertex 6.955012500286102 24.000474996864796 1.85
      vertex 6.955012500286102 23.712274998426437 1.5
    endloop
  endfacet
  facet normal 0.5809918111973685 -0.8139094024039785 0
    outer loop
      vertex 6.955012500286102 23.712274998426437 1.85
      vertex 7.494112499058247 24.097099997103214 1.5
      vertex 7.494112499058247 24.097099997103214 1.85
    endloop
  endfacet
  facet normal 0 0 1
    outer loop
      vertex 6.955012500286102 23.712274998426437 1.85
      vertex 7.494112499058247 24.097099997103214 1.85
      vertex 6.955012500286102 24.000474996864796 1.85
    endloop
  endfacet
  facet normal -0.5666248361385963 0.8239759068509885 0
    outer loop
      vertex 6.955012500286102 24.000474996864796 1.85
      vertex 7.5195624977350235 24.388700000941753 1.85
      vertex 6.955012500286102 24.000474996864796 1.5
    endloop
  endfacet
  facet normal 0 1 0
    outer loop
      vertex 7.5195624977350235 24.388700000941753 1.85
      vertex 7.800987496972084 24.388700000941753 1.85
      vertex 7.5195624977350235 24.388700000941753 1.5
    endloop
  endfacet
  facet normal 0 0 1
    outer loop
      vertex 6.955012500286102 24.000474996864796 1.85
      vertex 7.494112499058247 24.097099997103214 1.85
      vertex 7.5195624977350235 24.388700000941753 1.85
    endloop
  endfacet
  facet normal 0 0 1
    outer loop
      vertex 7.494112499058247 24.097099997103214 1.85
      vertex 7.800987496972084 24.388700000941753 1.85
      vertex 7.5195624977350235 24.388700000941753 1.85
    endloop
  endfacet
  facet normal -0.07716857916006371 -0.9970180592097703 0
    outer loop
      vertex 8.72503750026226 23.802124999463558 1.85
      vertex 8.72503750026226 23.802124999463558 1.5
      vertex 9.031887501478195 23.77837499976158 1.5
    endloop
  endfacet
  facet normal -0.9885627953207455 0.15080981303494048 0
    outer loop
      vertex 8.734737195074558 23.86570678651333 1.85
      vertex 8.734737195074558 23.86570678651333 1.5
      vertex 8.72503750026226 23.802124999463558 1.5
    endloop
  endfacet
  facet normal -0.9740589785938031 0.22629429118030583 0
    outer loop
      vertex 8.748769596219063 23.926107719540596 1.85
      vertex 8.748769596219063 23.926107719540596 1.5
      vertex 8.734737195074558 23.86570678651333 1.5
    endloop
  endfacet
  facet normal -0.9521595524598826 0.3056013525156526 0
    outer loop
      vertex 8.767134718596935 23.98332777619362 1.85
      vertex 8.767134718596935 23.98332777619362 1.5
      vertex 8.748769596219063 23.926107719540596 1.5
    endloop
  endfacet
  facet normal -0.9219737086125729 0.3872524765926986 0
    outer loop
      vertex 8.789832562208176 24.03736697882414 1.85
      vertex 8.789832562208176 24.03736697882414 1.5
      vertex 8.767134718596935 23.98332777619362 1.5
    endloop
  endfacet
  facet normal 0 1 0
    outer loop
      vertex 7.800987496972084 24.388700000941753 1.85
      vertex 7.800987496972084 24.388700000941753 1.5
      vertex 7.5195624977350235 24.388700000941753 1.5
    endloop
  endfacet
  facet normal -0.8830288661357838 0.4693186780546372 0
    outer loop
      vertex 8.816863119602203 24.088225305080414 1.85
      vertex 8.816863119602203 24.088225305080414 1.5
      vertex 8.789832562208176 24.03736697882414 1.5
    endloop
  endfacet
  facet normal -0.8354451357373052 0.549573857796089 0
    outer loop
      vertex 8.848226390779018 24.135902777314186 1.85
      vertex 8.848226390779018 24.135902777314186 1.5
      vertex 8.816863119602203 24.088225305080414 1.5
    endloop
  endfacet
  facet normal -0.7800240730833305 0.6257495069198944 0
    outer loop
      vertex 8.88392237573862 24.180399380624294 1.85
      vertex 8.88392237573862 24.180399380624294 1.5
      vertex 8.848226390779018 24.135902777314186 1.5
    endloop
  endfacet
  facet normal -0.7182047665563315 0.6958318139434021 0
    outer loop
      vertex 8.923951081931591 24.22171512246132 1.85
      vertex 8.923951081931591 24.22171512246132 1.5
      vertex 8.88392237573862 24.180399380624294 1.5
    endloop
  endfacet
  facet normal -0.6518826129417044 0.7583198922251058 0
    outer loop
      vertex 8.968312501907349 24.25985000282526 1.85
      vertex 8.968312501907349 24.25985000282526 1.5
      vertex 8.923951081931591 24.22171512246132 1.5
    endloop
  endfacet
  facet normal 0.9900030906610214 -0.14104566807110838 0
    outer loop
      vertex 9.031887501478195 23.77837499976158 1.85
      vertex 9.031887501478195 23.77837499976158 1.5
      vertex 9.03769675642252 23.819150306284428 1.5
    endloop
  endfacet
  facet normal 0.9773108752981312 -0.21180994552664603 0
    outer loop
      vertex 9.03769675642252 23.819150306284428 1.85
      vertex 9.03769675642252 23.819150306284428 1.5
      vertex 9.046080090105534 23.85783179104328 1.5
    endloop
  endfacet
  facet normal 0.957962262139386 -0.28689423890484517 0
    outer loop
      vertex 9.046080090105534 23.85783179104328 1.85
      vertex 9.046080090105534 23.85783179104328 1.5
      vertex 9.057037502527237 23.894419446587563 1.5
    endloop
  endfacet
  facet normal 0.9309320467583206 -0.36519244833151177 0
    outer loop
      vertex 9.057037502527237 23.894419446587563 1.85
      vertex 9.057037502527237 23.894419446587563 1.5
      vertex 9.070568978786469 23.92891327291727 1.5
    endloop
  endfacet
  facet normal 0.8954688431919909 -0.44512419713198853 0
    outer loop
      vertex 9.070568978786469 23.92891327291727 1.85
      vertex 9.070568978786469 23.92891327291727 1.5
      vertex 9.08667453378439 23.961313270032406 1.5
    endloop
  endfacet
  facet normal 0.8512859838424558 -0.5247019856198203 0
    outer loop
      vertex 9.08667453378439 23.961313270032406 1.85
      vertex 9.08667453378439 23.961313270032406 1.5
      vertex 9.105354167521 23.99161944538355 1.5
    endloop
  endfacet
  facet normal 0.7987147325077384 -0.6017098769964574 0
    outer loop
      vertex 9.105354167521 23.99161944538355 1.85
      vertex 9.105354167521 23.99161944538355 1.5
      vertex 9.12660787254572 24.01983179152012 1.5
    endloop
  endfacet
  facet normal 0.7387609919418253 -0.6739675042501161 0
    outer loop
      vertex 9.12660787254572 24.01983179152012 1.85
      vertex 9.12660787254572 24.01983179152012 1.5
      vertex 9.150435648858547 24.045950308442116 1.5
    endloop
  endfacet
  facet normal -0.948339191923841 0.3172582182721769 0
    outer loop
      vertex 9.935384720563889 23.640213891863823 1.85
      vertex 9.935384720563889 23.640213891863823 1.5
      vertex 9.923443675041199 23.604520060122013 1.5
    endloop
  endfacet
  facet normal -0.9754318838244691 0.22030124833656134 0
    outer loop
      vertex 9.943914040923119 23.677979320287704 1.85
      vertex 9.943914040923119 23.677979320287704 1.5
      vertex 9.935384720563889 23.640213891863823 1.5
    endloop
  endfacet
  facet normal -0.9918493420284356 0.1274161791836474 0
    outer loop
      vertex 9.949031636118889 23.71781636029482 1.85
      vertex 9.949031636118889 23.71781636029482 1.5
      vertex 9.943914040923119 23.677979320287704 1.5
    endloop
  endfacet
  facet normal -0.9991726071465702 0.04067064208892868 0
    outer loop
      vertex 9.950737498700619 23.759724996984005 1.85
      vertex 9.950737498700619 23.759724996984005 1.5
      vertex 9.949031636118889 23.71781636029482 1.5
    endloop
  endfacet
  facet normal -0.9994400616974364 -0.03345987259725374 0
    outer loop
      vertex 9.949345521628857 23.80130308866501 1.85
      vertex 9.949345521628857 23.80130308866501 1.5
      vertex 9.950737498700619 23.759724996984005 1.5
    endloop
  endfacet
  facet normal -0.9944830052123668 -0.10489781858446642 0
    outer loop
      vertex 9.945169597864151 23.840892903506756 1.85
      vertex 9.945169597864151 23.840892903506756 1.5
      vertex 9.949345521628857 23.80130308866501 1.5
    endloop
  endfacet
  facet normal -0.9370746546647829 -0.3491290471800907 0
    outer loop
      vertex 9.91593811661005 23.947732716798782 1.85
      vertex 9.91593811661005 23.947732716798782 1.5
      vertex 9.928465895354748 23.914107717573643 1.5
    endloop
  endfacet
  facet normal -0.9001187502647648 -0.4356446205587735 0
    outer loop
      vertex 9.900626391172409 23.979369446635246 1.85
      vertex 9.900626391172409 23.979369446635246 1.5
      vertex 9.91593811661005 23.947732716798782 1.5
    endloop
  endfacet
  facet normal -0.8535740137924835 -0.5209715951740451 0
    outer loop
      vertex 9.882530711591244 24.009017899632454 1.85
      vertex 9.882530711591244 24.009017899632454 1.5
      vertex 9.900626391172409 23.979369446635246 1.5
    endloop
  endfacet
  facet normal -0.7981333236457011 -0.6024808691454582 0
    outer loop
      vertex 9.861651077866554 24.036678083240986 1.85
      vertex 9.861651077866554 24.036678083240986 1.5
      vertex 9.882530711591244 24.009017899632454 1.5
    endloop
  endfacet
  facet normal -0.9832977794045624 -0.18200405769667957 0
    outer loop
      vertex 9.938209719955921 23.878494441509247 1.85
      vertex 9.938209719955921 23.878494441509247 1.5
      vertex 9.945169597864151 23.840892903506756 1.5
    endloop
  endfacet
  facet normal -0.9645495957264824 -0.26390164338988004 0
    outer loop
      vertex 9.928465895354748 23.914107717573643 1.85
      vertex 9.928465895354748 23.914107717573643 1.5
      vertex 9.938209719955921 23.878494441509247 1.5
    endloop
  endfacet
  facet normal 0.9542674485955829 0.29895423822196704 0
    outer loop
      vertex 10.242254167795181 23.97626666724682 1.85
      vertex 10.242254167795181 23.97626666724682 1.5
      vertex 10.225039355456829 24.03121666610241 1.5
    endloop
  endfacet
  facet normal 0.6730257279935558 -0.7396190705077476 0
    outer loop
      vertex 9.150435648858547 24.045950308442116 1.85
      vertex 9.150435648858547 24.045950308442116 1.5
      vertex 9.176837496459484 24.06997500360012 1.5
    endloop
  endfacet
  facet normal 0.6040075696291753 -0.79697857927968 0
    outer loop
      vertex 9.176837496459484 24.06997500360012 1.85
      vertex 9.176837496459484 24.06997500360012 1.5
      vertex 9.205478854477406 24.091681480407715 1.5
    endloop
  endfacet
  facet normal 0.5312217718158092 -0.8472328069361291 0
    outer loop
      vertex 9.205478854477406 24.091681480407715 1.85
      vertex 9.205478854477406 24.091681480407715 1.5
      vertex 9.236025154590607 24.110834255814552 1.5
    endloop
  endfacet
  facet normal 0.4553913667070336 -0.8902913585611735 0
    outer loop
      vertex 9.236025154590607 24.110834255814552 1.85
      vertex 9.236025154590607 24.110834255814552 1.5
      vertex 9.268476389348507 24.127433329820633 1.5
    endloop
  endfacet
  facet normal 0.3784153317919908 -0.9256359093427381 0
    outer loop
      vertex 9.268476389348507 24.127433329820633 1.85
      vertex 9.268476389348507 24.127433329820633 1.5
      vertex 9.302832558751106 24.141478702425957 1.5
    endloop
  endfacet
  facet normal 0.30210639890628843 -0.9532742122494842 0
    outer loop
      vertex 9.302832558751106 24.141478702425957 1.85
      vertex 9.302832558751106 24.141478702425957 1.5
      vertex 9.339093670248985 24.152970373630524 1.5
    endloop
  endfacet
  facet normal 0.22801704765420133 -0.9736571398490649 0
    outer loop
      vertex 9.339093670248985 24.152970373630524 1.85
      vertex 9.339093670248985 24.152970373630524 1.5
      vertex 9.377259723842144 24.161908335983753 1.5
    endloop
  endfacet
  facet normal 0.15733915046825506 -0.9875446277155923 0
    outer loop
      vertex 9.377259723842144 24.161908335983753 1.85
      vertex 9.377259723842144 24.161908335983753 1.5
      vertex 9.417330712080002 24.168292589485645 1.5
    endloop
  endfacet
  facet normal 0.09087849387839442 -0.9958619881039714 0
    outer loop
      vertex 9.417330712080002 24.168292589485645 1.85
      vertex 9.417330712080002 24.168292589485645 1.5
      vertex 9.459306634962559 24.17212314903736 1.5
    endloop
  endfacet
  facet normal 0.029085809701029815 -0.9995769183379714 0
    outer loop
      vertex 9.459306634962559 24.17212314903736 1.85
      vertex 9.459306634962559 24.17212314903736 1.5
      vertex 9.503187499940395 24.17339999973774 1.5
    endloop
  endfacet
  facet normal -0.028550622663057055 -0.9995923478826515 0
    outer loop
      vertex 9.503187499940395 24.17339999973774 1.85
      vertex 9.503187499940395 24.17339999973774 1.5
      vertex 9.551187500357628 24.17202901095152 1.5
    endloop
  endfacet
  facet normal -0.09042186406043501 -0.9959035528101282 0
    outer loop
      vertex 9.551187500357628 24.17202901095152 1.85
      vertex 9.551187500357628 24.17202901095152 1.5
      vertex 9.596487499773502 24.167916052043438 1.5
    endloop
  endfacet
  facet normal -0.5837696349802028 0.8119193391434156 0
    outer loop
      vertex 9.016315586864948 24.29436419904232 1.85
      vertex 9.016315586864948 24.29436419904232 1.5
      vertex 8.968312501907349 24.25985000282526 1.5
    endloop
  endfacet
  facet normal -0.5130269558218374 0.8583724964141025 0
    outer loop
      vertex 9.067269288003445 24.324817903339863 1.85
      vertex 9.067269288003445 24.324817903339863 1.5
      vertex 9.016315586864948 24.29436419904232 1.5
    endloop
  endfacet
  facet normal -0.4397476703352303 0.898121365092011 0
    outer loop
      vertex 9.121173612773418 24.351211108267307 1.85
      vertex 9.121173612773418 24.351211108267307 1.5
      vertex 9.067269288003445 24.324817903339863 1.5
    endloop
  endfacet
  facet normal -0.3656077511614456 0.9307690219870183 0
    outer loop
      vertex 9.178028546273708 24.373543828725815 1.85
      vertex 9.178028546273708 24.373543828725815 1.5
      vertex 9.121173612773418 24.351211108267307 1.5
    endloop
  endfacet
  facet normal -0.29219368441231997 0.9563591641164703 0
    outer loop
      vertex 9.237834103405476 24.391816049814224 1.85
      vertex 9.237834103405476 24.391816049814224 1.5
      vertex 9.178028546273708 24.373543828725815 1.5
    endloop
  endfacet
  facet normal -0.22086681311105885 0.9753039786990334 0
    outer loop
      vertex 9.30059027671814 24.406027778983116 1.85
      vertex 9.30059027671814 24.406027778983116 1.5
      vertex 9.237834103405476 24.391816049814224 1.5
    endloop
  endfacet
  facet normal -0.1526814998375533 0.9882754472349069 0
    outer loop
      vertex 9.3662970662117 24.41617900878191 1.85
      vertex 9.3662970662117 24.41617900878191 1.5
      vertex 9.30059027671814 24.406027778983116 1.5
    endloop
  endfacet
  facet normal -0.08836511083190808 0.9960881523176874 0
    outer loop
      vertex 9.434954471886158 24.422269754111767 1.85
      vertex 9.434954471886158 24.422269754111767 1.5
      vertex 9.3662970662117 24.41617900878191 1.5
    endloop
  endfacet
  facet normal -0.02834082248332741 0.9995983182163566 0
    outer loop
      vertex 9.506562501192093 24.424300000071526 1.85
      vertex 9.506562501192093 24.424300000071526 1.5
      vertex 9.434954471886158 24.422269754111767 1.5
    endloop
  endfacet
  facet normal 0.02645911991272764 0.9996498962003867 0
    outer loop
      vertex 9.584456637501717 24.422238267958164 1.85
      vertex 9.584456637501717 24.422238267958164 1.5
      vertex 9.506562501192093 24.424300000071526 1.5
    endloop
  endfacet
  facet normal -0.4889134477580409 -0.8723322994142458 0
    outer loop
      vertex 9.750687502324581 24.124044448137283 1.85
      vertex 9.750687502324581 24.124044448137283 1.5
      vertex 9.782487496733665 24.106221601366997 1.5
    endloop
  endfacet
  facet normal -0.40053148042276165 -0.9162829984182566 0
    outer loop
      vertex 9.716187499463558 24.139125309884548 1.85
      vertex 9.716187499463558 24.139125309884548 1.5
      vertex 9.750687502324581 24.124044448137283 1.5
    endloop
  endfacet
  facet normal -0.314824025829923 -0.949150058083673 0
    outer loop
      vertex 9.678987503051758 24.151464194059372 1.85
      vertex 9.678987503051758 24.151464194059372 1.5
      vertex 9.716187499463558 24.139125309884548 1.5
    endloop
  endfacet
  facet normal -0.7352824898008293 -0.6777607691452001 0
    outer loop
      vertex 9.837987497448921 24.062349997460842 1.85
      vertex 9.837987497448921 24.062349997460842 1.5
      vertex 9.861651077866554 24.036678083240986 1.5
    endloop
  endfacet
  facet normal -0.6618240124030594 -0.7496592403263732 0
    outer loop
      vertex 9.811587497591972 24.08565679192543 1.85
      vertex 9.811587497591972 24.08565679192543 1.5
      vertex 9.837987497448921 24.062349997460842 1.5
    endloop
  endfacet
  facet normal -0.5771257654359192 -0.8166552827662381 0
    outer loop
      vertex 9.782487496733665 24.106221601366997 1.85
      vertex 9.782487496733665 24.106221601366997 1.5
      vertex 9.811587497591972 24.08565679192543 1.5
    endloop
  endfacet
  facet normal -0.23385476858905027 -0.9722715398530195 0
    outer loop
      vertex 9.639087498188019 24.161061108112335 1.85
      vertex 9.639087498188019 24.161061108112335 1.5
      vertex 9.678987503051758 24.151464194059372 1.5
    endloop
  endfacet
  facet normal -0.15887048139451235 -0.9872994328680007 0
    outer loop
      vertex 9.596487499773502 24.167916052043438 1.85
      vertex 9.596487499773502 24.167916052043438 1.5
      vertex 9.639087498188019 24.161061108112335 1.5
    endloop
  endfacet
  facet normal 0.9193135295338806 0.3935259005655904 0
    outer loop
      vertex 10.225039355456829 24.03121666610241 1.85
      vertex 10.225039355456829 24.03121666610241 1.5
      vertex 10.202906019985676 24.082922220230103 1.5
    endloop
  endfacet
  facet normal 0.8731686386563887 0.48741822746687363 0
    outer loop
      vertex 10.202906019985676 24.082922220230103 1.85
      vertex 10.202906019985676 24.082922220230103 1.5
      vertex 10.175854168832302 24.131383329629898 1.5
    endloop
  endfacet
  facet normal 0.8165190637005156 0.577318472434092 0
    outer loop
      vertex 10.175854168832302 24.131383329629898 1.85
      vertex 10.175854168832302 24.131383329629898 1.5
      vertex 10.143883794546127 24.176600001752377 1.5
    endloop
  endfacet
  facet normal 0.7511275225390436 0.6601571365094514 0
    outer loop
      vertex 10.143883794546127 24.176600001752377 1.85
      vertex 10.143883794546127 24.176600001752377 1.5
      vertex 10.106994904577732 24.218572221696377 1.5
    endloop
  endfacet
  facet normal 0.6795706496313855 0.7336100681967069 0
    outer loop
      vertex 10.106994904577732 24.218572221696377 1.85
      vertex 10.106994904577732 24.218572221696377 1.5
      vertex 10.065187498927116 24.25729999691248 1.5
    endloop
  endfacet
  facet normal 0.3635516599446068 0.9315740392215321 0
    outer loop
      vertex 9.914584718644619 24.350077778100967 1.85
      vertex 9.914584718644619 24.350077778100967 1.5
      vertex 9.856471449136734 24.37275678664446 1.5
    endloop
  endfacet
  facet normal 0.1457320736568668 0.9893240938679646 0
    outer loop
      vertex 9.728376388549805 24.405744440853596 1.85
      vertex 9.728376388549805 24.405744440853596 1.5
      vertex 9.65839459747076 24.41605308651924 1.5
    endloop
  endfacet
  facet normal 0.08336249224624626 0.9965192897713996 0
    outer loop
      vertex 9.65839459747076 24.41605308651924 1.85
      vertex 9.65839459747076 24.41605308651924 1.5
      vertex 9.584456637501717 24.422238267958164 1.5
    endloop
  endfacet
  facet normal 0.2864233692797512 0.9581031539090326 0
    outer loop
      vertex 9.856471449136734 24.37275678664446 1.85
      vertex 9.856471449136734 24.37275678664446 1.5
      vertex 9.794402003288269 24.39131234586239 1.5
    endloop
  endfacet
  facet normal 0.213541433298254 0.9769340081422734 0
    outer loop
      vertex 9.794402003288269 24.39131234586239 1.85
      vertex 9.794402003288269 24.39131234586239 1.5
      vertex 9.728376388549805 24.405744440853596 1.5
    endloop
  endfacet
  facet normal 0.5245038754607848 0.8514080599962731 0
    outer loop
      vertex 10.01894274353981 24.292349383234978 1.85
      vertex 10.01894274353981 24.292349383234978 1.5
      vertex 9.968741819262505 24.323275305330753 1.5
    endloop
  endfacet
  facet normal 0.6040271800977413 0.7969637166792292 0
    outer loop
      vertex 10.065187498927116 24.25729999691248 1.85
      vertex 10.065187498927116 24.25729999691248 1.5
      vertex 10.01894274353981 24.292349383234978 1.5
    endloop
  endfacet
  facet normal 0.44355480999718455 0.8962472485471638 0
    outer loop
      vertex 9.968741819262505 24.323275305330753 1.85
      vertex 9.968741819262505 24.323275305330753 1.5
      vertex 9.914584718644619 24.350077778100967 1.5
    endloop
  endfacet
  facet normal 1 0 0
    outer loop
      vertex 7.800987496972084 22.259374998509884 1.85
      vertex 7.800987496972084 24.388700000941753 1.5
      vertex 7.800987496972084 24.388700000941753 1.85
    endloop
  endfacet
  facet normal -0.9885627953207455 0.15080981303494048 0
    outer loop
      vertex 8.72503750026226 23.802124999463558 1.85
      vertex 8.734737195074558 23.86570678651333 1.85
      vertex 8.72503750026226 23.802124999463558 1.5
    endloop
  endfacet
  facet normal -0.07716857916006371 -0.9970180592097703 0
    outer loop
      vertex 8.72503750026226 23.802124999463558 1.85
      vertex 9.031887501478195 23.77837499976158 1.5
      vertex 9.031887501478195 23.77837499976158 1.85
    endloop
  endfacet
  facet normal -0.9740589785938031 0.22629429118030583 0
    outer loop
      vertex 8.734737195074558 23.86570678651333 1.85
      vertex 8.748769596219063 23.926107719540596 1.85
      vertex 8.734737195074558 23.86570678651333 1.5
    endloop
  endfacet
  facet normal -0.9521595524598826 0.3056013525156526 0
    outer loop
      vertex 8.748769596219063 23.926107719540596 1.85
      vertex 8.767134718596935 23.98332777619362 1.85
      vertex 8.748769596219063 23.926107719540596 1.5
    endloop
  endfacet
  facet normal -0.9219737086125729 0.3872524765926986 0
    outer loop
      vertex 8.767134718596935 23.98332777619362 1.85
      vertex 8.789832562208176 24.03736697882414 1.85
      vertex 8.767134718596935 23.98332777619362 1.5
    endloop
  endfacet
  facet normal 0 0 1
    outer loop
      vertex 8.72503750026226 23.802124999463558 1.85
      vertex 9.031887501478195 23.77837499976158 1.85
      vertex 8.734737195074558 23.86570678651333 1.85
    endloop
  endfacet
  facet normal 0 0 1
    outer loop
      vertex 9.031887501478195 23.77837499976158 1.85
      vertex 9.03769675642252 23.819150306284428 1.85
      vertex 8.734737195074558 23.86570678651333 1.85
    endloop
  endfacet
  facet normal 0 0 1
    outer loop
      vertex 8.734737195074558 23.86570678651333 1.85
      vertex 9.03769675642252 23.819150306284428 1.85
      vertex 8.748769596219063 23.926107719540596 1.85
    endloop
  endfacet
  facet normal 0 0 1
    outer loop
      vertex 9.03769675642252 23.819150306284428 1.85
      vertex 9.046080090105534 23.85783179104328 1.85
      vertex 8.748769596219063 23.926107719540596 1.85
    endloop
  endfacet
  facet normal 0 0 1
    outer loop
      vertex 9.046080090105534 23.85783179104328 1.85
      vertex 8.767134718596935 23.98332777619362 1.85
      vertex 8.748769596219063 23.926107719540596 1.85
    endloop
  endfacet
  facet normal 0 0 1
    outer loop
      vertex 9.046080090105534 23.85783179104328 1.85
      vertex 9.057037502527237 23.894419446587563 1.85
      vertex 8.767134718596935 23.98332777619362 1.85
    endloop
  endfacet
  facet normal 0 0 1
    outer loop
      vertex 9.057037502527237 23.894419446587563 1.85
      vertex 8.789832562208176 24.03736697882414 1.85
      vertex 8.767134718596935 23.98332777619362 1.85
    endloop
  endfacet
  facet normal 0 0 1
    outer loop
      vertex 9.070568978786469 23.92891327291727 1.85
      vertex 8.816863119602203 24.088225305080414 1.85
      vertex 8.789832562208176 24.03736697882414 1.85
    endloop
  endfacet
  facet normal -0.8830288661357838 0.4693186780546372 0
    outer loop
      vertex 8.789832562208176 24.03736697882414 1.85
      vertex 8.816863119602203 24.088225305080414 1.85
      vertex 8.789832562208176 24.03736697882414 1.5
    endloop
  endfacet
  facet normal -0.8354451357373052 0.549573857796089 0
    outer loop
      vertex 8.816863119602203 24.088225305080414 1.85
      vertex 8.848226390779018 24.135902777314186 1.85
      vertex 8.816863119602203 24.088225305080414 1.5
    endloop
  endfacet
  facet normal -0.7800240730833305 0.6257495069198944 0
    outer loop
      vertex 8.848226390779018 24.135902777314186 1.85
      vertex 8.88392237573862 24.180399380624294 1.85
      vertex 8.848226390779018 24.135902777314186 1.5
    endloop
  endfacet
  facet normal -0.7182047665563315 0.6958318139434021 0
    outer loop
      vertex 8.88392237573862 24.180399380624294 1.85
      vertex 8.923951081931591 24.22171512246132 1.85
      vertex 8.88392237573862 24.180399380624294 1.5
    endloop
  endfacet
  facet normal -0.6518826129417044 0.7583198922251058 0
    outer loop
      vertex 8.923951081931591 24.22171512246132 1.85
      vertex 8.968312501907349 24.25985000282526 1.85
      vertex 8.923951081931591 24.22171512246132 1.5
    endloop
  endfacet
  facet normal 0 0 1
    outer loop
      vertex 9.08667453378439 23.961313270032406 1.85
      vertex 8.848226390779018 24.135902777314186 1.85
      vertex 8.816863119602203 24.088225305080414 1.85
    endloop
  endfacet
  facet normal 0 0 1
    outer loop
      vertex 9.105354167521 23.99161944538355 1.85
      vertex 8.88392237573862 24.180399380624294 1.85
      vertex 8.848226390779018 24.135902777314186 1.85
    endloop
  endfacet
  facet normal 0.9900030906610214 -0.14104566807110838 0
    outer loop
      vertex 9.031887501478195 23.77837499976158 1.85
      vertex 9.03769675642252 23.819150306284428 1.5
      vertex 9.03769675642252 23.819150306284428 1.85
    endloop
  endfacet
  facet normal 0.9773108752981312 -0.21180994552664603 0
    outer loop
      vertex 9.03769675642252 23.819150306284428 1.85
      vertex 9.046080090105534 23.85783179104328 1.5
      vertex 9.046080090105534 23.85783179104328 1.85
    endloop
  endfacet
  facet normal 0.957962262139386 -0.28689423890484517 0
    outer loop
      vertex 9.046080090105534 23.85783179104328 1.85
      vertex 9.057037502527237 23.894419446587563 1.5
      vertex 9.057037502527237 23.894419446587563 1.85
    endloop
  endfacet
  facet normal 0.9309320467583206 -0.36519244833151177 0
    outer loop
      vertex 9.057037502527237 23.894419446587563 1.85
      vertex 9.070568978786469 23.92891327291727 1.5
      vertex 9.070568978786469 23.92891327291727 1.85
    endloop
  endfacet
  facet normal 0.8954688431919909 -0.44512419713198853 0
    outer loop
      vertex 9.070568978786469 23.92891327291727 1.85
      vertex 9.08667453378439 23.961313270032406 1.5
      vertex 9.08667453378439 23.961313270032406 1.85
    endloop
  endfacet
  facet normal 0.8512859838424558 -0.5247019856198203 0
    outer loop
      vertex 9.08667453378439 23.961313270032406 1.85
      vertex 9.105354167521 23.99161944538355 1.5
      vertex 9.105354167521 23.99161944538355 1.85
    endloop
  endfacet
  facet normal 0.7987147325077384 -0.6017098769964574 0
    outer loop
      vertex 9.105354167521 23.99161944538355 1.85
      vertex 9.12660787254572 24.01983179152012 1.5
      vertex 9.12660787254572 24.01983179152012 1.85
    endloop
  endfacet
  facet normal 0.7387609919418253 -0.6739675042501161 0
    outer loop
      vertex 9.12660787254572 24.01983179152012 1.85
      vertex 9.150435648858547 24.045950308442116 1.5
      vertex 9.150435648858547 24.045950308442116 1.85
    endloop
  endfacet
  facet normal -0.9754318838244691 0.22030124833656134 0
    outer loop
      vertex 9.935384720563889 23.640213891863823 1.85
      vertex 9.943914040923119 23.677979320287704 1.85
      vertex 9.935384720563889 23.640213891863823 1.5
    endloop
  endfacet
  facet normal -0.9918493420284356 0.1274161791836474 0
    outer loop
      vertex 9.943914040923119 23.677979320287704 1.85
      vertex 9.949031636118889 23.71781636029482 1.85
      vertex 9.943914040923119 23.677979320287704 1.5
    endloop
  endfacet
  facet normal 0.9691034572694524 -0.2466545947441369 0
    outer loop
      vertex 10.23910354822874 23.605419136583805 1.85
      vertex 10.250165276229382 23.648880556225777 1.5
      vertex 10.250165276229382 23.648880556225777 1.85
    endloop
  endfacet
  facet normal -0.9991726071465702 0.04067064208892868 0
    outer loop
      vertex 9.949031636118889 23.71781636029482 1.85
      vertex 9.950737498700619 23.759724996984005 1.85
      vertex 9.949031636118889 23.71781636029482 1.5
    endloop
  endfacet
  facet normal -0.9994400616974364 -0.03345987259725374 0
    outer loop
      vertex 9.950737498700619 23.759724996984005 1.85
      vertex 9.949345521628857 23.80130308866501 1.85
      vertex 9.950737498700619 23.759724996984005 1.5
    endloop
  endfacet
  facet normal -0.9944830052123668 -0.10489781858446642 0
    outer loop
      vertex 9.949345521628857 23.80130308866501 1.85
      vertex 9.945169597864151 23.840892903506756 1.85
      vertex 9.949345521628857 23.80130308866501 1.5
    endloop
  endfacet
  facet normal -0.9370746546647829 -0.3491290471800907 0
    outer loop
      vertex 9.928465895354748 23.914107717573643 1.85
      vertex 9.91593811661005 23.947732716798782 1.85
      vertex 9.928465895354748 23.914107717573643 1.5
    endloop
  endfacet
  facet normal -0.9001187502647648 -0.4356446205587735 0
    outer loop
      vertex 9.91593811661005 23.947732716798782 1.85
      vertex 9.900626391172409 23.979369446635246 1.85
      vertex 9.91593811661005 23.947732716798782 1.5
    endloop
  endfacet
  facet normal -0.8535740137924835 -0.5209715951740451 0
    outer loop
      vertex 9.900626391172409 23.979369446635246 1.85
      vertex 9.882530711591244 24.009017899632454 1.85
      vertex 9.900626391172409 23.979369446635246 1.5
    endloop
  endfacet
  facet normal -0.7981333236457011 -0.6024808691454582 0
    outer loop
      vertex 9.882530711591244 24.009017899632454 1.85
      vertex 9.861651077866554 24.036678083240986 1.85
      vertex 9.882530711591244 24.009017899632454 1.5
    endloop
  endfacet
  facet normal -0.7352824898008293 -0.6777607691452001 0
    outer loop
      vertex 9.861651077866554 24.036678083240986 1.85
      vertex 9.837987497448921 24.062349997460842 1.85
      vertex 9.861651077866554 24.036678083240986 1.5
    endloop
  endfacet
  facet normal -0.9832977794045624 -0.18200405769667957 0
    outer loop
      vertex 9.945169597864151 23.840892903506756 1.85
      vertex 9.938209719955921 23.878494441509247 1.85
      vertex 9.945169597864151 23.840892903506756 1.5
    endloop
  endfacet
  facet normal -0.9645495957264824 -0.26390164338988004 0
    outer loop
      vertex 9.938209719955921 23.878494441509247 1.85
      vertex 9.928465895354748 23.914107717573643 1.85
      vertex 9.938209719955921 23.878494441509247 1.5
    endloop
  endfacet
  facet normal 0.9783975614011098 0.2067322225594298 0
    outer loop
      vertex 10.254550464451313 23.91807222366333 1.85
      vertex 10.242254167795181 23.97626666724682 1.5
      vertex 10.242254167795181 23.97626666724682 1.85
    endloop
  endfacet
  facet normal 0.9542674485955829 0.29895423822196704 0
    outer loop
      vertex 10.242254167795181 23.97626666724682 1.85
      vertex 10.225039355456829 24.03121666610241 1.5
      vertex 10.225039355456829 24.03121666610241 1.85
    endloop
  endfacet
  facet normal 0 0 1
    outer loop
      vertex 9.057037502527237 23.894419446587563 1.85
      vertex 9.070568978786469 23.92891327291727 1.85
      vertex 8.789832562208176 24.03736697882414 1.85
    endloop
  endfacet
  facet normal 0 0 1
    outer loop
      vertex 9.070568978786469 23.92891327291727 1.85
      vertex 9.08667453378439 23.961313270032406 1.85
      vertex 8.816863119602203 24.088225305080414 1.85
    endloop
  endfacet
  facet normal 0 0 1
    outer loop
      vertex 9.08667453378439 23.961313270032406 1.85
      vertex 9.105354167521 23.99161944538355 1.85
      vertex 8.848226390779018 24.135902777314186 1.85
    endloop
  endfacet
  facet normal 0 0 1
    outer loop
      vertex 10.224881328642368 23.56407191604376 1.85
      vertex 9.943914040923119 23.677979320287704 1.85
      vertex 9.935384720563889 23.640213891863823 1.85
    endloop
  endfacet
  facet normal 0 0 1
    outer loop
      vertex 10.250165276229382 23.648880556225777 1.85
      vertex 9.949031636118889 23.71781636029482 1.85
      vertex 9.943914040923119 23.677979320287704 1.85
    endloop
  endfacet
  facet normal 0 0 1
    outer loop
      vertex 10.23910354822874 23.605419136583805 1.85
      vertex 10.250165276229382 23.648880556225777 1.85
      vertex 9.943914040923119 23.677979320287704 1.85
    endloop
  endfacet
  facet normal 0 0 1
    outer loop
      vertex 10.250165276229382 23.648880556225777 1.85
      vertex 10.258066512644291 23.694456174969673 1.85
      vertex 9.949031636118889 23.71781636029482 1.85
    endloop
  endfacet
  facet normal 0 0 1
    outer loop
      vertex 10.258066512644291 23.694456174969673 1.85
      vertex 10.262807250022888 23.742145985364914 1.85
      vertex 9.949031636118889 23.71781636029482 1.85
    endloop
  endfacet
  facet normal 0 0 1
    outer loop
      vertex 9.949031636118889 23.71781636029482 1.85
      vertex 10.262807250022888 23.742145985364914 1.85
      vertex 9.950737498700619 23.759724996984005 1.85
    endloop
  endfacet
  facet normal 0 0 1
    outer loop
      vertex 9.950737498700619 23.759724996984005 1.85
      vertex 10.264387503266335 23.79195000231266 1.85
      vertex 9.949345521628857 23.80130308866501 1.85
    endloop
  endfacet
  facet normal 0 0 1
    outer loop
      vertex 9.949345521628857 23.80130308866501 1.85
      vertex 10.261928237974644 23.856633335351944 1.85
      vertex 9.945169597864151 23.840892903506756 1.85
    endloop
  endfacet
  facet normal 0 0 1
    outer loop
      vertex 9.950737498700619 23.759724996984005 1.85
      vertex 10.262807250022888 23.742145985364914 1.85
      vertex 10.264387503266335 23.79195000231266 1.85
    endloop
  endfacet
  facet normal 0 0 1
    outer loop
      vertex 9.949345521628857 23.80130308866501 1.85
      vertex 10.264387503266335 23.79195000231266 1.85
      vertex 10.261928237974644 23.856633335351944 1.85
    endloop
  endfacet
  facet normal 0 0 1
    outer loop
      vertex 9.945169597864151 23.840892903506756 1.85
      vertex 10.254550464451313 23.91807222366333 1.85
      vertex 9.938209719955921 23.878494441509247 1.85
    endloop
  endfacet
  facet normal 0 0 1
    outer loop
      vertex 9.938209719955921 23.878494441509247 1.85
      vertex 10.242254167795181 23.97626666724682 1.85
      vertex 9.928465895354748 23.914107717573643 1.85
    endloop
  endfacet
  facet normal 0 0 1
    outer loop
      vertex 9.945169597864151 23.840892903506756 1.85
      vertex 10.261928237974644 23.856633335351944 1.85
      vertex 10.254550464451313 23.91807222366333 1.85
    endloop
  endfacet
  facet normal 0 0 1
    outer loop
      vertex 9.938209719955921 23.878494441509247 1.85
      vertex 10.254550464451313 23.91807222366333 1.85
      vertex 10.242254167795181 23.97626666724682 1.85
    endloop
  endfacet
  facet normal 0 0 1
    outer loop
      vertex 9.928465895354748 23.914107717573643 1.85
      vertex 10.225039355456829 24.03121666610241 1.85
      vertex 9.91593811661005 23.947732716798782 1.85
    endloop
  endfacet
  facet normal 0 0 1
    outer loop
      vertex 9.91593811661005 23.947732716798782 1.85
      vertex 10.202906019985676 24.082922220230103 1.85
      vertex 9.900626391172409 23.979369446635246 1.85
    endloop
  endfacet
  facet normal 0 0 1
    outer loop
      vertex 9.928465895354748 23.914107717573643 1.85
      vertex 10.242254167795181 23.97626666724682 1.85
      vertex 10.225039355456829 24.03121666610241 1.85
    endloop
  endfacet
  facet normal 0 0 1
    outer loop
      vertex 9.91593811661005 23.947732716798782 1.85
      vertex 10.225039355456829 24.03121666610241 1.85
      vertex 10.202906019985676 24.082922220230103 1.85
    endloop
  endfacet
  facet normal 0.6730257279935558 -0.7396190705077476 0
    outer loop
      vertex 9.150435648858547 24.045950308442116 1.85
      vertex 9.176837496459484 24.06997500360012 1.5
      vertex 9.176837496459484 24.06997500360012 1.85
    endloop
  endfacet
  facet normal 0.6040075696291753 -0.79697857927968 0
    outer loop
      vertex 9.176837496459484 24.06997500360012 1.85
      vertex 9.205478854477406 24.091681480407715 1.5
      vertex 9.205478854477406 24.091681480407715 1.85
    endloop
  endfacet
  facet normal 0.5312217718158092 -0.8472328069361291 0
    outer loop
      vertex 9.205478854477406 24.091681480407715 1.85
      vertex 9.236025154590607 24.110834255814552 1.5
      vertex 9.236025154590607 24.110834255814552 1.85
    endloop
  endfacet
  facet normal 0.4553913667070336 -0.8902913585611735 0
    outer loop
      vertex 9.236025154590607 24.110834255814552 1.85
      vertex 9.268476389348507 24.127433329820633 1.5
      vertex 9.268476389348507 24.127433329820633 1.85
    endloop
  endfacet
  facet normal 0.3784153317919908 -0.9256359093427381 0
    outer loop
      vertex 9.268476389348507 24.127433329820633 1.85
      vertex 9.302832558751106 24.141478702425957 1.5
      vertex 9.302832558751106 24.141478702425957 1.85
    endloop
  endfacet
  facet normal 0.30210639890628843 -0.9532742122494842 0
    outer loop
      vertex 9.302832558751106 24.141478702425957 1.85
      vertex 9.339093670248985 24.152970373630524 1.5
      vertex 9.339093670248985 24.152970373630524 1.85
    endloop
  endfacet
  facet normal 0.22801704765420133 -0.9736571398490649 0
    outer loop
      vertex 9.339093670248985 24.152970373630524 1.85
      vertex 9.377259723842144 24.161908335983753 1.5
      vertex 9.377259723842144 24.161908335983753 1.85
    endloop
  endfacet
  facet normal 0.15733915046825506 -0.9875446277155923 0
    outer loop
      vertex 9.377259723842144 24.161908335983753 1.85
      vertex 9.417330712080002 24.168292589485645 1.5
      vertex 9.417330712080002 24.168292589485645 1.85
    endloop
  endfacet
  facet normal 0.09087849387839442 -0.9958619881039714 0
    outer loop
      vertex 9.417330712080002 24.168292589485645 1.85
      vertex 9.459306634962559 24.17212314903736 1.5
      vertex 9.459306634962559 24.17212314903736 1.85
    endloop
  endfacet
  facet normal 0.029085809701029815 -0.9995769183379714 0
    outer loop
      vertex 9.459306634962559 24.17212314903736 1.85
      vertex 9.503187499940395 24.17339999973774 1.5
      vertex 9.503187499940395 24.17339999973774 1.85
    endloop
  endfacet
  facet normal -0.028550622663057055 -0.9995923478826515 0
    outer loop
      vertex 9.503187499940395 24.17339999973774 1.85
      vertex 9.551187500357628 24.17202901095152 1.5
      vertex 9.551187500357628 24.17202901095152 1.85
    endloop
  endfacet
  facet normal -0.09042186406043501 -0.9959035528101282 0
    outer loop
      vertex 9.551187500357628 24.17202901095152 1.85
      vertex 9.596487499773502 24.167916052043438 1.5
      vertex 9.596487499773502 24.167916052043438 1.85
    endloop
  endfacet
  facet normal -0.5837696349802028 0.8119193391434156 0
    outer loop
      vertex 8.968312501907349 24.25985000282526 1.85
      vertex 9.016315586864948 24.29436419904232 1.85
      vertex 8.968312501907349 24.25985000282526 1.5
    endloop
  endfacet
  facet normal -0.5130269558218374 0.8583724964141025 0
    outer loop
      vertex 9.016315586864948 24.29436419904232 1.85
      vertex 9.067269288003445 24.324817903339863 1.85
      vertex 9.016315586864948 24.29436419904232 1.5
    endloop
  endfacet
  facet normal -0.4397476703352303 0.898121365092011 0
    outer loop
      vertex 9.067269288003445 24.324817903339863 1.85
      vertex 9.121173612773418 24.351211108267307 1.85
      vertex 9.067269288003445 24.324817903339863 1.5
    endloop
  endfacet
  facet normal -0.3656077511614456 0.9307690219870183 0
    outer loop
      vertex 9.121173612773418 24.351211108267307 1.85
      vertex 9.178028546273708 24.373543828725815 1.85
      vertex 9.121173612773418 24.351211108267307 1.5
    endloop
  endfacet
  facet normal -0.29219368441231997 0.9563591641164703 0
    outer loop
      vertex 9.178028546273708 24.373543828725815 1.85
      vertex 9.237834103405476 24.391816049814224 1.85
      vertex 9.178028546273708 24.373543828725815 1.5
    endloop
  endfacet
  facet normal -0.22086681311105885 0.9753039786990334 0
    outer loop
      vertex 9.237834103405476 24.391816049814224 1.85
      vertex 9.30059027671814 24.406027778983116 1.85
      vertex 9.237834103405476 24.391816049814224 1.5
    endloop
  endfacet
  facet normal -0.1526814998375533 0.9882754472349069 0
    outer loop
      vertex 9.30059027671814 24.406027778983116 1.85
      vertex 9.3662970662117 24.41617900878191 1.85
      vertex 9.30059027671814 24.406027778983116 1.5
    endloop
  endfacet
  facet normal -0.08836511083190808 0.9960881523176874 0
    outer loop
      vertex 9.3662970662117 24.41617900878191 1.85
      vertex 9.434954471886158 24.422269754111767 1.85
      vertex 9.3662970662117 24.41617900878191 1.5
    endloop
  endfacet
  facet normal -0.02834082248332741 0.9995983182163566 0
    outer loop
      vertex 9.434954471886158 24.422269754111767 1.85
      vertex 9.506562501192093 24.424300000071526 1.85
      vertex 9.434954471886158 24.422269754111767 1.5
    endloop
  endfacet
  facet normal 0.02645911991272764 0.9996498962003867 0
    outer loop
      vertex 9.506562501192093 24.424300000071526 1.85
      vertex 9.584456637501717 24.422238267958164 1.85
      vertex 9.506562501192093 24.424300000071526 1.5
    endloop
  endfacet
  facet normal 0.08336249224624626 0.9965192897713996 0
    outer loop
      vertex 9.584456637501717 24.422238267958164 1.85
      vertex 9.65839459747076 24.41605308651924 1.85
      vertex 9.584456637501717 24.422238267958164 1.5
    endloop
  endfacet
  facet normal -0.40053148042276165 -0.9162829984182566 0
    outer loop
      vertex 9.750687502324581 24.124044448137283 1.85
      vertex 9.716187499463558 24.139125309884548 1.85
      vertex 9.750687502324581 24.124044448137283 1.5
    endloop
  endfacet
  facet normal -0.314824025829923 -0.949150058083673 0
    outer loop
      vertex 9.716187499463558 24.139125309884548 1.85
      vertex 9.678987503051758 24.151464194059372 1.85
      vertex 9.716187499463558 24.139125309884548 1.5
    endloop
  endfacet
  facet normal -0.6618240124030594 -0.7496592403263732 0
    outer loop
      vertex 9.837987497448921 24.062349997460842 1.85
      vertex 9.811587497591972 24.08565679192543 1.85
      vertex 9.837987497448921 24.062349997460842 1.5
    endloop
  endfacet
  facet normal -0.5771257654359192 -0.8166552827662381 0
    outer loop
      vertex 9.811587497591972 24.08565679192543 1.85
      vertex 9.782487496733665 24.106221601366997 1.85
      vertex 9.811587497591972 24.08565679192543 1.5
    endloop
  endfacet
  facet normal -0.4889134477580409 -0.8723322994142458 0
    outer loop
      vertex 9.782487496733665 24.106221601366997 1.85
      vertex 9.750687502324581 24.124044448137283 1.85
      vertex 9.782487496733665 24.106221601366997 1.5
    endloop
  endfacet
  facet normal -0.15887048139451235 -0.9872994328680007 0
    outer loop
      vertex 9.639087498188019 24.161061108112335 1.85
      vertex 9.596487499773502 24.167916052043438 1.85
      vertex 9.639087498188019 24.161061108112335 1.5
    endloop
  endfacet
  facet normal -0.23385476858905027 -0.9722715398530195 0
    outer loop
      vertex 9.639087498188019 24.161061108112335 1.85
      vertex 9.678987503051758 24.151464194059372 1.5
      vertex 9.678987503051758 24.151464194059372 1.85
    endloop
  endfacet
  facet normal 0.9193135295338806 0.3935259005655904 0
    outer loop
      vertex 10.225039355456829 24.03121666610241 1.85
      vertex 10.202906019985676 24.082922220230103 1.5
      vertex 10.202906019985676 24.082922220230103 1.85
    endloop
  endfacet
  facet normal 0.8731686386563887 0.48741822746687363 0
    outer loop
      vertex 10.202906019985676 24.082922220230103 1.85
      vertex 10.175854168832302 24.131383329629898 1.5
      vertex 10.175854168832302 24.131383329629898 1.85
    endloop
  endfacet
  facet normal 0.6795706496313855 0.7336100681967069 0
    outer loop
      vertex 10.106994904577732 24.218572221696377 1.85
      vertex 10.065187498927116 24.25729999691248 1.5
      vertex 10.065187498927116 24.25729999691248 1.85
    endloop
  endfacet
  facet normal 0.8165190637005156 0.577318472434092 0
    outer loop
      vertex 10.175854168832302 24.131383329629898 1.85
      vertex 10.143883794546127 24.176600001752377 1.5
      vertex 10.143883794546127 24.176600001752377 1.85
    endloop
  endfacet
  facet normal 0.7511275225390436 0.6601571365094514 0
    outer loop
      vertex 10.143883794546127 24.176600001752377 1.85
      vertex 10.106994904577732 24.218572221696377 1.5
      vertex 10.106994904577732 24.218572221696377 1.85
    endloop
  endfacet
  facet normal 0.1457320736568668 0.9893240938679646 0
    outer loop
      vertex 9.728376388549805 24.405744440853596 1.85
      vertex 9.65839459747076 24.41605308651924 1.5
      vertex 9.65839459747076 24.41605308651924 1.85
    endloop
  endfacet
  facet normal 0.213541433298254 0.9769340081422734 0
    outer loop
      vertex 9.794402003288269 24.39131234586239 1.85
      vertex 9.728376388549805 24.405744440853596 1.5
      vertex 9.728376388549805 24.405744440853596 1.85
    endloop
  endfacet
  facet normal 0.2864233692797512 0.9581031539090326 0
    outer loop
      vertex 9.856471449136734 24.37275678664446 1.85
      vertex 9.794402003288269 24.39131234586239 1.5
      vertex 9.794402003288269 24.39131234586239 1.85
    endloop
  endfacet
  facet normal 0.3635516599446068 0.9315740392215321 0
    outer loop
      vertex 9.914584718644619 24.350077778100967 1.85
      vertex 9.856471449136734 24.37275678664446 1.5
      vertex 9.856471449136734 24.37275678664446 1.85
    endloop
  endfacet
  facet normal 0.6040271800977413 0.7969637166792292 0
    outer loop
      vertex 10.065187498927116 24.25729999691248 1.85
      vertex 10.01894274353981 24.292349383234978 1.5
      vertex 10.01894274353981 24.292349383234978 1.85
    endloop
  endfacet
  facet normal 0.5245038754607848 0.8514080599962731 0
    outer loop
      vertex 10.01894274353981 24.292349383234978 1.85
      vertex 9.968741819262505 24.323275305330753 1.5
      vertex 9.968741819262505 24.323275305330753 1.85
    endloop
  endfacet
  facet normal 0.44355480999718455 0.8962472485471638 0
    outer loop
      vertex 9.968741819262505 24.323275305330753 1.85
      vertex 9.914584718644619 24.350077778100967 1.5
      vertex 9.914584718644619 24.350077778100967 1.85
    endloop
  endfacet
  facet normal 0 0 1
    outer loop
      vertex 9.105354167521 23.99161944538355 1.85
      vertex 9.12660787254572 24.01983179152012 1.85
      vertex 8.88392237573862 24.180399380624294 1.85
    endloop
  endfacet
  facet normal 0 0 1
    outer loop
      vertex 9.12660787254572 24.01983179152012 1.85
      vertex 9.150435648858547 24.045950308442116 1.85
      vertex 8.923951081931591 24.22171512246132 1.85
    endloop
  endfacet
  facet normal 0 0 1
    outer loop
      vertex 9.12660787254572 24.01983179152012 1.85
      vertex 8.923951081931591 24.22171512246132 1.85
      vertex 8.88392237573862 24.180399380624294 1.85
    endloop
  endfacet
  facet normal 0 0 1
    outer loop
      vertex 9.150435648858547 24.045950308442116 1.85
      vertex 9.176837496459484 24.06997500360012 1.85
      vertex 8.968312501907349 24.25985000282526 1.85
    endloop
  endfacet
  facet normal 0 0 1
    outer loop
      vertex 9.176837496459484 24.06997500360012 1.85
      vertex 9.205478854477406 24.091681480407715 1.85
      vertex 9.016315586864948 24.29436419904232 1.85
    endloop
  endfacet
  facet normal 0 0 1
    outer loop
      vertex 9.150435648858547 24.045950308442116 1.85
      vertex 8.968312501907349 24.25985000282526 1.85
      vertex 8.923951081931591 24.22171512246132 1.85
    endloop
  endfacet
  facet normal 0 0 1
    outer loop
      vertex 9.176837496459484 24.06997500360012 1.85
      vertex 9.016315586864948 24.29436419904232 1.85
      vertex 8.968312501907349 24.25985000282526 1.85
    endloop
  endfacet
  facet normal 0 0 1
    outer loop
      vertex 9.205478854477406 24.091681480407715 1.85
      vertex 9.067269288003445 24.324817903339863 1.85
      vertex 9.016315586864948 24.29436419904232 1.85
    endloop
  endfacet
  facet normal 0 0 1
    outer loop
      vertex 9.205478854477406 24.091681480407715 1.85
      vertex 9.236025154590607 24.110834255814552 1.85
      vertex 9.067269288003445 24.324817903339863 1.85
    endloop
  endfacet
  facet normal 0 0 1
    outer loop
      vertex 9.236025154590607 24.110834255814552 1.85
      vertex 9.268476389348507 24.127433329820633 1.85
      vertex 9.121173612773418 24.351211108267307 1.85
    endloop
  endfacet
  facet normal 0 0 1
    outer loop
      vertex 9.268476389348507 24.127433329820633 1.85
      vertex 9.302832558751106 24.141478702425957 1.85
      vertex 9.178028546273708 24.373543828725815 1.85
    endloop
  endfacet
  facet normal 0 0 1
    outer loop
      vertex 9.302832558751106 24.141478702425957 1.85
      vertex 9.339093670248985 24.152970373630524 1.85
      vertex 9.237834103405476 24.391816049814224 1.85
    endloop
  endfacet
  facet normal 0 0 1
    outer loop
      vertex 9.339093670248985 24.152970373630524 1.85
      vertex 9.377259723842144 24.161908335983753 1.85
      vertex 9.30059027671814 24.406027778983116 1.85
    endloop
  endfacet
  facet normal 0 0 1
    outer loop
      vertex 9.377259723842144 24.161908335983753 1.85
      vertex 9.417330712080002 24.168292589485645 1.85
      vertex 9.3662970662117 24.41617900878191 1.85
    endloop
  endfacet
  facet normal 0 0 1
    outer loop
      vertex 9.417330712080002 24.168292589485645 1.85
      vertex 9.459306634962559 24.17212314903736 1.85
      vertex 9.434954471886158 24.422269754111767 1.85
    endloop
  endfacet
  facet normal 0 0 1
    outer loop
      vertex 9.459306634962559 24.17212314903736 1.85
      vertex 9.503187499940395 24.17339999973774 1.85
      vertex 9.506562501192093 24.424300000071526 1.85
    endloop
  endfacet
  facet normal 0 0 1
    outer loop
      vertex 9.503187499940395 24.17339999973774 1.85
      vertex 9.551187500357628 24.17202901095152 1.85
      vertex 9.506562501192093 24.424300000071526 1.85
    endloop
  endfacet
  facet normal 0 0 1
    outer loop
      vertex 9.551187500357628 24.17202901095152 1.85
      vertex 9.596487499773502 24.167916052043438 1.85
      vertex 9.584456637501717 24.422238267958164 1.85
    endloop
  endfacet
  facet normal 0 0 1
    outer loop
      vertex 9.236025154590607 24.110834255814552 1.85
      vertex 9.121173612773418 24.351211108267307 1.85
      vertex 9.067269288003445 24.324817903339863 1.85
    endloop
  endfacet
  facet normal 0 0 1
    outer loop
      vertex 9.268476389348507 24.127433329820633 1.85
      vertex 9.178028546273708 24.373543828725815 1.85
      vertex 9.121173612773418 24.351211108267307 1.85
    endloop
  endfacet
  facet normal 0 0 1
    outer loop
      vertex 9.302832558751106 24.141478702425957 1.85
      vertex 9.237834103405476 24.391816049814224 1.85
      vertex 9.178028546273708 24.373543828725815 1.85
    endloop
  endfacet
  facet normal 0 0 1
    outer loop
      vertex 9.339093670248985 24.152970373630524 1.85
      vertex 9.30059027671814 24.406027778983116 1.85
      vertex 9.237834103405476 24.391816049814224 1.85
    endloop
  endfacet
  facet normal 0 0 1
    outer loop
      vertex 9.377259723842144 24.161908335983753 1.85
      vertex 9.3662970662117 24.41617900878191 1.85
      vertex 9.30059027671814 24.406027778983116 1.85
    endloop
  endfacet
  facet normal 0 0 1
    outer loop
      vertex 9.417330712080002 24.168292589485645 1.85
      vertex 9.434954471886158 24.422269754111767 1.85
      vertex 9.3662970662117 24.41617900878191 1.85
    endloop
  endfacet
  facet normal 0 0 1
    outer loop
      vertex 9.459306634962559 24.17212314903736 1.85
      vertex 9.506562501192093 24.424300000071526 1.85
      vertex 9.434954471886158 24.422269754111767 1.85
    endloop
  endfacet
  facet normal 0 0 1
    outer loop
      vertex 9.551187500357628 24.17202901095152 1.85
      vertex 9.584456637501717 24.422238267958164 1.85
      vertex 9.506562501192093 24.424300000071526 1.85
    endloop
  endfacet
  facet normal 0 0 1
    outer loop
      vertex 9.861651077866554 24.036678083240986 1.85
      vertex 10.065187498927116 24.25729999691248 1.85
      vertex 9.837987497448921 24.062349997460842 1.85
    endloop
  endfacet
  facet normal 0 0 1
    outer loop
      vertex 9.837987497448921 24.062349997460842 1.85
      vertex 10.01894274353981 24.292349383234978 1.85
      vertex 9.811587497591972 24.08565679192543 1.85
    endloop
  endfacet
  facet normal 0 0 1
    outer loop
      vertex 9.639087498188019 24.161061108112335 1.85
      vertex 9.65839459747076 24.41605308651924 1.85
      vertex 9.596487499773502 24.167916052043438 1.85
    endloop
  endfacet
  facet normal 0 0 1
    outer loop
      vertex 9.639087498188019 24.161061108112335 1.85
      vertex 9.678987503051758 24.151464194059372 1.85
      vertex 9.728376388549805 24.405744440853596 1.85
    endloop
  endfacet
  facet normal 0 0 1
    outer loop
      vertex 9.716187499463558 24.139125309884548 1.85
      vertex 9.794402003288269 24.39131234586239 1.85
      vertex 9.678987503051758 24.151464194059372 1.85
    endloop
  endfacet
  facet normal 0 0 1
    outer loop
      vertex 9.782487496733665 24.106221601366997 1.85
      vertex 9.914584718644619 24.350077778100967 1.85
      vertex 9.750687502324581 24.124044448137283 1.85
    endloop
  endfacet
  facet normal 0 0 1
    outer loop
      vertex 9.811587497591972 24.08565679192543 1.85
      vertex 9.968741819262505 24.323275305330753 1.85
      vertex 9.782487496733665 24.106221601366997 1.85
    endloop
  endfacet
  facet normal 0 0 1
    outer loop
      vertex 9.750687502324581 24.124044448137283 1.85
      vertex 9.856471449136734 24.37275678664446 1.85
      vertex 9.716187499463558 24.139125309884548 1.85
    endloop
  endfacet
  facet normal 0 0 1
    outer loop
      vertex 9.900626391172409 23.979369446635246 1.85
      vertex 10.143883794546127 24.176600001752377 1.85
      vertex 9.882530711591244 24.009017899632454 1.85
    endloop
  endfacet
  facet normal 0 0 1
    outer loop
      vertex 9.882530711591244 24.009017899632454 1.85
      vertex 10.106994904577732 24.218572221696377 1.85
      vertex 9.861651077866554 24.036678083240986 1.85
    endloop
  endfacet
  facet normal 0 0 1
    outer loop
      vertex 9.900626391172409 23.979369446635246 1.85
      vertex 10.175854168832302 24.131383329629898 1.85
      vertex 10.143883794546127 24.176600001752377 1.85
    endloop
  endfacet
  facet normal 0 0 1
    outer loop
      vertex 9.882530711591244 24.009017899632454 1.85
      vertex 10.143883794546127 24.176600001752377 1.85
      vertex 10.106994904577732 24.218572221696377 1.85
    endloop
  endfacet
  facet normal 0 0 1
    outer loop
      vertex 9.900626391172409 23.979369446635246 1.85
      vertex 10.202906019985676 24.082922220230103 1.85
      vertex 10.175854168832302 24.131383329629898 1.85
    endloop
  endfacet
  facet normal 0 0 1
    outer loop
      vertex 9.837987497448921 24.062349997460842 1.85
      vertex 10.065187498927116 24.25729999691248 1.85
      vertex 10.01894274353981 24.292349383234978 1.85
    endloop
  endfacet
  facet normal 0 0 1
    outer loop
      vertex 9.861651077866554 24.036678083240986 1.85
      vertex 10.106994904577732 24.218572221696377 1.85
      vertex 10.065187498927116 24.25729999691248 1.85
    endloop
  endfacet
  facet normal 0 0 1
    outer loop
      vertex 9.811587497591972 24.08565679192543 1.85
      vertex 10.01894274353981 24.292349383234978 1.85
      vertex 9.968741819262505 24.323275305330753 1.85
    endloop
  endfacet
  facet normal 0 0 1
    outer loop
      vertex 9.596487499773502 24.167916052043438 1.85
      vertex 9.65839459747076 24.41605308651924 1.85
      vertex 9.584456637501717 24.422238267958164 1.85
    endloop
  endfacet
  facet normal 0 0 1
    outer loop
      vertex 9.639087498188019 24.161061108112335 1.85
      vertex 9.728376388549805 24.405744440853596 1.85
      vertex 9.65839459747076 24.41605308651924 1.85
    endloop
  endfacet
  facet normal 0 0 1
    outer loop
      vertex 9.678987503051758 24.151464194059372 1.85
      vertex 9.794402003288269 24.39131234586239 1.85
      vertex 9.728376388549805 24.405744440853596 1.85
    endloop
  endfacet
  facet normal 0 0 1
    outer loop
      vertex 9.750687502324581 24.124044448137283 1.85
      vertex 9.914584718644619 24.350077778100967 1.85
      vertex 9.856471449136734 24.37275678664446 1.85
    endloop
  endfacet
  facet normal 0 0 1
    outer loop
      vertex 9.716187499463558 24.139125309884548 1.85
      vertex 9.856471449136734 24.37275678664446 1.85
      vertex 9.794402003288269 24.39131234586239 1.85
    endloop
  endfacet
  facet normal 0 0 1
    outer loop
      vertex 9.782487496733665 24.106221601366997 1.85
      vertex 9.968741819262505 24.323275305330753 1.85
      vertex 9.914584718644619 24.350077778100967 1.85
    endloop
  endfacet
  facet normal 0.9250518730020588 -0.3798407985661663 0
    outer loop
      vertex 10.265603244304657 22.338211111724377 1.85
      vertex 10.265603244304657 22.338211111724377 1.5
      vertex 10.288961574435234 22.395097225904465 1.5
    endloop
  endfacet
  facet normal -1 0 0
    outer loop
      vertex 10.800212502479553 22.37127500027418 1.85
      vertex 10.800212502479553 22.37127500027418 1.5
      vertex 10.800212502479553 22 1.5
    endloop
  endfacet
  facet normal 0 -1 0
    outer loop
      vertex 10.800212502479553 22 1.85
      vertex 10.800212502479553 22 1.5
      vertex 11.130787499248981 22 1.5
    endloop
  endfacet
  facet normal 1 0 0
    outer loop
      vertex 11.130787499248981 22 1.85
      vertex 11.130787499248981 22 1.5
      vertex 11.130787499248981 22.37127500027418 1.5
    endloop
  endfacet
  facet normal 0.9578403871435733 -0.28730087496673185 0
    outer loop
      vertex 10.288961574435234 22.395097225904465 1.85
      vertex 10.288961574435234 22.395097225904465 1.5
      vertex 10.307129167020321 22.455666668713093 1.5
    endloop
  endfacet
  facet normal 0.9802083950340337 -0.19796843764803487 0
    outer loop
      vertex 10.307129167020321 22.455666668713093 1.85
      vertex 10.307129167020321 22.455666668713093 1.5
      vertex 10.320106022059917 22.51991944760084 1.5
    endloop
  endfacet
  facet normal 0.9934963544340426 -0.11386392636066706 0
    outer loop
      vertex 10.320106022059917 22.51991944760084 1.85
      vertex 10.320106022059917 22.51991944760084 1.5
      vertex 10.327892132103443 22.58785555511713 1.5
    endloop
  endfacet
  facet normal 0.9993440397260152 -0.036214503504652495 0
    outer loop
      vertex 10.327892132103443 22.58785555511713 1.85
      vertex 10.327892132103443 22.58785555511713 1.5
      vertex 10.330487497150898 22.65947499871254 1.5
    endloop
  endfacet
  facet normal 0.9993193519814467 0.036889466726713484 0
    outer loop
      vertex 10.330487497150898 22.65947499871254 1.85
      vertex 10.330487497150898 22.65947499871254 1.5
      vertex 10.328645527362823 22.709373146295547 1.5
    endloop
  endfacet
  facet normal 0.9934309062898738 0.1144335371649411 0
    outer loop
      vertex 10.328645527362823 22.709373146295547 1.85
      vertex 10.328645527362823 22.709373146295547 1.5
      vertex 10.323119595646858 22.757345370948315 1.5
    endloop
  endfacet
  facet normal 0.9805781675033518 0.1961286756590384 0
    outer loop
      vertex 10.323119595646858 22.757345370948315 1.85
      vertex 10.323119595646858 22.757345370948315 1.5
      vertex 10.313909724354744 22.80339166522026 1.5
    endloop
  endfacet
  facet normal 0 1 0
    outer loop
      vertex 11.130787499248981 22.37127500027418 1.85
      vertex 11.130787499248981 22.37127500027418 1.5
      vertex 10.800212502479553 22.37127500027418 1.5
    endloop
  endfacet
  facet normal -0.6809116642545591 -0.7323655545436901 0
    outer loop
      vertex 11.831150464713573 22.143449693918228 1.85
      vertex 11.831150464713573 22.143449693918228 1.5
      vertex 11.865086570382118 22.111897841095924 1.5
    endloop
  endfacet
  facet normal -0.39230743966316617 -0.9198341550436857 0
    outer loop
      vertex 11.98183811455965 22.03737685084343 1.85
      vertex 11.98183811455965 22.03737685084343 1.5
      vertex 12.026176385581493 22.018466666340828 1.5
    endloop
  endfacet
  facet normal -0.19017830518213033 -0.9817495669660632 0
    outer loop
      vertex 12.123078860342503 21.989374071359634 1.85
      vertex 12.123078860342503 21.989374071359634 1.5
      vertex 12.175643056631088 21.979191668331623 1.5
    endloop
  endfacet
  facet normal -0.2541402808841775 -0.9671673679524715 0
    outer loop
      vertex 12.073256634175777 22.00246573984623 1.85
      vertex 12.073256634175777 22.00246573984623 1.5
      vertex 12.123078860342503 21.989374071359634 1.5
    endloop
  endfacet
  facet normal -0.32178811659078854 -0.94681170674055 0
    outer loop
      vertex 12.026176385581493 22.018466666340828 1.85
      vertex 12.026176385581493 22.018466666340828 1.5
      vertex 12.073256634175777 22.00246573984623 1.5
    endloop
  endfacet
  facet normal -0.5369254006885038 -0.8436297257064201 0
    outer loop
      vertex 11.901387497782707 22.083925001323223 1.85
      vertex 11.901387497782707 22.083925001323223 1.5
      vertex 11.940241821110249 22.059196293354034 1.5
    endloop
  endfacet
  facet normal -0.4645232547310035 -0.8855609215712466 0
    outer loop
      vertex 11.940241821110249 22.059196293354034 1.85
      vertex 11.940241821110249 22.059196293354034 1.5
      vertex 11.98183811455965 22.03737685084343 1.5
    endloop
  endfacet
  facet normal -0.6103829520256776 -0.7921064649884001 0
    outer loop
      vertex 11.865086570382118 22.111897841095924 1.85
      vertex 11.865086570382118 22.111897841095924 1.5
      vertex 11.901387497782707 22.083925001323223 1.5
    endloop
  endfacet
  facet normal -0.7437831955910585 -0.6684209436847063 0
    outer loop
      vertex 11.799579165875912 22.178580552339554 1.85
      vertex 11.799579165875912 22.178580552339554 1.5
      vertex 11.831150464713573 22.143449693918228 1.5
    endloop
  endfacet
  facet normal -0.8442888732137382 -0.5358883265825786 0
    outer loop
      vertex 11.74353101849556 22.259579323232174 1.85
      vertex 11.74353101849556 22.259579323232174 1.5
      vertex 11.770372688770294 22.217290431261063 1.5
    endloop
  endfacet
  facet normal -0.7982736827475838 -0.6022948841162523 0
    outer loop
      vertex 11.770372688770294 22.217290431261063 1.85
      vertex 11.770372688770294 22.217290431261063 1.5
      vertex 11.799579165875912 22.178580552339554 1.5
    endloop
  endfacet
  facet normal -0.8822413448534246 -0.4707974186751883 0
    outer loop
      vertex 11.71905416995287 22.305447220802307 1.85
      vertex 11.71905416995287 22.305447220802307 1.5
      vertex 11.74353101849556 22.259579323232174 1.5
    endloop
  endfacet
  facet normal -0.9128798204190259 -0.40822840845747954 0
    outer loop
      vertex 11.696942128241062 22.354894138872623 1.85
      vertex 11.696942128241062 22.354894138872623 1.5
      vertex 11.71905416995287 22.305447220802307 1.5
    endloop
  endfacet
  facet normal 0.456362666066981 0.8897938620940454 0
    outer loop
      vertex 12.171409718692303 22.245077781379223 1.85
      vertex 12.171409718692303 22.245077781379223 1.5
      vertex 12.121134415268898 22.2708632722497 1.5
    endloop
  endfacet
  facet normal 0.5945661021611868 0.8040467338164201 0
    outer loop
      vertex 12.121134415268898 22.2708632722497 1.85
      vertex 12.121134415268898 22.2708632722497 1.5
      vertex 12.076301082968712 22.304016046226025 1.5
    endloop
  endfacet
  facet normal 0.7170227422889074 0.6970497737181292 0
    outer loop
      vertex 12.076301082968712 22.304016046226025 1.85
      vertex 12.076301082968712 22.304016046226025 1.5
      vertex 12.036909721791744 22.34453611075878 1.5
    endloop
  endfacet
  facet normal -0.07496549065779189 -0.9971861286692852 0
    outer loop
      vertex 12.230949230492115 21.971918515861034 1.85
      vertex 12.230949230492115 21.971918515861034 1.5
      vertex 12.288997374475002 21.96755462884903 1.5
    endloop
  endfacet
  facet normal -0.13038445408357643 -0.991463511246545 0
    outer loop
      vertex 12.175643056631088 21.979191668331623 1.85
      vertex 12.175643056631088 21.979191668331623 1.5
      vertex 12.230949230492115 21.971918515861034 1.5
    endloop
  endfacet
  facet normal -0.023921856372174494 -0.9997138314476343 0
    outer loop
      vertex 12.288997374475002 21.96755462884903 1.85
      vertex 12.288997374475002 21.96755462884903 1.5
      vertex 12.349787503480911 21.966099999845028 1.5
    endloop
  endfacet
  facet normal 0.04532729287478469 -0.9989721900636893 0
    outer loop
      vertex 12.349787503480911 21.966099999845028 1.85
      vertex 12.349787503480911 21.966099999845028 1.5
      vertex 12.439732871949673 21.970181174576283 1.5
    endloop
  endfacet
  facet normal 0.14218301804417224 -0.9898403858096773 0
    outer loop
      vertex 12.439732871949673 21.970181174576283 1.85
      vertex 12.439732871949673 21.970181174576283 1.5
      vertex 12.524968981742859 21.982424691319466 1.5
    endloop
  endfacet
  facet normal 0.2456404400401915 -0.9693610133571811 0
    outer loop
      vertex 12.524968981742859 21.982424691319466 1.85
      vertex 12.524968981742859 21.982424691319466 1.5
      vertex 12.60549583286047 22.002830557525158 1.5
    endloop
  endfacet
  facet normal 0.3526012400301355 -0.9357736721714343 0
    outer loop
      vertex 12.60549583286047 22.002830557525158 1.85
      vertex 12.60549583286047 22.002830557525158 1.5
      vertex 12.681313425302505 22.03139876574278 1.5
    endloop
  endfacet
  facet normal 0.4589337759716566 -0.8884704774343362 0
    outer loop
      vertex 12.681313425302505 22.03139876574278 1.85
      vertex 12.681313425302505 22.03139876574278 1.5
      vertex 12.752421759068966 22.06812932342291 1.5
    endloop
  endfacet
  facet normal 0.5601028808169055 -0.8284230579242731 0
    outer loop
      vertex 12.752421759068966 22.06812932342291 1.85
      vertex 12.752421759068966 22.06812932342291 1.5
      vertex 12.818820834159851 22.113022223114967 1.5
    endloop
  endfacet
  facet normal 0.31386163325614475 0.9494687331185716 0
    outer loop
      vertex 12.227127008140087 22.226659566164017 1.85
      vertex 12.227127008140087 22.226659566164017 1.5
      vertex 12.171409718692303 22.245077781379223 1.5
    endloop
  endfacet
  facet normal 0.17781155572740068 0.9840645561393834 0
    outer loop
      vertex 12.28828626871109 22.21560864150524 1.85
      vertex 12.28828626871109 22.21560864150524 1.5
      vertex 12.227127008140087 22.226659566164017 1.5
    endloop
  endfacet
  facet normal 0.055224506879340184 0.9984739625247789 0
    outer loop
      vertex 12.354887500405312 22.211924999952316 1.85
      vertex 12.354887500405312 22.211924999952316 1.5
      vertex 12.28828626871109 22.21560864150524 1.5
    endloop
  endfacet
  facet normal -0.05286681455868954 0.9986015721589953 0
    outer loop
      vertex 12.411816820502281 22.214938886463642 1.85
      vertex 12.411816820502281 22.214938886463642 1.5
      vertex 12.354887500405312 22.211924999952316 1.5
    endloop
  endfacet
  facet normal -0.165142144994819 0.9862697764539426 0
    outer loop
      vertex 12.465815894305706 22.2239805534482 1.85
      vertex 12.465815894305706 22.2239805534482 1.5
      vertex 12.411816820502281 22.214938886463642 1.5
    endloop
  endfacet
  facet normal -0.28301673212211564 0.9591149719084353 0
    outer loop
      vertex 12.516884721815586 22.23905000090599 1.85
      vertex 12.516884721815586 22.23905000090599 1.5
      vertex 12.465815894305706 22.2239805534482 1.5
    endloop
  endfacet
  facet normal -0.40140310140129065 0.9159014958964884 0
    outer loop
      vertex 12.565023303031921 22.260147221386433 1.85
      vertex 12.565023303031921 22.260147221386433 1.5
      vertex 12.516884721815586 22.23905000090599 1.5
    endloop
  endfacet
  facet normal -0.5144957554275266 0.8574929257125442 0
    outer loop
      vertex 12.610231637954712 22.287272222340107 1.85
      vertex 12.610231637954712 22.287272222340107 1.5
      vertex 12.565023303031921 22.260147221386433 1.5
    endloop
  endfacet
  facet normal -0.6170649651744411 0.7869122115930504 0
    outer loop
      vertex 12.652509719133377 22.320424996316433 1.85
      vertex 12.652509719133377 22.320424996316433 1.5
      vertex 12.610231637954712 22.287272222340107 1.5
    endloop
  endfacet
  facet normal -0.7055989083651147 0.7086114453732444 0
    outer loop
      vertex 12.691857561469078 22.359605558216572 1.85
      vertex 12.691857561469078 22.359605558216572 1.5
      vertex 12.652509719133377 22.320424996316433 1.5
    endloop
  endfacet
  facet normal -0.9371256771049651 -0.3489920705554223 0
    outer loop
      vertex 11.6771949082613 22.40792006254196 1.85
      vertex 11.6771949082613 22.40792006254196 1.5
      vertex 11.696942128241062 22.354894138872623 1.5
    endloop
  endfacet
  facet normal -0.9559426183021569 -0.2935535905309571 0
    outer loop
      vertex 11.659812502563 22.464524999260902 1.85
      vertex 11.659812502563 22.464524999260902 1.5
      vertex 11.6771949082613 22.40792006254196 1.5
    endloop
  endfacet
  facet normal 0.8886935053800922 0.4585017486283388 0
    outer loop
      vertex 12.002960339188576 22.39242345839739 1.85
      vertex 12.002960339188576 22.39242345839739 1.5
      vertex 11.974452935159206 22.447678089141846 1.5
    endloop
  endfacet
  facet normal 0.8157899600346339 0.5783482870266761 0
    outer loop
      vertex 12.036909721791744 22.34453611075878 1.85
      vertex 12.036909721791744 22.34453611075878 1.5
      vertex 12.002960339188576 22.39242345839739 1.5
    endloop
  endfacet
  facet normal -0.1550925949894631 0.9878999377363247 0
    outer loop
      vertex 11.951387502253056 22.510300002992153 1.85
      vertex 11.951387502253056 22.510300002992153 1.5
      vertex 11.659812502563 22.464524999260902 1.5
    endloop
  endfacet
  facet normal 0.9383712996532587 0.3456288529435214 0
    outer loop
      vertex 11.974452935159206 22.447678089141846 1.85
      vertex 11.974452935159206 22.447678089141846 1.5
      vertex 11.951387502253056 22.510300002992153 1.5
    endloop
  endfacet
  facet normal -0.7787557883441812 0.6273272049898942 0
    outer loop
      vertex 12.728275157511234 22.40481388568878 1.85
      vertex 12.728275157511234 22.40481388568878 1.5
      vertex 12.691857561469078 22.359605558216572 1.5
    endloop
  endfacet
  facet normal -0.837068337122093 0.5470983448957362 0
    outer loop
      vertex 12.761762499809265 22.456050001084805 1.85
      vertex 12.761762499809265 22.456050001084805 1.5
      vertex 12.728275157511234 22.40481388568878 1.5
    endloop
  endfacet
  facet normal -0.8822206530720712 0.4708361915710049 0
    outer loop
      vertex 12.792089350521564 22.512874379754066 1.85
      vertex 12.792089350521564 22.512874379754066 1.5
      vertex 12.761762499809265 22.456050001084805 1.5
    endloop
  endfacet
  facet normal -0.9171173224096111 0.3986173816283297 0
    outer loop
      vertex 12.819025464355946 22.574847534298897 1.85
      vertex 12.819025464355946 22.574847534298897 1.5
      vertex 12.792089350521564 22.512874379754066 1.5
    endloop
  endfacet
  facet normal -1 0 0
    outer loop
      vertex 10.800212502479553 22 1.85
      vertex 10.800212502479553 22.37127500027418 1.85
      vertex 10.800212502479553 22 1.5
    endloop
  endfacet
  facet normal 0.881151691077427 -0.47283368884988597 0
    outer loop
      vertex 10.237054169178009 22.28500833362341 1.85
      vertex 10.265603244304657 22.338211111724377 1.5
      vertex 10.265603244304657 22.338211111724377 1.85
    endloop
  endfacet
  facet normal 0 -1 0
    outer loop
      vertex 10.800212502479553 22 1.85
      vertex 11.130787499248981 22 1.5
      vertex 11.130787499248981 22 1.85
    endloop
  endfacet
  facet normal 1 0 0
    outer loop
      vertex 11.130787499248981 22 1.85
      vertex 11.130787499248981 22.37127500027418 1.5
      vertex 11.130787499248981 22.37127500027418 1.85
    endloop
  endfacet
  facet normal 0 0 1
    outer loop
      vertex 10.800212502479553 22 1.85
      vertex 11.130787499248981 22 1.85
      vertex 11.130787499248981 22.37127500027418 1.85
    endloop
  endfacet
  facet normal 0 0 1
    outer loop
      vertex 10.800212502479553 22 1.85
      vertex 11.130787499248981 22.37127500027418 1.85
      vertex 10.800212502479553 22.37127500027418 1.85
    endloop
  endfacet
  facet normal 0.9250518730020588 -0.3798407985661663 0
    outer loop
      vertex 10.265603244304657 22.338211111724377 1.85
      vertex 10.288961574435234 22.395097225904465 1.5
      vertex 10.288961574435234 22.395097225904465 1.85
    endloop
  endfacet
  facet normal 0.9578403871435733 -0.28730087496673185 0
    outer loop
      vertex 10.288961574435234 22.395097225904465 1.85
      vertex 10.307129167020321 22.455666668713093 1.5
      vertex 10.307129167020321 22.455666668713093 1.85
    endloop
  endfacet
  facet normal 0.9802083950340337 -0.19796843764803487 0
    outer loop
      vertex 10.307129167020321 22.455666668713093 1.85
      vertex 10.320106022059917 22.51991944760084 1.5
      vertex 10.320106022059917 22.51991944760084 1.85
    endloop
  endfacet
  facet normal 0.9934963544340426 -0.11386392636066706 0
    outer loop
      vertex 10.320106022059917 22.51991944760084 1.85
      vertex 10.327892132103443 22.58785555511713 1.5
      vertex 10.327892132103443 22.58785555511713 1.85
    endloop
  endfacet
  facet normal 0.9993440397260152 -0.036214503504652495 0
    outer loop
      vertex 10.327892132103443 22.58785555511713 1.85
      vertex 10.330487497150898 22.65947499871254 1.5
      vertex 10.330487497150898 22.65947499871254 1.85
    endloop
  endfacet
  facet normal 0.9993193519814467 0.036889466726713484 0
    outer loop
      vertex 10.330487497150898 22.65947499871254 1.85
      vertex 10.328645527362823 22.709373146295547 1.5
      vertex 10.328645527362823 22.709373146295547 1.85
    endloop
  endfacet
  facet normal 0.9934309062898738 0.1144335371649411 0
    outer loop
      vertex 10.328645527362823 22.709373146295547 1.85
      vertex 10.323119595646858 22.757345370948315 1.5
      vertex 10.323119595646858 22.757345370948315 1.85
    endloop
  endfacet
  facet normal 0 1 0
    outer loop
      vertex 10.800212502479553 22.37127500027418 1.85
      vertex 11.130787499248981 22.37127500027418 1.85
      vertex 10.800212502479553 22.37127500027418 1.5
    endloop
  endfacet
  facet normal -0.39230743966316617 -0.9198341550436857 0
    outer loop
      vertex 12.026176385581493 22.018466666340828 1.85
      vertex 11.98183811455965 22.03737685084343 1.85
      vertex 12.026176385581493 22.018466666340828 1.5
    endloop
  endfacet
  facet normal -0.19017830518213033 -0.9817495669660632 0
    outer loop
      vertex 12.175643056631088 21.979191668331623 1.85
      vertex 12.123078860342503 21.989374071359634 1.85
      vertex 12.175643056631088 21.979191668331623 1.5
    endloop
  endfacet
  facet normal -0.32178811659078854 -0.94681170674055 0
    outer loop
      vertex 12.073256634175777 22.00246573984623 1.85
      vertex 12.026176385581493 22.018466666340828 1.85
      vertex 12.073256634175777 22.00246573984623 1.5
    endloop
  endfacet
  facet normal -0.2541402808841775 -0.9671673679524715 0
    outer loop
      vertex 12.073256634175777 22.00246573984623 1.85
      vertex 12.123078860342503 21.989374071359634 1.5
      vertex 12.123078860342503 21.989374071359634 1.85
    endloop
  endfacet
  facet normal -0.5369254006885038 -0.8436297257064201 0
    outer loop
      vertex 11.940241821110249 22.059196293354034 1.85
      vertex 11.901387497782707 22.083925001323223 1.85
      vertex 11.940241821110249 22.059196293354034 1.5
    endloop
  endfacet
  facet normal -0.6103829520256776 -0.7921064649884001 0
    outer loop
      vertex 11.901387497782707 22.083925001323223 1.85
      vertex 11.865086570382118 22.111897841095924 1.85
      vertex 11.901387497782707 22.083925001323223 1.5
    endloop
  endfacet
  facet normal -0.4645232547310035 -0.8855609215712466 0
    outer loop
      vertex 11.98183811455965 22.03737685084343 1.85
      vertex 11.940241821110249 22.059196293354034 1.85
      vertex 11.98183811455965 22.03737685084343 1.5
    endloop
  endfacet
  facet normal -0.6809116642545591 -0.7323655545436901 0
    outer loop
      vertex 11.865086570382118 22.111897841095924 1.85
      vertex 11.831150464713573 22.143449693918228 1.85
      vertex 11.865086570382118 22.111897841095924 1.5
    endloop
  endfacet
  facet normal -0.7437831955910585 -0.6684209436847063 0
    outer loop
      vertex 11.831150464713573 22.143449693918228 1.85
      vertex 11.799579165875912 22.178580552339554 1.85
      vertex 11.831150464713573 22.143449693918228 1.5
    endloop
  endfacet
  facet normal -0.7982736827475838 -0.6022948841162523 0
    outer loop
      vertex 11.799579165875912 22.178580552339554 1.85
      vertex 11.770372688770294 22.217290431261063 1.85
      vertex 11.799579165875912 22.178580552339554 1.5
    endloop
  endfacet
  facet normal -0.8442888732137382 -0.5358883265825786 0
    outer loop
      vertex 11.770372688770294 22.217290431261063 1.85
      vertex 11.74353101849556 22.259579323232174 1.85
      vertex 11.770372688770294 22.217290431261063 1.5
    endloop
  endfacet
  facet normal -0.8822413448534246 -0.4707974186751883 0
    outer loop
      vertex 11.74353101849556 22.259579323232174 1.85
      vertex 11.71905416995287 22.305447220802307 1.85
      vertex 11.74353101849556 22.259579323232174 1.5
    endloop
  endfacet
  facet normal -0.9128798204190259 -0.40822840845747954 0
    outer loop
      vertex 11.71905416995287 22.305447220802307 1.85
      vertex 11.696942128241062 22.354894138872623 1.85
      vertex 11.71905416995287 22.305447220802307 1.5
    endloop
  endfacet
  facet normal 0.5945661021611868 0.8040467338164201 0
    outer loop
      vertex 12.121134415268898 22.2708632722497 1.85
      vertex 12.076301082968712 22.304016046226025 1.5
      vertex 12.076301082968712 22.304016046226025 1.85
    endloop
  endfacet
  facet normal 0.456362666066981 0.8897938620940454 0
    outer loop
      vertex 12.171409718692303 22.245077781379223 1.85
      vertex 12.121134415268898 22.2708632722497 1.5
      vertex 12.121134415268898 22.2708632722497 1.85
    endloop
  endfacet
  facet normal 0.7170227422889074 0.6970497737181292 0
    outer loop
      vertex 12.076301082968712 22.304016046226025 1.85
      vertex 12.036909721791744 22.34453611075878 1.5
      vertex 12.036909721791744 22.34453611075878 1.85
    endloop
  endfacet
  facet normal -0.13038445408357643 -0.991463511246545 0
    outer loop
      vertex 12.230949230492115 21.971918515861034 1.85
      vertex 12.175643056631088 21.979191668331623 1.85
      vertex 12.230949230492115 21.971918515861034 1.5
    endloop
  endfacet
  facet normal -0.07496549065779189 -0.9971861286692852 0
    outer loop
      vertex 12.230949230492115 21.971918515861034 1.85
      vertex 12.288997374475002 21.96755462884903 1.5
      vertex 12.288997374475002 21.96755462884903 1.85
    endloop
  endfacet
  facet normal -0.023921856372174494 -0.9997138314476343 0
    outer loop
      vertex 12.288997374475002 21.96755462884903 1.85
      vertex 12.349787503480911 21.966099999845028 1.5
      vertex 12.349787503480911 21.966099999845028 1.85
    endloop
  endfacet
  facet normal 0.04532729287478469 -0.9989721900636893 0
    outer loop
      vertex 12.349787503480911 21.966099999845028 1.85
      vertex 12.439732871949673 21.970181174576283 1.5
      vertex 12.439732871949673 21.970181174576283 1.85
    endloop
  endfacet
  facet normal 0.14218301804417224 -0.9898403858096773 0
    outer loop
      vertex 12.439732871949673 21.970181174576283 1.85
      vertex 12.524968981742859 21.982424691319466 1.5
      vertex 12.524968981742859 21.982424691319466 1.85
    endloop
  endfacet
  facet normal 0.2456404400401915 -0.9693610133571811 0
    outer loop
      vertex 12.524968981742859 21.982424691319466 1.85
      vertex 12.60549583286047 22.002830557525158 1.5
      vertex 12.60549583286047 22.002830557525158 1.85
    endloop
  endfacet
  facet normal 0.3526012400301355 -0.9357736721714343 0
    outer loop
      vertex 12.60549583286047 22.002830557525158 1.85
      vertex 12.681313425302505 22.03139876574278 1.5
      vertex 12.681313425302505 22.03139876574278 1.85
    endloop
  endfacet
  facet normal 0.4589337759716566 -0.8884704774343362 0
    outer loop
      vertex 12.681313425302505 22.03139876574278 1.85
      vertex 12.752421759068966 22.06812932342291 1.5
      vertex 12.752421759068966 22.06812932342291 1.85
    endloop
  endfacet
  facet normal 0.5601028808169055 -0.8284230579242731 0
    outer loop
      vertex 12.752421759068966 22.06812932342291 1.85
      vertex 12.818820834159851 22.113022223114967 1.5
      vertex 12.818820834159851 22.113022223114967 1.85
    endloop
  endfacet
  facet normal 0.17781155572740068 0.9840645561393834 0
    outer loop
      vertex 12.28828626871109 22.21560864150524 1.85
      vertex 12.227127008140087 22.226659566164017 1.5
      vertex 12.227127008140087 22.226659566164017 1.85
    endloop
  endfacet
  facet normal 0.31386163325614475 0.9494687331185716 0
    outer loop
      vertex 12.227127008140087 22.226659566164017 1.85
      vertex 12.171409718692303 22.245077781379223 1.5
      vertex 12.171409718692303 22.245077781379223 1.85
    endloop
  endfacet
  facet normal 0.055224506879340184 0.9984739625247789 0
    outer loop
      vertex 12.28828626871109 22.21560864150524 1.85
      vertex 12.354887500405312 22.211924999952316 1.85
      vertex 12.28828626871109 22.21560864150524 1.5
    endloop
  endfacet
  facet normal -0.05286681455868954 0.9986015721589953 0
    outer loop
      vertex 12.354887500405312 22.211924999952316 1.85
      vertex 12.411816820502281 22.214938886463642 1.85
      vertex 12.354887500405312 22.211924999952316 1.5
    endloop
  endfacet
  facet normal -0.165142144994819 0.9862697764539426 0
    outer loop
      vertex 12.411816820502281 22.214938886463642 1.85
      vertex 12.465815894305706 22.2239805534482 1.85
      vertex 12.411816820502281 22.214938886463642 1.5
    endloop
  endfacet
  facet normal -0.28301673212211564 0.9591149719084353 0
    outer loop
      vertex 12.465815894305706 22.2239805534482 1.85
      vertex 12.516884721815586 22.23905000090599 1.85
      vertex 12.465815894305706 22.2239805534482 1.5
    endloop
  endfacet
  facet normal -0.40140310140129065 0.9159014958964884 0
    outer loop
      vertex 12.516884721815586 22.23905000090599 1.85
      vertex 12.565023303031921 22.260147221386433 1.85
      vertex 12.516884721815586 22.23905000090599 1.5
    endloop
  endfacet
  facet normal -0.5144957554275266 0.8574929257125442 0
    outer loop
      vertex 12.565023303031921 22.260147221386433 1.85
      vertex 12.610231637954712 22.287272222340107 1.85
      vertex 12.565023303031921 22.260147221386433 1.5
    endloop
  endfacet
  facet normal -0.6170649651744411 0.7869122115930504 0
    outer loop
      vertex 12.610231637954712 22.287272222340107 1.85
      vertex 12.652509719133377 22.320424996316433 1.85
      vertex 12.610231637954712 22.287272222340107 1.5
    endloop
  endfacet
  facet normal -0.7055989083651147 0.7086114453732444 0
    outer loop
      vertex 12.652509719133377 22.320424996316433 1.85
      vertex 12.691857561469078 22.359605558216572 1.85
      vertex 12.652509719133377 22.320424996316433 1.5
    endloop
  endfacet
  facet normal 0 0 1
    outer loop
      vertex 12.073256634175777 22.00246573984623 1.85
      vertex 12.171409718692303 22.245077781379223 1.85
      vertex 12.026176385581493 22.018466666340828 1.85
    endloop
  endfacet
  facet normal 0 0 1
    outer loop
      vertex 12.073256634175777 22.00246573984623 1.85
      vertex 12.123078860342503 21.989374071359634 1.85
      vertex 12.171409718692303 22.245077781379223 1.85
    endloop
  endfacet
  facet normal 0 0 1
    outer loop
      vertex 12.026176385581493 22.018466666340828 1.85
      vertex 12.121134415268898 22.2708632722497 1.85
      vertex 11.98183811455965 22.03737685084343 1.85
    endloop
  endfacet
  facet normal 0 0 1
    outer loop
      vertex 11.98183811455965 22.03737685084343 1.85
      vertex 12.121134415268898 22.2708632722497 1.85
      vertex 11.940241821110249 22.059196293354034 1.85
    endloop
  endfacet
  facet normal 0 0 1
    outer loop
      vertex 11.770372688770294 22.217290431261063 1.85
      vertex 12.002960339188576 22.39242345839739 1.85
      vertex 11.74353101849556 22.259579323232174 1.85
    endloop
  endfacet
  facet normal 0 0 1
    outer loop
      vertex 11.74353101849556 22.259579323232174 1.85
      vertex 12.002960339188576 22.39242345839739 1.85
      vertex 11.71905416995287 22.305447220802307 1.85
    endloop
  endfacet
  facet normal 0 0 1
    outer loop
      vertex 11.865086570382118 22.111897841095924 1.85
      vertex 12.036909721791744 22.34453611075878 1.85
      vertex 11.831150464713573 22.143449693918228 1.85
    endloop
  endfacet
  facet normal 0 0 1
    outer loop
      vertex 11.940241821110249 22.059196293354034 1.85
      vertex 12.076301082968712 22.304016046226025 1.85
      vertex 11.901387497782707 22.083925001323223 1.85
    endloop
  endfacet
  facet normal 0 0 1
    outer loop
      vertex 11.901387497782707 22.083925001323223 1.85
      vertex 12.076301082968712 22.304016046226025 1.85
      vertex 11.865086570382118 22.111897841095924 1.85
    endloop
  endfacet
  facet normal 0 0 1
    outer loop
      vertex 11.831150464713573 22.143449693918228 1.85
      vertex 12.036909721791744 22.34453611075878 1.85
      vertex 11.799579165875912 22.178580552339554 1.85
    endloop
  endfacet
  facet normal 0 0 1
    outer loop
      vertex 11.865086570382118 22.111897841095924 1.85
      vertex 12.076301082968712 22.304016046226025 1.85
      vertex 12.036909721791744 22.34453611075878 1.85
    endloop
  endfacet
  facet normal 0 0 1
    outer loop
      vertex 12.026176385581493 22.018466666340828 1.85
      vertex 12.171409718692303 22.245077781379223 1.85
      vertex 12.121134415268898 22.2708632722497 1.85
    endloop
  endfacet
  facet normal 0 0 1
    outer loop
      vertex 11.940241821110249 22.059196293354034 1.85
      vertex 12.121134415268898 22.2708632722497 1.85
      vertex 12.076301082968712 22.304016046226025 1.85
    endloop
  endfacet
  facet normal 0 0 1
    outer loop
      vertex 11.799579165875912 22.178580552339554 1.85
      vertex 12.002960339188576 22.39242345839739 1.85
      vertex 11.770372688770294 22.217290431261063 1.85
    endloop
  endfacet
  facet normal 0 0 1
    outer loop
      vertex 11.799579165875912 22.178580552339554 1.85
      vertex 12.036909721791744 22.34453611075878 1.85
      vertex 12.002960339188576 22.39242345839739 1.85
    endloop
  endfacet
  facet normal 0 0 1
    outer loop
      vertex 12.230949230492115 21.971918515861034 1.85
      vertex 12.227127008140087 22.226659566164017 1.85
      vertex 12.175643056631088 21.979191668331623 1.85
    endloop
  endfacet
  facet normal 0 0 1
    outer loop
      vertex 12.175643056631088 21.979191668331623 1.85
      vertex 12.227127008140087 22.226659566164017 1.85
      vertex 12.123078860342503 21.989374071359634 1.85
    endloop
  endfacet
  facet normal 0 0 1
    outer loop
      vertex 12.230949230492115 21.971918515861034 1.85
      vertex 12.288997374475002 21.96755462884903 1.85
      vertex 12.28828626871109 22.21560864150524 1.85
    endloop
  endfacet
  facet normal 0 0 1
    outer loop
      vertex 12.288997374475002 21.96755462884903 1.85
      vertex 12.349787503480911 21.966099999845028 1.85
      vertex 12.354887500405312 22.211924999952316 1.85
    endloop
  endfacet
  facet normal 0 0 1
    outer loop
      vertex 12.230949230492115 21.971918515861034 1.85
      vertex 12.28828626871109 22.21560864150524 1.85
      vertex 12.227127008140087 22.226659566164017 1.85
    endloop
  endfacet
  facet normal 0 0 1
    outer loop
      vertex 12.288997374475002 21.96755462884903 1.85
      vertex 12.354887500405312 22.211924999952316 1.85
      vertex 12.28828626871109 22.21560864150524 1.85
    endloop
  endfacet
  facet normal 0 0 1
    outer loop
      vertex 12.349787503480911 21.966099999845028 1.85
      vertex 12.439732871949673 21.970181174576283 1.85
      vertex 12.354887500405312 22.211924999952316 1.85
    endloop
  endfacet
  facet normal 0 0 1
    outer loop
      vertex 12.439732871949673 21.970181174576283 1.85
      vertex 12.524968981742859 21.982424691319466 1.85
      vertex 12.465815894305706 22.2239805534482 1.85
    endloop
  endfacet
  facet normal 0 0 1
    outer loop
      vertex 12.354887500405312 22.211924999952316 1.85
      vertex 12.439732871949673 21.970181174576283 1.85
      vertex 12.411816820502281 22.214938886463642 1.85
    endloop
  endfacet
  facet normal 0 0 1
    outer loop
      vertex 12.411816820502281 22.214938886463642 1.85
      vertex 12.439732871949673 21.970181174576283 1.85
      vertex 12.465815894305706 22.2239805534482 1.85
    endloop
  endfacet
  facet normal 0 0 1
    outer loop
      vertex 12.524968981742859 21.982424691319466 1.85
      vertex 12.60549583286047 22.002830557525158 1.85
      vertex 12.516884721815586 22.23905000090599 1.85
    endloop
  endfacet
  facet normal 0 0 1
    outer loop
      vertex 12.60549583286047 22.002830557525158 1.85
      vertex 12.681313425302505 22.03139876574278 1.85
      vertex 12.516884721815586 22.23905000090599 1.85
    endloop
  endfacet
  facet normal 0 0 1
    outer loop
      vertex 12.681313425302505 22.03139876574278 1.85
      vertex 12.752421759068966 22.06812932342291 1.85
      vertex 12.565023303031921 22.260147221386433 1.85
    endloop
  endfacet
  facet normal 0 0 1
    outer loop
      vertex 12.123078860342503 21.989374071359634 1.85
      vertex 12.227127008140087 22.226659566164017 1.85
      vertex 12.171409718692303 22.245077781379223 1.85
    endloop
  endfacet
  facet normal 0 0 1
    outer loop
      vertex 12.524968981742859 21.982424691319466 1.85
      vertex 12.516884721815586 22.23905000090599 1.85
      vertex 12.465815894305706 22.2239805534482 1.85
    endloop
  endfacet
  facet normal 0 0 1
    outer loop
      vertex 12.681313425302505 22.03139876574278 1.85
      vertex 12.565023303031921 22.260147221386433 1.85
      vertex 12.516884721815586 22.23905000090599 1.85
    endloop
  endfacet
  facet normal 0 0 1
    outer loop
      vertex 12.752421759068966 22.06812932342291 1.85
      vertex 12.610231637954712 22.287272222340107 1.85
      vertex 12.565023303031921 22.260147221386433 1.85
    endloop
  endfacet
  facet normal 0 0 1
    outer loop
      vertex 12.752421759068966 22.06812932342291 1.85
      vertex 12.818820834159851 22.113022223114967 1.85
      vertex 12.610231637954712 22.287272222340107 1.85
    endloop
  endfacet
  facet normal 0 0 1
    outer loop
      vertex 12.818820834159851 22.113022223114967 1.85
      vertex 12.880510650575161 22.166077472269535 1.85
      vertex 12.652509719133377 22.320424996316433 1.85
    endloop
  endfacet
  facet normal 0 0 1
    outer loop
      vertex 12.818820834159851 22.113022223114967 1.85
      vertex 12.652509719133377 22.320424996316433 1.85
      vertex 12.610231637954712 22.287272222340107 1.85
    endloop
  endfacet
  facet normal 0 0 1
    outer loop
      vertex 12.880510650575161 22.166077472269535 1.85
      vertex 12.691857561469078 22.359605558216572 1.85
      vertex 12.652509719133377 22.320424996316433 1.85
    endloop
  endfacet
  facet normal 0 0 1
    outer loop
      vertex 12.937491200864315 22.22729506343603 1.85
      vertex 12.728275157511234 22.40481388568878 1.85
      vertex 12.691857561469078 22.359605558216572 1.85
    endloop
  endfacet
  facet normal -0.9371256771049651 -0.3489920705554223 0
    outer loop
      vertex 11.696942128241062 22.354894138872623 1.85
      vertex 11.6771949082613 22.40792006254196 1.85
      vertex 11.696942128241062 22.354894138872623 1.5
    endloop
  endfacet
  facet normal -0.9559426183021569 -0.2935535905309571 0
    outer loop
      vertex 11.6771949082613 22.40792006254196 1.85
      vertex 11.659812502563 22.464524999260902 1.85
      vertex 11.6771949082613 22.40792006254196 1.5
    endloop
  endfacet
  facet normal -0.1550925949894631 0.9878999377363247 0
    outer loop
      vertex 11.659812502563 22.464524999260902 1.85
      vertex 11.951387502253056 22.510300002992153 1.85
      vertex 11.659812502563 22.464524999260902 1.5
    endloop
  endfacet
  facet normal 0.8886935053800922 0.4585017486283388 0
    outer loop
      vertex 12.002960339188576 22.39242345839739 1.85
      vertex 11.974452935159206 22.447678089141846 1.5
      vertex 11.974452935159206 22.447678089141846 1.85
    endloop
  endfacet
  facet normal 0.8157899600346339 0.5783482870266761 0
    outer loop
      vertex 12.036909721791744 22.34453611075878 1.85
      vertex 12.002960339188576 22.39242345839739 1.5
      vertex 12.002960339188576 22.39242345839739 1.85
    endloop
  endfacet
  facet normal 0.9383712996532587 0.3456288529435214 0
    outer loop
      vertex 11.974452935159206 22.447678089141846 1.85
      vertex 11.951387502253056 22.510300002992153 1.5
      vertex 11.951387502253056 22.510300002992153 1.85
    endloop
  endfacet
  facet normal -0.7787557883441812 0.6273272049898942 0
    outer loop
      vertex 12.691857561469078 22.359605558216572 1.85
      vertex 12.728275157511234 22.40481388568878 1.85
      vertex 12.691857561469078 22.359605558216572 1.5
    endloop
  endfacet
  facet normal -0.837068337122093 0.5470983448957362 0
    outer loop
      vertex 12.728275157511234 22.40481388568878 1.85
      vertex 12.761762499809265 22.456050001084805 1.85
      vertex 12.728275157511234 22.40481388568878 1.5
    endloop
  endfacet
  facet normal -0.8822206530720712 0.4708361915710049 0
    outer loop
      vertex 12.761762499809265 22.456050001084805 1.85
      vertex 12.792089350521564 22.512874379754066 1.85
      vertex 12.761762499809265 22.456050001084805 1.5
    endloop
  endfacet
  facet normal -0.9171173224096111 0.3986173816283297 0
    outer loop
      vertex 12.792089350521564 22.512874379754066 1.85
      vertex 12.819025464355946 22.574847534298897 1.85
      vertex 12.792089350521564 22.512874379754066 1.5
    endloop
  endfacet
  facet normal 0 0 1
    outer loop
      vertex 11.71905416995287 22.305447220802307 1.85
      vertex 11.974452935159206 22.447678089141846 1.85
      vertex 11.696942128241062 22.354894138872623 1.85
    endloop
  endfacet
  facet normal 0 0 1
    outer loop
      vertex 11.6771949082613 22.40792006254196 1.85
      vertex 11.951387502253056 22.510300002992153 1.85
      vertex 11.659812502563 22.464524999260902 1.85
    endloop
  endfacet
  facet normal 0 0 1
    outer loop
      vertex 11.696942128241062 22.354894138872623 1.85
      vertex 11.951387502253056 22.510300002992153 1.85
      vertex 11.6771949082613 22.40792006254196 1.85
    endloop
  endfacet
  facet normal 0 0 1
    outer loop
      vertex 11.71905416995287 22.305447220802307 1.85
      vertex 12.002960339188576 22.39242345839739 1.85
      vertex 11.974452935159206 22.447678089141846 1.85
    endloop
  endfacet
  facet normal 0 0 1
    outer loop
      vertex 11.696942128241062 22.354894138872623 1.85
      vertex 11.974452935159206 22.447678089141846 1.85
      vertex 11.951387502253056 22.510300002992153 1.85
    endloop
  endfacet
  facet normal 0.9598514232381914 0.2805089041503284 0
    outer loop
      vertex 10.313909724354744 22.80339166522026 1.85
      vertex 10.313909724354744 22.80339166522026 1.5
      vertex 10.30101589858532 22.847512036561966 1.5
    endloop
  endfacet
  facet normal 0.9307410596145953 0.365678930138859 0
    outer loop
      vertex 10.30101589858532 22.847512036561966 1.85
      vertex 10.30101589858532 22.847512036561966 1.5
      vertex 10.284438118338585 22.88970648497343 1.5
    endloop
  endfacet
  facet normal 0.8932932578158745 0.44947431021216494 0
    outer loop
      vertex 10.284438118338585 22.88970648497343 1.85
      vertex 10.284438118338585 22.88970648497343 1.5
      vertex 10.26417639106512 22.929975003004074 1.5
    endloop
  endfacet
  facet normal 0.8481815408686556 0.5297056481949889 0
    outer loop
      vertex 10.26417639106512 22.929975003004074 1.85
      vertex 10.26417639106512 22.929975003004074 1.5
      vertex 10.240230709314346 22.968317590653896 1.5
    endloop
  endfacet
  facet normal -0.300498111395897 -0.9537824096970435 0
    outer loop
      vertex 12.0584060177207 22.858980864286423 1.85
      vertex 12.0584060177207 22.858980864286423 1.5
      vertex 12.11885416507721 22.83993610739708 1.5
    endloop
  endfacet
  facet normal -0.39314940006451793 -0.9194746049940202 0
    outer loop
      vertex 12.001139350235462 22.883466973900795 1.85
      vertex 12.001139350235462 22.883466973900795 1.5
      vertex 12.0584060177207 22.858980864286423 1.5
    endloop
  endfacet
  facet normal -0.20906572957662928 -0.977901590507241 0
    outer loop
      vertex 12.11885416507721 22.83993610739708 1.85
      vertex 12.11885416507721 22.83993610739708 1.5
      vertex 12.182483799755573 22.826332718133926 1.5
    endloop
  endfacet
  facet normal -0.5706029468325903 -0.8212260815792227 0
    outer loop
      vertex 11.896150462329388 22.94876327365637 1.85
      vertex 11.896150462329388 22.94876327365637 1.5
      vertex 11.947054170072079 22.913394443690777 1.5
    endloop
  endfacet
  facet normal -0.48416058312079896 -0.874979159610175 0
    outer loop
      vertex 11.947054170072079 22.913394443690777 1.85
      vertex 11.947054170072079 22.913394443690777 1.5
      vertex 12.001139350235462 22.883466973900795 1.5
    endloop
  endfacet
  facet normal -0.6499226696743312 -0.7600003443705734 0
    outer loop
      vertex 11.84842824190855 22.98957345634699 1.85
      vertex 11.84842824190855 22.98957345634699 1.5
      vertex 11.896150462329388 22.94876327365637 1.5
    endloop
  endfacet
  facet normal -0.7203029560785138 -0.693659607779316 0
    outer loop
      vertex 11.803887501358986 23.03582499921322 1.85
      vertex 11.803887501358986 23.03582499921322 1.5
      vertex 11.84842824190855 22.98957345634699 1.5
    endloop
  endfacet
  facet normal -0.781219972318931 -0.6242558408617487 0
    outer loop
      vertex 11.763328857719898 23.08658178895712 1.85
      vertex 11.763328857719898 23.08658178895712 1.5
      vertex 11.803887501358986 23.03582499921322 1.5
    endloop
  endfacet
  facet normal -0.8350384589342341 -0.5501915776352265 0
    outer loop
      vertex 11.72754181921482 23.14089660346508 1.85
      vertex 11.72754181921482 23.14089660346508 1.5
      vertex 11.763328857719898 23.08658178895712 1.5
    endloop
  endfacet
  facet normal -0.8814030811394882 -0.47236491037948275 0
    outer loop
      vertex 11.696526385843754 23.198769442737103 1.85
      vertex 11.696526385843754 23.198769442737103 1.5
      vertex 11.72754181921482 23.14089660346508 1.5
    endloop
  endfacet
  facet normal 0.49653064493423477 0.8680191925534786 0
    outer loop
      vertex 12.142787501215935 23.123608335852623 1.85
      vertex 12.178807869553566 23.103003703057766 1.5
      vertex 12.142787501215935 23.123608335852623 1.5
    endloop
  endfacet
  facet normal 0.5845195722401456 0.8113796088565433 0
    outer loop
      vertex 12.108985647559166 23.147959262132645 1.85
      vertex 12.142787501215935 23.123608335852623 1.5
      vertex 12.108985647559166 23.147959262132645 1.5
    endloop
  endfacet
  facet normal 0.6646696693574229 0.7471373572752833 0
    outer loop
      vertex 12.07740231603384 23.17605648189783 1.85
      vertex 12.108985647559166 23.147959262132645 1.5
      vertex 12.07740231603384 23.17605648189783 1.5
    endloop
  endfacet
  facet normal 0.7351393591904354 0.6779160143919569 0
    outer loop
      vertex 12.048037499189377 23.207900002598763 1.85
      vertex 12.07740231603384 23.17605648189783 1.5
      vertex 12.048037499189377 23.207900002598763 1.5
    endloop
  endfacet
  facet normal -0.12126430959640859 -0.9926202532782142 0
    outer loop
      vertex 12.182483799755573 22.826332718133926 1.85
      vertex 12.182483799755573 22.826332718133926 1.5
      vertex 12.24929490685463 22.818170681595802 1.5
    endloop
  endfacet
  facet normal -0.038841690959526824 -0.9992453767936105 0
    outer loop
      vertex 12.24929490685463 22.818170681595802 1.85
      vertex 12.24929490685463 22.818170681595802 1.5
      vertex 12.31928750127554 22.815449997782707 1.5
    endloop
  endfacet
  facet normal 0.026327429850585306 -0.9996533731436426 0
    outer loop
      vertex 12.31928750127554 22.815449997782707 1.85
      vertex 12.31928750127554 22.815449997782707 1.5
      vertex 12.362589970231056 22.816590435802937 1.5
    endloop
  endfacet
  facet normal 0.08022751877070436 -0.9967765773892845 0
    outer loop
      vertex 12.362589970231056 22.816590435802937 1.85
      vertex 12.362589970231056 22.816590435802937 1.5
      vertex 12.405097372829914 22.820011727511883 1.5
    endloop
  endfacet
  facet normal 0.1354422872602233 -0.990785237486772 0
    outer loop
      vertex 12.405097372829914 22.820011727511883 1.85
      vertex 12.405097372829914 22.820011727511883 1.5
      vertex 12.446809723973274 22.825713887810707 1.5
    endloop
  endfacet
  facet normal 0.19149114415452861 -0.9814943411504671 0
    outer loop
      vertex 12.446809723973274 22.825713887810707 1.85
      vertex 12.446809723973274 22.825713887810707 1.5
      vertex 12.487727008759975 22.83369691669941 1.5
    endloop
  endfacet
  facet normal 0.24783459295979127 -0.9688023609242778 0
    outer loop
      vertex 12.487727008759975 22.83369691669941 1.85
      vertex 12.487727008759975 22.83369691669941 1.5
      vertex 12.527849227190018 22.84396079927683 1.5
    endloop
  endfacet
  facet normal 0.30389808751184577 -0.9527045462296495 0
    outer loop
      vertex 12.527849227190018 22.84396079927683 1.85
      vertex 12.527849227190018 22.84396079927683 1.5
      vertex 12.567176386713982 22.856505557894707 1.5
    endloop
  endfacet
  facet normal 0.35909667991946254 -0.9333003666938201 0
    outer loop
      vertex 12.567176386713982 22.856505557894707 1.85
      vertex 12.567176386713982 22.856505557894707 1.5
      vertex 12.605708487331867 22.8713311702013 1.5
    endloop
  endfacet
  facet normal 0.41286828160205563 -0.9107907454772285 0
    outer loop
      vertex 12.605708487331867 22.8713311702013 1.85
      vertex 12.605708487331867 22.8713311702013 1.5
      vertex 12.643445521593094 22.888437651097775 1.5
    endloop
  endfacet
  facet normal 0.46469883800575146 -0.8854687967151097 0
    outer loop
      vertex 12.643445521593094 22.888437651097775 1.85
      vertex 12.643445521593094 22.888437651097775 1.5
      vertex 12.680387496948242 22.907825000584126 1.5
    endloop
  endfacet
  facet normal 0.5156678475801074 -0.8567885800896853 0
    outer loop
      vertex 12.680387496948242 22.907825000584126 1.85
      vertex 12.680387496948242 22.907825000584126 1.5
      vertex 12.715738736093044 22.929101541638374 1.5
    endloop
  endfacet
  facet normal 0.5682168285132546 -0.8228788706695163 0
    outer loop
      vertex 12.715738736093044 22.929101541638374 1.85
      vertex 12.715738736093044 22.929101541638374 1.5
      vertex 12.748703546822071 22.951864503324032 1.5
    endloop
  endfacet
  facet normal 0.6213561736209365 -0.7835282416755304 0
    outer loop
      vertex 12.748703546822071 22.951864503324032 1.85
      vertex 12.748703546822071 22.951864503324032 1.5
      vertex 12.779281944036484 22.976113885641098 1.5
    endloop
  endfacet
  facet normal 0.6742022544113373 -0.738546762329015 0
    outer loop
      vertex 12.779281944036484 22.976113885641098 1.85
      vertex 12.779281944036484 22.976113885641098 1.5
      vertex 12.807473920285702 23.001849688589573 1.5
    endloop
  endfacet
  facet normal 0.30830720843192094 0.9512868469756723 0
    outer loop
      vertex 12.21704676002264 23.086145371198654 1.85
      vertex 12.257504165172577 23.073033332824707 1.5
      vertex 12.21704676002264 23.086145371198654 1.5
    endloop
  endfacet
  facet normal 0.403404497560648 0.915021754576273 0
    outer loop
      vertex 12.178807869553566 23.103003703057766 1.85
      vertex 12.21704676002264 23.086145371198654 1.5
      vertex 12.178807869553566 23.103003703057766 1.5
    endloop
  endfacet
  facet normal 0.12420096619318177 0.9922570836213164 0
    outer loop
      vertex 12.300180092453957 23.063667595386505 1.85
      vertex 12.345074534416199 23.058048151433468 1.5
      vertex 12.300180092453957 23.063667595386505 1.5
    endloop
  endfacet
  facet normal 0.21436036914343207 0.9767546427535891 0
    outer loop
      vertex 12.257504165172577 23.073033332824707 1.85
      vertex 12.300180092453957 23.063667595386505 1.5
      vertex 12.257504165172577 23.073033332824707 1.5
    endloop
  endfacet
  facet normal 0.0397273183957114 0.9992105584775841 0
    outer loop
      vertex 12.345074534416199 23.058048151433468 1.85
      vertex 12.392187498509884 23.056175000965595 1.5
      vertex 12.345074534416199 23.058048151433468 1.5
    endloop
  endfacet
  facet normal -0.025474363052402155 0.9996754757555446 0
    outer loop
      vertex 12.392187498509884 23.056175000965595 1.85
      vertex 12.421340584754944 23.056917898356915 1.5
      vertex 12.392187498509884 23.056175000965595 1.5
    endloop
  endfacet
  facet normal -0.07744206790493045 0.9969968536151997 0
    outer loop
      vertex 12.421340584754944 23.056917898356915 1.85
      vertex 12.45003318041563 23.059146605432034 1.5
      vertex 12.421340584754944 23.056917898356915 1.5
    endloop
  endfacet
  facet normal -0.1304462145861653 0.9914553873473785 0
    outer loop
      vertex 12.45003318041563 23.059146605432034 1.85
      vertex 12.478265278041363 23.06286111474037 1.5
      vertex 12.45003318041563 23.059146605432034 1.5
    endloop
  endfacet
  facet normal -0.1840535625957959 0.9829162151962879 0
    outer loop
      vertex 12.478265278041363 23.06286111474037 1.85
      vertex 12.506036885082722 23.06806141883135 1.5
      vertex 12.478265278041363 23.06286111474037 1.5
    endloop
  endfacet
  facet normal -0.23779085029069716 0.9713163807524443 0
    outer loop
      vertex 12.506036885082722 23.06806141883135 1.85
      vertex 12.533347994089127 23.074747532606125 1.5
      vertex 12.506036885082722 23.06806141883135 1.5
    endloop
  endfacet
  facet normal -0.29116100311094106 0.9566740668939607 0
    outer loop
      vertex 12.533347994089127 23.074747532606125 1.85
      vertex 12.560198612511158 23.08291944116354 1.5
      vertex 12.533347994089127 23.074747532606125 1.5
    endloop
  endfacet
  facet normal -0.343669284631902 0.9390907425806074 0
    outer loop
      vertex 12.560198612511158 23.08291944116354 1.85
      vertex 12.586588732898235 23.092577159404755 1.5
      vertex 12.560198612511158 23.08291944116354 1.5
    endloop
  endfacet
  facet normal -0.39484173392516186 0.9187491524627229 0
    outer loop
      vertex 12.586588732898235 23.092577159404755 1.85
      vertex 12.61251836270094 23.10372067987919 1.5
      vertex 12.586588732898235 23.092577159404755 1.5
    endloop
  endfacet
  facet normal -0.44424940931643425 0.8959031545440608 0
    outer loop
      vertex 12.61251836270094 23.10372067987919 1.85
      vertex 12.63798750191927 23.11635000258684 1.5
      vertex 12.61251836270094 23.10372067987919 1.5
    endloop
  endfacet
  facet normal -0.49376354605592077 0.8695962054806142 0
    outer loop
      vertex 12.63798750191927 23.11635000258684 1.85
      vertex 12.662635028362274 23.130345061421394 1.5
      vertex 12.63798750191927 23.11635000258684 1.5
    endloop
  endfacet
  facet normal -0.5446041577719211 0.838693216460904 0
    outer loop
      vertex 12.662635028362274 23.130345061421394 1.85
      vertex 12.686088733375072 23.145574688911438 1.5
      vertex 12.662635028362274 23.130345061421394 1.5
    endloop
  endfacet
  facet normal -0.5946538399856259 0.8039818471771297 0
    outer loop
      vertex 12.686088733375072 23.145574688911438 1.85
      vertex 12.708348609507084 23.162038892507553 1.5
      vertex 12.686088733375072 23.145574688911438 1.5
    endloop
  endfacet
  facet normal -0.6432619535405445 0.7656461709740358 0
    outer loop
      vertex 12.708348609507084 23.162038892507553 1.85
      vertex 12.729414664208889 23.17973765730858 1.5
      vertex 12.708348609507084 23.162038892507553 1.5
    endloop
  endfacet
  facet normal -0.6897967467995255 0.7240030718890573 0
    outer loop
      vertex 12.729414664208889 23.17973765730858 1.85
      vertex 12.749286882579327 23.198670990765095 1.5
      vertex 12.729414664208889 23.17973765730858 1.5
    endloop
  endfacet
  facet normal -0.9195980368319722 -0.3928605995194514 0
    outer loop
      vertex 11.670282565057278 23.260200306773186 1.85
      vertex 11.670282565057278 23.260200306773186 1.5
      vertex 11.696526385843754 23.198769442737103 1.5
    endloop
  endfacet
  facet normal -0.9495160202338409 -0.313718547936344 0
    outer loop
      vertex 11.648810341954231 23.32518919557333 1.85
      vertex 11.648810341954231 23.32518919557333 1.5
      vertex 11.670282565057278 23.260200306773186 1.5
    endloop
  endfacet
  facet normal -0.9715795030643282 -0.23671347495500372 0
    outer loop
      vertex 11.632109723985195 23.393736109137535 1.85
      vertex 11.632109723985195 23.393736109137535 1.5
      vertex 11.648810341954231 23.32518919557333 1.5
    endloop
  endfacet
  facet normal 0.8486113528867679 0.5290167972301913 0
    outer loop
      vertex 11.997805401682854 23.280743211507797 1.85
      vertex 12.02135169506073 23.242971912026405 1.5
      vertex 11.997805401682854 23.280743211507797 1.5
    endloop
  endfacet
  facet normal 0.8929089590174348 0.4502372606819663 0
    outer loop
      vertex 11.977398611605167 23.321213886141777 1.85
      vertex 11.997805401682854 23.280743211507797 1.5
      vertex 11.977398611605167 23.321213886141777 1.5
    endloop
  endfacet
  facet normal 0.7958215247369111 0.6055312549864109 0
    outer loop
      vertex 12.02135169506073 23.242971912026405 1.85
      vertex 12.048037499189377 23.207900002598763 1.5
      vertex 12.02135169506073 23.242971912026405 1.5
    endloop
  endfacet
  facet normal 0.9284821722240879 0.37137697271376297 0
    outer loop
      vertex 11.960131324827671 23.364383950829506 1.85
      vertex 11.977398611605167 23.321213886141777 1.5
      vertex 11.960131324827671 23.364383950829506 1.5
    endloop
  endfacet
  facet normal 0.9556963966818519 0.29435420392670536 0
    outer loop
      vertex 11.946003548800945 23.410253398120403 1.85
      vertex 11.960131324827671 23.364383950829506 1.5
      vertex 11.946003548800945 23.410253398120403 1.5
    endloop
  endfacet
  facet normal -0.9865895343689515 -0.1632209872340423 0
    outer loop
      vertex 11.62018071115017 23.4658410474658 1.85
      vertex 11.62018071115017 23.4658410474658 1.5
      vertex 11.632109723985195 23.393736109137535 1.5
    endloop
  endfacet
  facet normal -0.995555611281589 -0.09417550024152581 0
    outer loop
      vertex 11.613023303449154 23.54150401055813 1.85
      vertex 11.613023303449154 23.54150401055813 1.5
      vertex 11.62018071115017 23.4658410474658 1.5
    endloop
  endfacet
  facet normal -0.9995468278554844 -0.03010214151914519 0
    outer loop
      vertex 11.610637500882149 23.620724998414516 1.85
      vertex 11.610637500882149 23.620724998414516 1.5
      vertex 11.613023303449154 23.54150401055813 1.5
    endloop
  endfacet
  facet normal 0.9753497972521687 0.22066438996846208 0
    outer loop
      vertex 11.93501527607441 23.45882222056389 1.85
      vertex 11.946003548800945 23.410253398120403 1.5
      vertex 11.93501527607441 23.45882222056389 1.5
    endloop
  endfacet
  facet normal 0.9884834397681624 0.15132907620183747 0
    outer loop
      vertex 11.927166514098644 23.510090433061123 1.85
      vertex 11.93501527607441 23.45882222056389 1.5
      vertex 11.927166514098644 23.510090433061123 1.5
    endloop
  endfacet
  facet normal 0.9962143767277253 0.08693052168824211 0
    outer loop
      vertex 11.922457255423069 23.564058028161526 1.85
      vertex 11.927166514098644 23.510090433061123 1.5
      vertex 11.922457255423069 23.564058028161526 1.5
    endloop
  endfacet
  facet normal 0.999616536426276 0.027690794555870073 0
    outer loop
      vertex 11.920887500047684 23.620724998414516 1.85
      vertex 11.922457255423069 23.564058028161526 1.5
      vertex 11.920887500047684 23.620724998414516 1.5
    endloop
  endfacet
  facet normal -0.733680502344993 0.6794946066590953 0
    outer loop
      vertex 12.749286882579327 23.198670990765095 1.85
      vertex 12.767965279519558 23.21883888542652 1.5
      vertex 12.749286882579327 23.198670990765095 1.5
    endloop
  endfacet
  facet normal -0.7744278171733258 0.6326622764067399 0
    outer loop
      vertex 12.767965279519558 23.21883888542652 1.85
      vertex 12.785449847579002 23.24024135619402 1.5
      vertex 12.767965279519558 23.21883888542652 1.5
    endloop
  endfacet
  facet normal -0.8116691339766735 0.5841174684509589 0
    outer loop
      vertex 12.785449847579002 23.24024135619402 1.85
      vertex 12.80174058675766 23.262878395617008 1.5
      vertex 12.785449847579002 23.24024135619402 1.5
    endloop
  endfacet
  facet normal -0.8451673743693835 0.5345017392876869 0
    outer loop
      vertex 12.80174058675766 23.262878395617008 1.85
      vertex 12.81683749705553 23.286750003695488 1.5
      vertex 12.80174058675766 23.262878395617008 1.5
    endloop
  endfacet
  facet normal 0.9805781675033518 0.1961286756590384 0
    outer loop
      vertex 10.323119595646858 22.757345370948315 1.85
      vertex 10.313909724354744 22.80339166522026 1.5
      vertex 10.313909724354744 22.80339166522026 1.85
    endloop
  endfacet
  facet normal 0.9598514232381914 0.2805089041503284 0
    outer loop
      vertex 10.313909724354744 22.80339166522026 1.85
      vertex 10.30101589858532 22.847512036561966 1.5
      vertex 10.30101589858532 22.847512036561966 1.85
    endloop
  endfacet
  facet normal 0.9307410596145953 0.365678930138859 0
    outer loop
      vertex 10.30101589858532 22.847512036561966 1.85
      vertex 10.284438118338585 22.88970648497343 1.5
      vertex 10.284438118338585 22.88970648497343 1.85
    endloop
  endfacet
  facet normal 0.8932932578158745 0.44947431021216494 0
    outer loop
      vertex 10.284438118338585 22.88970648497343 1.85
      vertex 10.26417639106512 22.929975003004074 1.5
      vertex 10.26417639106512 22.929975003004074 1.85
    endloop
  endfacet
  facet normal -0.20906572957662928 -0.977901590507241 0
    outer loop
      vertex 12.182483799755573 22.826332718133926 1.85
      vertex 12.11885416507721 22.83993610739708 1.85
      vertex 12.182483799755573 22.826332718133926 1.5
    endloop
  endfacet
  facet normal -0.39314940006451793 -0.9194746049940202 0
    outer loop
      vertex 12.0584060177207 22.858980864286423 1.85
      vertex 12.001139350235462 22.883466973900795 1.85
      vertex 12.0584060177207 22.858980864286423 1.5
    endloop
  endfacet
  facet normal -0.300498111395897 -0.9537824096970435 0
    outer loop
      vertex 12.11885416507721 22.83993610739708 1.85
      vertex 12.0584060177207 22.858980864286423 1.85
      vertex 12.11885416507721 22.83993610739708 1.5
    endloop
  endfacet
  facet normal -0.5706029468325903 -0.8212260815792227 0
    outer loop
      vertex 11.947054170072079 22.913394443690777 1.85
      vertex 11.896150462329388 22.94876327365637 1.85
      vertex 11.947054170072079 22.913394443690777 1.5
    endloop
  endfacet
  facet normal -0.48416058312079896 -0.874979159610175 0
    outer loop
      vertex 12.001139350235462 22.883466973900795 1.85
      vertex 11.947054170072079 22.913394443690777 1.85
      vertex 12.001139350235462 22.883466973900795 1.5
    endloop
  endfacet
  facet normal -0.6499226696743312 -0.7600003443705734 0
    outer loop
      vertex 11.896150462329388 22.94876327365637 1.85
      vertex 11.84842824190855 22.98957345634699 1.85
      vertex 11.896150462329388 22.94876327365637 1.5
    endloop
  endfacet
  facet normal -0.7203029560785138 -0.693659607779316 0
    outer loop
      vertex 11.84842824190855 22.98957345634699 1.85
      vertex 11.803887501358986 23.03582499921322 1.85
      vertex 11.84842824190855 22.98957345634699 1.5
    endloop
  endfacet
  facet normal -0.781219972318931 -0.6242558408617487 0
    outer loop
      vertex 11.803887501358986 23.03582499921322 1.85
      vertex 11.763328857719898 23.08658178895712 1.85
      vertex 11.803887501358986 23.03582499921322 1.5
    endloop
  endfacet
  facet normal -0.8350384589342341 -0.5501915776352265 0
    outer loop
      vertex 11.763328857719898 23.08658178895712 1.85
      vertex 11.72754181921482 23.14089660346508 1.85
      vertex 11.763328857719898 23.08658178895712 1.5
    endloop
  endfacet
  facet normal -0.8814030811394882 -0.47236491037948275 0
    outer loop
      vertex 11.72754181921482 23.14089660346508 1.85
      vertex 11.696526385843754 23.198769442737103 1.85
      vertex 11.72754181921482 23.14089660346508 1.5
    endloop
  endfacet
  facet normal 0.49653064493423477 0.8680191925534786 0
    outer loop
      vertex 12.178807869553566 23.103003703057766 1.85
      vertex 12.178807869553566 23.103003703057766 1.5
      vertex 12.142787501215935 23.123608335852623 1.85
    endloop
  endfacet
  facet normal 0.5845195722401456 0.8113796088565433 0
    outer loop
      vertex 12.142787501215935 23.123608335852623 1.85
      vertex 12.142787501215935 23.123608335852623 1.5
      vertex 12.108985647559166 23.147959262132645 1.85
    endloop
  endfacet
  facet normal 0.7351393591904354 0.6779160143919569 0
    outer loop
      vertex 12.07740231603384 23.17605648189783 1.85
      vertex 12.07740231603384 23.17605648189783 1.5
      vertex 12.048037499189377 23.207900002598763 1.85
    endloop
  endfacet
  facet normal 0.6646696693574229 0.7471373572752833 0
    outer loop
      vertex 12.108985647559166 23.147959262132645 1.85
      vertex 12.108985647559166 23.147959262132645 1.5
      vertex 12.07740231603384 23.17605648189783 1.85
    endloop
  endfacet
  facet normal -0.12126430959640859 -0.9926202532782142 0
    outer loop
      vertex 12.24929490685463 22.818170681595802 1.85
      vertex 12.182483799755573 22.826332718133926 1.85
      vertex 12.24929490685463 22.818170681595802 1.5
    endloop
  endfacet
  facet normal -0.038841690959526824 -0.9992453767936105 0
    outer loop
      vertex 12.24929490685463 22.818170681595802 1.85
      vertex 12.31928750127554 22.815449997782707 1.5
      vertex 12.31928750127554 22.815449997782707 1.85
    endloop
  endfacet
  facet normal 0.026327429850585306 -0.9996533731436426 0
    outer loop
      vertex 12.31928750127554 22.815449997782707 1.85
      vertex 12.362589970231056 22.816590435802937 1.5
      vertex 12.362589970231056 22.816590435802937 1.85
    endloop
  endfacet
  facet normal 0.08022751877070436 -0.9967765773892845 0
    outer loop
      vertex 12.362589970231056 22.816590435802937 1.85
      vertex 12.405097372829914 22.820011727511883 1.5
      vertex 12.405097372829914 22.820011727511883 1.85
    endloop
  endfacet
  facet normal 0.1354422872602233 -0.990785237486772 0
    outer loop
      vertex 12.405097372829914 22.820011727511883 1.85
      vertex 12.446809723973274 22.825713887810707 1.5
      vertex 12.446809723973274 22.825713887810707 1.85
    endloop
  endfacet
  facet normal 0.19149114415452861 -0.9814943411504671 0
    outer loop
      vertex 12.446809723973274 22.825713887810707 1.85
      vertex 12.487727008759975 22.83369691669941 1.5
      vertex 12.487727008759975 22.83369691669941 1.85
    endloop
  endfacet
  facet normal 0.24783459295979127 -0.9688023609242778 0
    outer loop
      vertex 12.487727008759975 22.83369691669941 1.85
      vertex 12.527849227190018 22.84396079927683 1.5
      vertex 12.527849227190018 22.84396079927683 1.85
    endloop
  endfacet
  facet normal 0.30389808751184577 -0.9527045462296495 0
    outer loop
      vertex 12.527849227190018 22.84396079927683 1.85
      vertex 12.567176386713982 22.856505557894707 1.5
      vertex 12.567176386713982 22.856505557894707 1.85
    endloop
  endfacet
  facet normal 0.35909667991946254 -0.9333003666938201 0
    outer loop
      vertex 12.567176386713982 22.856505557894707 1.85
      vertex 12.605708487331867 22.8713311702013 1.5
      vertex 12.605708487331867 22.8713311702013 1.85
    endloop
  endfacet
  facet normal 0.41286828160205563 -0.9107907454772285 0
    outer loop
      vertex 12.605708487331867 22.8713311702013 1.85
      vertex 12.643445521593094 22.888437651097775 1.5
      vertex 12.643445521593094 22.888437651097775 1.85
    endloop
  endfacet
  facet normal 0.46469883800575146 -0.8854687967151097 0
    outer loop
      vertex 12.643445521593094 22.888437651097775 1.85
      vertex 12.680387496948242 22.907825000584126 1.5
      vertex 12.680387496948242 22.907825000584126 1.85
    endloop
  endfacet
  facet normal 0.5156678475801074 -0.8567885800896853 0
    outer loop
      vertex 12.680387496948242 22.907825000584126 1.85
      vertex 12.715738736093044 22.929101541638374 1.5
      vertex 12.715738736093044 22.929101541638374 1.85
    endloop
  endfacet
  facet normal 0.5682168285132546 -0.8228788706695163 0
    outer loop
      vertex 12.715738736093044 22.929101541638374 1.85
      vertex 12.748703546822071 22.951864503324032 1.5
      vertex 12.748703546822071 22.951864503324032 1.85
    endloop
  endfacet
  facet normal 0.6213561736209365 -0.7835282416755304 0
    outer loop
      vertex 12.748703546822071 22.951864503324032 1.85
      vertex 12.779281944036484 22.976113885641098 1.5
      vertex 12.779281944036484 22.976113885641098 1.85
    endloop
  endfacet
  facet normal 0.30830720843192094 0.9512868469756723 0
    outer loop
      vertex 12.257504165172577 23.073033332824707 1.85
      vertex 12.257504165172577 23.073033332824707 1.5
      vertex 12.21704676002264 23.086145371198654 1.85
    endloop
  endfacet
  facet normal 0.403404497560648 0.915021754576273 0
    outer loop
      vertex 12.21704676002264 23.086145371198654 1.85
      vertex 12.21704676002264 23.086145371198654 1.5
      vertex 12.178807869553566 23.103003703057766 1.85
    endloop
  endfacet
  facet normal 0.12420096619318177 0.9922570836213164 0
    outer loop
      vertex 12.345074534416199 23.058048151433468 1.85
      vertex 12.345074534416199 23.058048151433468 1.5
      vertex 12.300180092453957 23.063667595386505 1.85
    endloop
  endfacet
  facet normal 0.21436036914343207 0.9767546427535891 0
    outer loop
      vertex 12.300180092453957 23.063667595386505 1.85
      vertex 12.300180092453957 23.063667595386505 1.5
      vertex 12.257504165172577 23.073033332824707 1.85
    endloop
  endfacet
  facet normal 0.0397273183957114 0.9992105584775841 0
    outer loop
      vertex 12.345074534416199 23.058048151433468 1.85
      vertex 12.392187498509884 23.056175000965595 1.85
      vertex 12.392187498509884 23.056175000965595 1.5
    endloop
  endfacet
  facet normal -0.025474363052402155 0.9996754757555446 0
    outer loop
      vertex 12.392187498509884 23.056175000965595 1.85
      vertex 12.421340584754944 23.056917898356915 1.85
      vertex 12.421340584754944 23.056917898356915 1.5
    endloop
  endfacet
  facet normal -0.07744206790493045 0.9969968536151997 0
    outer loop
      vertex 12.421340584754944 23.056917898356915 1.85
      vertex 12.45003318041563 23.059146605432034 1.85
      vertex 12.45003318041563 23.059146605432034 1.5
    endloop
  endfacet
  facet normal -0.1304462145861653 0.9914553873473785 0
    outer loop
      vertex 12.45003318041563 23.059146605432034 1.85
      vertex 12.478265278041363 23.06286111474037 1.85
      vertex 12.478265278041363 23.06286111474037 1.5
    endloop
  endfacet
  facet normal -0.1840535625957959 0.9829162151962879 0
    outer loop
      vertex 12.478265278041363 23.06286111474037 1.85
      vertex 12.506036885082722 23.06806141883135 1.85
      vertex 12.506036885082722 23.06806141883135 1.5
    endloop
  endfacet
  facet normal -0.23779085029069716 0.9713163807524443 0
    outer loop
      vertex 12.506036885082722 23.06806141883135 1.85
      vertex 12.533347994089127 23.074747532606125 1.85
      vertex 12.533347994089127 23.074747532606125 1.5
    endloop
  endfacet
  facet normal -0.29116100311094106 0.9566740668939607 0
    outer loop
      vertex 12.533347994089127 23.074747532606125 1.85
      vertex 12.560198612511158 23.08291944116354 1.85
      vertex 12.560198612511158 23.08291944116354 1.5
    endloop
  endfacet
  facet normal -0.343669284631902 0.9390907425806074 0
    outer loop
      vertex 12.560198612511158 23.08291944116354 1.85
      vertex 12.586588732898235 23.092577159404755 1.85
      vertex 12.586588732898235 23.092577159404755 1.5
    endloop
  endfacet
  facet normal 0.6742022544113373 -0.738546762329015 0
    outer loop
      vertex 12.779281944036484 22.976113885641098 1.85
      vertex 12.807473920285702 23.001849688589573 1.5
      vertex 12.807473920285702 23.001849688589573 1.85
    endloop
  endfacet
  facet normal -0.39484173392516186 0.9187491524627229 0
    outer loop
      vertex 12.586588732898235 23.092577159404755 1.85
      vertex 12.61251836270094 23.10372067987919 1.85
      vertex 12.61251836270094 23.10372067987919 1.5
    endloop
  endfacet
  facet normal -0.44424940931643425 0.8959031545440608 0
    outer loop
      vertex 12.61251836270094 23.10372067987919 1.85
      vertex 12.63798750191927 23.11635000258684 1.85
      vertex 12.63798750191927 23.11635000258684 1.5
    endloop
  endfacet
  facet normal -0.49376354605592077 0.8695962054806142 0
    outer loop
      vertex 12.63798750191927 23.11635000258684 1.85
      vertex 12.662635028362274 23.130345061421394 1.85
      vertex 12.662635028362274 23.130345061421394 1.5
    endloop
  endfacet
  facet normal -0.5446041577719211 0.838693216460904 0
    outer loop
      vertex 12.662635028362274 23.130345061421394 1.85
      vertex 12.686088733375072 23.145574688911438 1.85
      vertex 12.686088733375072 23.145574688911438 1.5
    endloop
  endfacet
  facet normal -0.5946538399856259 0.8039818471771297 0
    outer loop
      vertex 12.686088733375072 23.145574688911438 1.85
      vertex 12.708348609507084 23.162038892507553 1.85
      vertex 12.708348609507084 23.162038892507553 1.5
    endloop
  endfacet
  facet normal -0.6432619535405445 0.7656461709740358 0
    outer loop
      vertex 12.708348609507084 23.162038892507553 1.85
      vertex 12.729414664208889 23.17973765730858 1.85
      vertex 12.729414664208889 23.17973765730858 1.5
    endloop
  endfacet
  facet normal -0.6897967467995255 0.7240030718890573 0
    outer loop
      vertex 12.729414664208889 23.17973765730858 1.85
      vertex 12.749286882579327 23.198670990765095 1.85
      vertex 12.749286882579327 23.198670990765095 1.5
    endloop
  endfacet
  facet normal 0 0 1
    outer loop
      vertex 12.11885416507721 22.83993610739708 1.85
      vertex 12.178807869553566 23.103003703057766 1.85
      vertex 12.0584060177207 22.858980864286423 1.85
    endloop
  endfacet
  facet normal 0 0 1
    outer loop
      vertex 12.0584060177207 22.858980864286423 1.85
      vertex 12.142787501215935 23.123608335852623 1.85
      vertex 12.001139350235462 22.883466973900795 1.85
    endloop
  endfacet
  facet normal 0 0 1
    outer loop
      vertex 12.001139350235462 22.883466973900795 1.85
      vertex 12.142787501215935 23.123608335852623 1.85
      vertex 11.947054170072079 22.913394443690777 1.85
    endloop
  endfacet
  facet normal 0 0 1
    outer loop
      vertex 11.763328857719898 23.08658178895712 1.85
      vertex 11.997805401682854 23.280743211507797 1.85
      vertex 11.72754181921482 23.14089660346508 1.85
    endloop
  endfacet
  facet normal 0 0 1
    outer loop
      vertex 11.947054170072079 22.913394443690777 1.85
      vertex 12.108985647559166 23.147959262132645 1.85
      vertex 11.896150462329388 22.94876327365637 1.85
    endloop
  endfacet
  facet normal 0 0 1
    outer loop
      vertex 11.896150462329388 22.94876327365637 1.85
      vertex 12.07740231603384 23.17605648189783 1.85
      vertex 11.84842824190855 22.98957345634699 1.85
    endloop
  endfacet
  facet normal 0 0 1
    outer loop
      vertex 11.84842824190855 22.98957345634699 1.85
      vertex 12.048037499189377 23.207900002598763 1.85
      vertex 11.803887501358986 23.03582499921322 1.85
    endloop
  endfacet
  facet normal 0 0 1
    outer loop
      vertex 12.11885416507721 22.83993610739708 1.85
      vertex 12.21704676002264 23.086145371198654 1.85
      vertex 12.178807869553566 23.103003703057766 1.85
    endloop
  endfacet
  facet normal 0 0 1
    outer loop
      vertex 12.0584060177207 22.858980864286423 1.85
      vertex 12.178807869553566 23.103003703057766 1.85
      vertex 12.142787501215935 23.123608335852623 1.85
    endloop
  endfacet
  facet normal 0 0 1
    outer loop
      vertex 11.947054170072079 22.913394443690777 1.85
      vertex 12.142787501215935 23.123608335852623 1.85
      vertex 12.108985647559166 23.147959262132645 1.85
    endloop
  endfacet
  facet normal 0 0 1
    outer loop
      vertex 11.896150462329388 22.94876327365637 1.85
      vertex 12.108985647559166 23.147959262132645 1.85
      vertex 12.07740231603384 23.17605648189783 1.85
    endloop
  endfacet
  facet normal 0 0 1
    outer loop
      vertex 11.803887501358986 23.03582499921322 1.85
      vertex 12.02135169506073 23.242971912026405 1.85
      vertex 11.763328857719898 23.08658178895712 1.85
    endloop
  endfacet
  facet normal 0 0 1
    outer loop
      vertex 11.84842824190855 22.98957345634699 1.85
      vertex 12.07740231603384 23.17605648189783 1.85
      vertex 12.048037499189377 23.207900002598763 1.85
    endloop
  endfacet
  facet normal 0 0 1
    outer loop
      vertex 11.803887501358986 23.03582499921322 1.85
      vertex 12.048037499189377 23.207900002598763 1.85
      vertex 12.02135169506073 23.242971912026405 1.85
    endloop
  endfacet
  facet normal 0 0 1
    outer loop
      vertex 12.24929490685463 22.818170681595802 1.85
      vertex 12.257504165172577 23.073033332824707 1.85
      vertex 12.182483799755573 22.826332718133926 1.85
    endloop
  endfacet
  facet normal 0 0 1
    outer loop
      vertex 12.182483799755573 22.826332718133926 1.85
      vertex 12.21704676002264 23.086145371198654 1.85
      vertex 12.11885416507721 22.83993610739708 1.85
    endloop
  endfacet
  facet normal 0 0 1
    outer loop
      vertex 12.24929490685463 22.818170681595802 1.85
      vertex 12.31928750127554 22.815449997782707 1.85
      vertex 12.300180092453957 23.063667595386505 1.85
    endloop
  endfacet
  facet normal 0 0 1
    outer loop
      vertex 12.31928750127554 22.815449997782707 1.85
      vertex 12.345074534416199 23.058048151433468 1.85
      vertex 12.300180092453957 23.063667595386505 1.85
    endloop
  endfacet
  facet normal 0 0 1
    outer loop
      vertex 12.24929490685463 22.818170681595802 1.85
      vertex 12.300180092453957 23.063667595386505 1.85
      vertex 12.257504165172577 23.073033332824707 1.85
    endloop
  endfacet
  facet normal 0 0 1
    outer loop
      vertex 12.31928750127554 22.815449997782707 1.85
      vertex 12.362589970231056 22.816590435802937 1.85
      vertex 12.345074534416199 23.058048151433468 1.85
    endloop
  endfacet
  facet normal 0 0 1
    outer loop
      vertex 12.362589970231056 22.816590435802937 1.85
      vertex 12.405097372829914 22.820011727511883 1.85
      vertex 12.392187498509884 23.056175000965595 1.85
    endloop
  endfacet
  facet normal 0 0 1
    outer loop
      vertex 12.405097372829914 22.820011727511883 1.85
      vertex 12.446809723973274 22.825713887810707 1.85
      vertex 12.421340584754944 23.056917898356915 1.85
    endloop
  endfacet
  facet normal 0 0 1
    outer loop
      vertex 12.446809723973274 22.825713887810707 1.85
      vertex 12.487727008759975 22.83369691669941 1.85
      vertex 12.45003318041563 23.059146605432034 1.85
    endloop
  endfacet
  facet normal 0 0 1
    outer loop
      vertex 12.362589970231056 22.816590435802937 1.85
      vertex 12.392187498509884 23.056175000965595 1.85
      vertex 12.345074534416199 23.058048151433468 1.85
    endloop
  endfacet
  facet normal 0 0 1
    outer loop
      vertex 12.405097372829914 22.820011727511883 1.85
      vertex 12.421340584754944 23.056917898356915 1.85
      vertex 12.392187498509884 23.056175000965595 1.85
    endloop
  endfacet
  facet normal 0 0 1
    outer loop
      vertex 12.421340584754944 23.056917898356915 1.85
      vertex 12.446809723973274 22.825713887810707 1.85
      vertex 12.45003318041563 23.059146605432034 1.85
    endloop
  endfacet
  facet normal 0 0 1
    outer loop
      vertex 12.487727008759975 22.83369691669941 1.85
      vertex 12.478265278041363 23.06286111474037 1.85
      vertex 12.45003318041563 23.059146605432034 1.85
    endloop
  endfacet
  facet normal 0 0 1
    outer loop
      vertex 12.487727008759975 22.83369691669941 1.85
      vertex 12.527849227190018 22.84396079927683 1.85
      vertex 12.478265278041363 23.06286111474037 1.85
    endloop
  endfacet
  facet normal 0 0 1
    outer loop
      vertex 12.527849227190018 22.84396079927683 1.85
      vertex 12.567176386713982 22.856505557894707 1.85
      vertex 12.506036885082722 23.06806141883135 1.85
    endloop
  endfacet
  facet normal 0 0 1
    outer loop
      vertex 12.567176386713982 22.856505557894707 1.85
      vertex 12.605708487331867 22.8713311702013 1.85
      vertex 12.533347994089127 23.074747532606125 1.85
    endloop
  endfacet
  facet normal 0 0 1
    outer loop
      vertex 12.527849227190018 22.84396079927683 1.85
      vertex 12.506036885082722 23.06806141883135 1.85
      vertex 12.478265278041363 23.06286111474037 1.85
    endloop
  endfacet
  facet normal 0 0 1
    outer loop
      vertex 12.605708487331867 22.8713311702013 1.85
      vertex 12.643445521593094 22.888437651097775 1.85
      vertex 12.560198612511158 23.08291944116354 1.85
    endloop
  endfacet
  facet normal 0 0 1
    outer loop
      vertex 12.643445521593094 22.888437651097775 1.85
      vertex 12.680387496948242 22.907825000584126 1.85
      vertex 12.586588732898235 23.092577159404755 1.85
    endloop
  endfacet
  facet normal 0 0 1
    outer loop
      vertex 12.680387496948242 22.907825000584126 1.85
      vertex 12.715738736093044 22.929101541638374 1.85
      vertex 12.61251836270094 23.10372067987919 1.85
    endloop
  endfacet
  facet normal 0 0 1
    outer loop
      vertex 12.182483799755573 22.826332718133926 1.85
      vertex 12.257504165172577 23.073033332824707 1.85
      vertex 12.21704676002264 23.086145371198654 1.85
    endloop
  endfacet
  facet normal 0 0 1
    outer loop
      vertex 12.567176386713982 22.856505557894707 1.85
      vertex 12.533347994089127 23.074747532606125 1.85
      vertex 12.506036885082722 23.06806141883135 1.85
    endloop
  endfacet
  facet normal 0 0 1
    outer loop
      vertex 12.605708487331867 22.8713311702013 1.85
      vertex 12.560198612511158 23.08291944116354 1.85
      vertex 12.533347994089127 23.074747532606125 1.85
    endloop
  endfacet
  facet normal 0 0 1
    outer loop
      vertex 12.643445521593094 22.888437651097775 1.85
      vertex 12.586588732898235 23.092577159404755 1.85
      vertex 12.560198612511158 23.08291944116354 1.85
    endloop
  endfacet
  facet normal 0 0 1
    outer loop
      vertex 12.680387496948242 22.907825000584126 1.85
      vertex 12.61251836270094 23.10372067987919 1.85
      vertex 12.586588732898235 23.092577159404755 1.85
    endloop
  endfacet
  facet normal 0 0 1
    outer loop
      vertex 12.715738736093044 22.929101541638374 1.85
      vertex 12.748703546822071 22.951864503324032 1.85
      vertex 12.63798750191927 23.11635000258684 1.85
    endloop
  endfacet
  facet normal 0 0 1
    outer loop
      vertex 12.748703546822071 22.951864503324032 1.85
      vertex 12.779281944036484 22.976113885641098 1.85
      vertex 12.662635028362274 23.130345061421394 1.85
    endloop
  endfacet
  facet normal 0 0 1
    outer loop
      vertex 12.779281944036484 22.976113885641098 1.85
      vertex 12.807473920285702 23.001849688589573 1.85
      vertex 12.686088733375072 23.145574688911438 1.85
    endloop
  endfacet
  facet normal 0 0 1
    outer loop
      vertex 12.715738736093044 22.929101541638374 1.85
      vertex 12.63798750191927 23.11635000258684 1.85
      vertex 12.61251836270094 23.10372067987919 1.85
    endloop
  endfacet
  facet normal 0 0 1
    outer loop
      vertex 12.748703546822071 22.951864503324032 1.85
      vertex 12.662635028362274 23.130345061421394 1.85
      vertex 12.63798750191927 23.11635000258684 1.85
    endloop
  endfacet
  facet normal 0 0 1
    outer loop
      vertex 12.779281944036484 22.976113885641098 1.85
      vertex 12.686088733375072 23.145574688911438 1.85
      vertex 12.662635028362274 23.130345061421394 1.85
    endloop
  endfacet
  facet normal 0 0 1
    outer loop
      vertex 12.807473920285702 23.001849688589573 1.85
      vertex 12.833279475569725 23.029071912169456 1.85
      vertex 12.708348609507084 23.162038892507553 1.85
    endloop
  endfacet
  facet normal 0 0 1
    outer loop
      vertex 12.833279475569725 23.029071912169456 1.85
      vertex 12.856698609888554 23.05778055638075 1.85
      vertex 12.729414664208889 23.17973765730858 1.85
    endloop
  endfacet
  facet normal 0 0 1
    outer loop
      vertex 12.807473920285702 23.001849688589573 1.85
      vertex 12.708348609507084 23.162038892507553 1.85
      vertex 12.686088733375072 23.145574688911438 1.85
    endloop
  endfacet
  facet normal 0 0 1
    outer loop
      vertex 12.833279475569725 23.029071912169456 1.85
      vertex 12.729414664208889 23.17973765730858 1.85
      vertex 12.708348609507084 23.162038892507553 1.85
    endloop
  endfacet
  facet normal 0 0 1
    outer loop
      vertex 12.877731330692768 23.08797561377287 1.85
      vertex 12.749286882579327 23.198670990765095 1.85
      vertex 12.729414664208889 23.17973765730858 1.85
    endloop
  endfacet
  facet normal 0 0 1
    outer loop
      vertex 12.896377623081207 23.11965709924698 1.85
      vertex 12.767965279519558 23.21883888542652 1.85
      vertex 12.749286882579327 23.198670990765095 1.85
    endloop
  endfacet
  facet normal -0.9195980368319722 -0.3928605995194514 0
    outer loop
      vertex 11.696526385843754 23.198769442737103 1.85
      vertex 11.670282565057278 23.260200306773186 1.85
      vertex 11.696526385843754 23.198769442737103 1.5
    endloop
  endfacet
  facet normal -0.9495160202338409 -0.313718547936344 0
    outer loop
      vertex 11.670282565057278 23.260200306773186 1.85
      vertex 11.648810341954231 23.32518919557333 1.85
      vertex 11.670282565057278 23.260200306773186 1.5
    endloop
  endfacet
  facet normal -0.9715795030643282 -0.23671347495500372 0
    outer loop
      vertex 11.648810341954231 23.32518919557333 1.85
      vertex 11.632109723985195 23.393736109137535 1.85
      vertex 11.648810341954231 23.32518919557333 1.5
    endloop
  endfacet
  facet normal 0.8929089590174348 0.4502372606819663 0
    outer loop
      vertex 11.997805401682854 23.280743211507797 1.85
      vertex 11.997805401682854 23.280743211507797 1.5
      vertex 11.977398611605167 23.321213886141777 1.85
    endloop
  endfacet
  facet normal 0.7958215247369111 0.6055312549864109 0
    outer loop
      vertex 12.048037499189377 23.207900002598763 1.85
      vertex 12.048037499189377 23.207900002598763 1.5
      vertex 12.02135169506073 23.242971912026405 1.85
    endloop
  endfacet
  facet normal 0.8486113528867679 0.5290167972301913 0
    outer loop
      vertex 12.02135169506073 23.242971912026405 1.85
      vertex 12.02135169506073 23.242971912026405 1.5
      vertex 11.997805401682854 23.280743211507797 1.85
    endloop
  endfacet
  facet normal 0.9284821722240879 0.37137697271376297 0
    outer loop
      vertex 11.977398611605167 23.321213886141777 1.85
      vertex 11.977398611605167 23.321213886141777 1.5
      vertex 11.960131324827671 23.364383950829506 1.85
    endloop
  endfacet
  facet normal 0.9556963966818519 0.29435420392670536 0
    outer loop
      vertex 11.960131324827671 23.364383950829506 1.85
      vertex 11.960131324827671 23.364383950829506 1.5
      vertex 11.946003548800945 23.410253398120403 1.85
    endloop
  endfacet
  facet normal -0.9865895343689515 -0.1632209872340423 0
    outer loop
      vertex 11.632109723985195 23.393736109137535 1.85
      vertex 11.62018071115017 23.4658410474658 1.85
      vertex 11.632109723985195 23.393736109137535 1.5
    endloop
  endfacet
  facet normal -0.995555611281589 -0.09417550024152581 0
    outer loop
      vertex 11.62018071115017 23.4658410474658 1.85
      vertex 11.613023303449154 23.54150401055813 1.85
      vertex 11.62018071115017 23.4658410474658 1.5
    endloop
  endfacet
  facet normal -0.9995468278554844 -0.03010214151914519 0
    outer loop
      vertex 11.613023303449154 23.54150401055813 1.85
      vertex 11.610637500882149 23.620724998414516 1.85
      vertex 11.613023303449154 23.54150401055813 1.5
    endloop
  endfacet
  facet normal 0.9753497972521687 0.22066438996846208 0
    outer loop
      vertex 11.946003548800945 23.410253398120403 1.85
      vertex 11.946003548800945 23.410253398120403 1.5
      vertex 11.93501527607441 23.45882222056389 1.85
    endloop
  endfacet
  facet normal 0.9884834397681624 0.15132907620183747 0
    outer loop
      vertex 11.93501527607441 23.45882222056389 1.85
      vertex 11.93501527607441 23.45882222056389 1.5
      vertex 11.927166514098644 23.510090433061123 1.85
    endloop
  endfacet
  facet normal 0.9962143767277253 0.08693052168824211 0
    outer loop
      vertex 11.927166514098644 23.510090433061123 1.85
      vertex 11.927166514098644 23.510090433061123 1.5
      vertex 11.922457255423069 23.564058028161526 1.85
    endloop
  endfacet
  facet normal 0.999616536426276 0.027690794555870073 0
    outer loop
      vertex 11.922457255423069 23.564058028161526 1.85
      vertex 11.922457255423069 23.564058028161526 1.5
      vertex 11.920887500047684 23.620724998414516 1.85
    endloop
  endfacet
  facet normal -0.733680502344993 0.6794946066590953 0
    outer loop
      vertex 12.749286882579327 23.198670990765095 1.85
      vertex 12.767965279519558 23.21883888542652 1.85
      vertex 12.767965279519558 23.21883888542652 1.5
    endloop
  endfacet
  facet normal -0.7744278171733258 0.6326622764067399 0
    outer loop
      vertex 12.767965279519558 23.21883888542652 1.85
      vertex 12.785449847579002 23.24024135619402 1.85
      vertex 12.785449847579002 23.24024135619402 1.5
    endloop
  endfacet
  facet normal -0.8116691339766735 0.5841174684509589 0
    outer loop
      vertex 12.785449847579002 23.24024135619402 1.85
      vertex 12.80174058675766 23.262878395617008 1.85
      vertex 12.80174058675766 23.262878395617008 1.5
    endloop
  endfacet
  facet normal -0.8451673743693835 0.5345017392876869 0
    outer loop
      vertex 12.80174058675766 23.262878395617008 1.85
      vertex 12.81683749705553 23.286750003695488 1.85
      vertex 12.81683749705553 23.286750003695488 1.5
    endloop
  endfacet
  facet normal 0 0 1
    outer loop
      vertex 11.72754181921482 23.14089660346508 1.85
      vertex 11.977398611605167 23.321213886141777 1.85
      vertex 11.696526385843754 23.198769442737103 1.85
    endloop
  endfacet
  facet normal 0 0 1
    outer loop
      vertex 11.696526385843754 23.198769442737103 1.85
      vertex 11.960131324827671 23.364383950829506 1.85
      vertex 11.670282565057278 23.260200306773186 1.85
    endloop
  endfacet
  facet normal 0 0 1
    outer loop
      vertex 11.670282565057278 23.260200306773186 1.85
      vertex 11.960131324827671 23.364383950829506 1.85
      vertex 11.648810341954231 23.32518919557333 1.85
    endloop
  endfacet
  facet normal 0 0 1
    outer loop
      vertex 11.648810341954231 23.32518919557333 1.85
      vertex 11.946003548800945 23.410253398120403 1.85
      vertex 11.632109723985195 23.393736109137535 1.85
    endloop
  endfacet
  facet normal 0 0 1
    outer loop
      vertex 11.763328857719898 23.08658178895712 1.85
      vertex 12.02135169506073 23.242971912026405 1.85
      vertex 11.997805401682854 23.280743211507797 1.85
    endloop
  endfacet
  facet normal 0 0 1
    outer loop
      vertex 11.72754181921482 23.14089660346508 1.85
      vertex 11.997805401682854 23.280743211507797 1.85
      vertex 11.977398611605167 23.321213886141777 1.85
    endloop
  endfacet
  facet normal 0 0 1
    outer loop
      vertex 11.696526385843754 23.198769442737103 1.85
      vertex 11.977398611605167 23.321213886141777 1.85
      vertex 11.960131324827671 23.364383950829506 1.85
    endloop
  endfacet
  facet normal 0 0 1
    outer loop
      vertex 11.648810341954231 23.32518919557333 1.85
      vertex 11.960131324827671 23.364383950829506 1.85
      vertex 11.946003548800945 23.410253398120403 1.85
    endloop
  endfacet
  facet normal 0 0 1
    outer loop
      vertex 11.632109723985195 23.393736109137535 1.85
      vertex 11.93501527607441 23.45882222056389 1.85
      vertex 11.62018071115017 23.4658410474658 1.85
    endloop
  endfacet
  facet normal 0 0 1
    outer loop
      vertex 11.632109723985195 23.393736109137535 1.85
      vertex 11.946003548800945 23.410253398120403 1.85
      vertex 11.93501527607441 23.45882222056389 1.85
    endloop
  endfacet
  facet normal 0 0 1
    outer loop
      vertex 11.62018071115017 23.4658410474658 1.85
      vertex 11.927166514098644 23.510090433061123 1.85
      vertex 11.613023303449154 23.54150401055813 1.85
    endloop
  endfacet
  facet normal 0 0 1
    outer loop
      vertex 11.62018071115017 23.4658410474658 1.85
      vertex 11.93501527607441 23.45882222056389 1.85
      vertex 11.927166514098644 23.510090433061123 1.85
    endloop
  endfacet
  facet normal 0 0 1
    outer loop
      vertex 11.613023303449154 23.54150401055813 1.85
      vertex 11.927166514098644 23.510090433061123 1.85
      vertex 11.922457255423069 23.564058028161526 1.85
    endloop
  endfacet
  facet normal 0 0 1
    outer loop
      vertex 11.613023303449154 23.54150401055813 1.85
      vertex 11.922457255423069 23.564058028161526 1.85
      vertex 11.610637500882149 23.620724998414516 1.85
    endloop
  endfacet
  facet normal 0 0 1
    outer loop
      vertex 11.922457255423069 23.564058028161526 1.85
      vertex 11.920887500047684 23.620724998414516 1.85
      vertex 11.610637500882149 23.620724998414516 1.85
    endloop
  endfacet
  facet normal 0.6520534482136018 -0.7581730018094498 0
    outer loop
      vertex 12.818820834159851 22.113022223114967 1.85
      vertex 12.818820834159851 22.113022223114967 1.5
      vertex 12.880510650575161 22.166077472269535 1.5
    endloop
  endfacet
  facet normal 0.7319842408690744 -0.6813215622004963 0
    outer loop
      vertex 12.880510650575161 22.166077472269535 1.85
      vertex 12.880510650575161 22.166077472269535 1.5
      vertex 12.937491200864315 22.22729506343603 1.5
    endloop
  endfacet
  facet normal 0.7986921118467408 -0.6017399026770563 0
    outer loop
      vertex 12.937491200864315 22.22729506343603 1.85
      vertex 12.937491200864315 22.22729506343603 1.5
      vertex 12.989762499928474 22.296674996614456 1.5
    endloop
  endfacet
  facet normal 0.8527699706396372 -0.5222866810241982 0
    outer loop
      vertex 12.989762499928474 22.296674996614456 1.85
      vertex 12.989762499928474 22.296674996614456 1.5
      vertex 13.036911264061928 22.37365771830082 1.5
    endloop
  endfacet
  facet normal 0.8961508447452583 -0.4437495503798964 0
    outer loop
      vertex 13.036911264061928 22.37365771830082 1.85
      vertex 13.036911264061928 22.37365771830082 1.5
      vertex 13.078513115644455 22.457672528922558 1.5
    endloop
  endfacet
  facet normal 0.9297523127017029 -0.3681856013287796 0
    outer loop
      vertex 13.078513115644455 22.457672528922558 1.85
      vertex 13.078513115644455 22.457672528922558 1.5
      vertex 13.114568054676056 22.548719443380833 1.5
    endloop
  endfacet
  facet normal -0.9436271094589489 0.3310103900093604 0
    outer loop
      vertex 12.842570833861828 22.641969442367554 1.85
      vertex 12.842570833861828 22.641969442367554 1.5
      vertex 12.819025464355946 22.574847534298897 1.5
    endloop
  endfacet
  facet normal 0.9548718080500865 -0.29701823208543715 0
    outer loop
      vertex 13.114568054676056 22.548719443380833 1.85
      vertex 13.114568054676056 22.548719443380833 1.5
      vertex 13.14507608115673 22.646798454225063 1.5
    endloop
  endfacet
  facet normal -0.9632443563841514 0.2686267110584534 0
    outer loop
      vertex 12.862725466489792 22.71424012631178 1.85
      vertex 12.862725466489792 22.71424012631178 1.5
      vertex 12.842570833861828 22.641969442367554 1.5
    endloop
  endfacet
  facet normal -0.9773501063116539 0.21162884891384448 0
    outer loop
      vertex 12.879489354789257 22.79165957123041 1.85
      vertex 12.879489354789257 22.79165957123041 1.5
      vertex 12.862725466489792 22.71424012631178 1.5
    endloop
  endfacet
  facet normal 0.9729423423599313 -0.23104804358221734 0
    outer loop
      vertex 13.14507608115673 22.646798454225063 1.85
      vertex 13.14507608115673 22.646798454225063 1.5
      vertex 13.170037187635899 22.75190956890583 1.5
    endloop
  endfacet
  facet normal 0.6520534482136018 -0.7581730018094498 0
    outer loop
      vertex 12.818820834159851 22.113022223114967 1.85
      vertex 12.880510650575161 22.166077472269535 1.5
      vertex 12.880510650575161 22.166077472269535 1.85
    endloop
  endfacet
  facet normal 0.7319842408690744 -0.6813215622004963 0
    outer loop
      vertex 12.880510650575161 22.166077472269535 1.85
      vertex 12.937491200864315 22.22729506343603 1.5
      vertex 12.937491200864315 22.22729506343603 1.85
    endloop
  endfacet
  facet normal 0.7986921118467408 -0.6017399026770563 0
    outer loop
      vertex 12.937491200864315 22.22729506343603 1.85
      vertex 12.989762499928474 22.296674996614456 1.5
      vertex 12.989762499928474 22.296674996614456 1.85
    endloop
  endfacet
  facet normal 0.8527699706396372 -0.5222866810241982 0
    outer loop
      vertex 12.989762499928474 22.296674996614456 1.85
      vertex 13.036911264061928 22.37365771830082 1.5
      vertex 13.036911264061928 22.37365771830082 1.85
    endloop
  endfacet
  facet normal 0 0 1
    outer loop
      vertex 12.880510650575161 22.166077472269535 1.85
      vertex 12.937491200864315 22.22729506343603 1.85
      vertex 12.691857561469078 22.359605558216572 1.85
    endloop
  endfacet
  facet normal 0 0 1
    outer loop
      vertex 12.937491200864315 22.22729506343603 1.85
      vertex 12.989762499928474 22.296674996614456 1.85
      vertex 12.728275157511234 22.40481388568878 1.85
    endloop
  endfacet
  facet normal 0.8961508447452583 -0.4437495503798964 0
    outer loop
      vertex 13.036911264061928 22.37365771830082 1.85
      vertex 13.078513115644455 22.457672528922558 1.5
      vertex 13.078513115644455 22.457672528922558 1.85
    endloop
  endfacet
  facet normal 0.9297523127017029 -0.3681856013287796 0
    outer loop
      vertex 13.078513115644455 22.457672528922558 1.85
      vertex 13.114568054676056 22.548719443380833 1.5
      vertex 13.114568054676056 22.548719443380833 1.85
    endloop
  endfacet
  facet normal -0.9436271094589489 0.3310103900093604 0
    outer loop
      vertex 12.819025464355946 22.574847534298897 1.85
      vertex 12.842570833861828 22.641969442367554 1.85
      vertex 12.819025464355946 22.574847534298897 1.5
    endloop
  endfacet
  facet normal -0.9632443563841514 0.2686267110584534 0
    outer loop
      vertex 12.842570833861828 22.641969442367554 1.85
      vertex 12.862725466489792 22.71424012631178 1.85
      vertex 12.842570833861828 22.641969442367554 1.5
    endloop
  endfacet
  facet normal -0.9773501063116539 0.21162884891384448 0
    outer loop
      vertex 12.862725466489792 22.71424012631178 1.85
      vertex 12.879489354789257 22.79165957123041 1.85
      vertex 12.862725466489792 22.71424012631178 1.5
    endloop
  endfacet
  facet normal 0.9548718080500865 -0.29701823208543715 0
    outer loop
      vertex 13.114568054676056 22.548719443380833 1.85
      vertex 13.14507608115673 22.646798454225063 1.5
      vertex 13.14507608115673 22.646798454225063 1.85
    endloop
  endfacet
  facet normal 0.9729423423599313 -0.23104804358221734 0
    outer loop
      vertex 13.14507608115673 22.646798454225063 1.85
      vertex 13.170037187635899 22.75190956890583 1.5
      vertex 13.170037187635899 22.75190956890583 1.85
    endloop
  endfacet
  facet normal 0 0 1
    outer loop
      vertex 12.989762499928474 22.296674996614456 1.85
      vertex 12.761762499809265 22.456050001084805 1.85
      vertex 12.728275157511234 22.40481388568878 1.85
    endloop
  endfacet
  facet normal 0 0 1
    outer loop
      vertex 12.989762499928474 22.296674996614456 1.85
      vertex 13.036911264061928 22.37365771830082 1.85
      vertex 12.761762499809265 22.456050001084805 1.85
    endloop
  endfacet
  facet normal 0 0 1
    outer loop
      vertex 13.036911264061928 22.37365771830082 1.85
      vertex 12.792089350521564 22.512874379754066 1.85
      vertex 12.761762499809265 22.456050001084805 1.85
    endloop
  endfacet
  facet normal 0 0 1
    outer loop
      vertex 13.036911264061928 22.37365771830082 1.85
      vertex 13.078513115644455 22.457672528922558 1.85
      vertex 12.792089350521564 22.512874379754066 1.85
    endloop
  endfacet
  facet normal 0 0 1
    outer loop
      vertex 13.078513115644455 22.457672528922558 1.85
      vertex 12.819025464355946 22.574847534298897 1.85
      vertex 12.792089350521564 22.512874379754066 1.85
    endloop
  endfacet
  facet normal 0 0 1
    outer loop
      vertex 13.078513115644455 22.457672528922558 1.85
      vertex 13.114568054676056 22.548719443380833 1.85
      vertex 12.819025464355946 22.574847534298897 1.85
    endloop
  endfacet
  facet normal 0 0 1
    outer loop
      vertex 13.114568054676056 22.548719443380833 1.85
      vertex 12.842570833861828 22.641969442367554 1.85
      vertex 12.819025464355946 22.574847534298897 1.85
    endloop
  endfacet
  facet normal 0 0 1
    outer loop
      vertex 12.842570833861828 22.641969442367554 1.85
      vertex 13.14507608115673 22.646798454225063 1.85
      vertex 12.862725466489792 22.71424012631178 1.85
    endloop
  endfacet
  facet normal 0 0 1
    outer loop
      vertex 13.114568054676056 22.548719443380833 1.85
      vertex 13.14507608115673 22.646798454225063 1.85
      vertex 12.842570833861828 22.641969442367554 1.85
    endloop
  endfacet
  facet normal 0 0 1
    outer loop
      vertex 13.14507608115673 22.646798454225063 1.85
      vertex 12.879489354789257 22.79165957123041 1.85
      vertex 12.862725466489792 22.71424012631178 1.85
    endloop
  endfacet
  facet normal 0 0 1
    outer loop
      vertex 13.14507608115673 22.646798454225063 1.85
      vertex 13.170037187635899 22.75190956890583 1.85
      vertex 12.879489354789257 22.79165957123041 1.85
    endloop
  endfacet
  facet normal -0.9871362410499085 0.15988133601473567 0
    outer loop
      vertex 12.892862498760223 22.87422777712345 1.85
      vertex 12.892862498760223 22.87422777712345 1.5
      vertex 12.879489354789257 22.79165957123041 1.5
    endloop
  endfacet
  facet normal -0.9935867274425174 0.1130726096367669 0
    outer loop
      vertex 12.902844905853271 22.96194475144148 1.85
      vertex 12.902844905853271 22.96194475144148 1.5
      vertex 12.892862498760223 22.87422777712345 1.5
    endloop
  endfacet
  facet normal 0.9853434185670924 -0.1705823774207518 0
    outer loop
      vertex 13.170037187635899 22.75190956890583 1.85
      vertex 13.170037187635899 22.75190956890583 1.5
      vertex 13.189451389014721 22.864052779972553 1.5
    endloop
  endfacet
  facet normal 0.9932981136438612 -0.1155805235822494 0
    outer loop
      vertex 13.189451389014721 22.864052779972553 1.85
      vertex 13.189451389014721 22.864052779972553 1.5
      vertex 13.203318670392036 22.983228087425232 1.5
    endloop
  endfacet
  facet normal 0.725738612820721 -0.6879705414195112 0
    outer loop
      vertex 12.807473920285702 23.001849688589573 1.85
      vertex 12.807473920285702 23.001849688589573 1.5
      vertex 12.833279475569725 23.029071912169456 1.5
    endloop
  endfacet
  facet normal 0.7748792384512756 -0.6321092989485054 0
    outer loop
      vertex 12.833279475569725 23.029071912169456 1.85
      vertex 12.833279475569725 23.029071912169456 1.5
      vertex 12.856698609888554 23.05778055638075 1.5
    endloop
  endfacet
  facet normal -0.9974903532990176 0.07080250755023464 0
    outer loop
      vertex 12.909436576068401 23.054810494184494 1.85
      vertex 12.909436576068401 23.054810494184494 1.5
      vertex 12.902844905853271 22.96194475144148 1.5
    endloop
  endfacet
  facet normal 0.8205551784603837 -0.5715673180840974 0
    outer loop
      vertex 12.856698609888554 23.05778055638075 1.85
      vertex 12.856698609888554 23.05778055638075 1.5
      vertex 12.877731330692768 23.08797561377287 1.5
    endloop
  endfacet
  facet normal 0.8618138316922233 -0.5072247228832288 0
    outer loop
      vertex 12.877731330692768 23.08797561377287 1.85
      vertex 12.877731330692768 23.08797561377287 1.5
      vertex 12.896377623081207 23.11965709924698 1.5
    endloop
  endfacet
  facet normal -0.9994671642791134 0.03264027462917235 0
    outer loop
      vertex 12.912637501955032 23.152824997901917 1.85
      vertex 12.912637501955032 23.152824997901917 1.5
      vertex 12.909436576068401 23.054810494184494 1.5
    endloop
  endfacet
  facet normal 0.8979088992965628 -0.4401813360014654 0
    outer loop
      vertex 12.896377623081207 23.11965709924698 1.85
      vertex 12.896377623081207 23.11965709924698 1.5
      vertex 12.912637501955032 23.152824997901917 1.5
    endloop
  endfacet
  facet normal 0.9978339253731109 -0.06578341260902071 0
    outer loop
      vertex 13.203318670392036 22.983228087425232 1.85
      vertex 13.203318670392036 22.983228087425232 1.5
      vertex 13.211639046669006 23.109435491263866 1.5
    endloop
  endfacet
  facet normal 0.9997834264029363 -0.02081106172218278 0
    outer loop
      vertex 13.211639046669006 23.109435491263866 1.85
      vertex 13.211639046669006 23.109435491263866 1.5
      vertex 13.21441250294447 23.242674998939037 1.5
    endloop
  endfacet
  facet normal -0.8758629972080925 0.48255985133624313 0
    outer loop
      vertex 12.81683749705553 23.286750003695488 1.85
      vertex 12.83053719252348 23.31161542981863 1.5
      vertex 12.81683749705553 23.286750003695488 1.5
    endloop
  endfacet
  facet normal -0.9043804470394874 0.4267270872731857 0
    outer loop
      vertex 12.83053719252348 23.31161542981863 1.85
      vertex 12.84262515604496 23.33723395317793 1.5
      vertex 12.83053719252348 23.31161542981863 1.5
    endloop
  endfacet
  facet normal -0.9293540173872888 0.3691898026301737 0
    outer loop
      vertex 12.84262515604496 23.33723395317793 1.85
      vertex 12.853101387619972 23.363605558872223 1.5
      vertex 12.84262515604496 23.33723395317793 1.5
    endloop
  endfacet
  facet normal -0.9505282269670288 0.3106381974885197 0
    outer loop
      vertex 12.853101387619972 23.363605558872223 1.85
      vertex 12.861965894699097 23.390730246901512 1.5
      vertex 12.853101387619972 23.363605558872223 1.5
    endloop
  endfacet
  facet normal -0.9677840032185872 0.2517818959222557 0
    outer loop
      vertex 12.861965894699097 23.390730246901512 1.85
      vertex 12.869218669831753 23.418608024716377 1.5
      vertex 12.861965894699097 23.390730246901512 1.5
    endloop
  endfacet
  facet normal 0.9998037307914583 0.01981161011834209 0
    outer loop
      vertex 13.21441250294447 23.242674998939037 1.85
      vertex 13.21441250294447 23.242674998939037 1.5
      vertex 13.211879782378674 23.37049012631178 1.5
    endloop
  endfacet
  facet normal 0.9980175977337579 0.0629354797688797 0
    outer loop
      vertex 13.211879782378674 23.37049012631178 1.85
      vertex 13.211879782378674 23.37049012631178 1.5
      vertex 13.204281635582447 23.490979939699173 1.5
    endloop
  endfacet
  facet normal -0.9811376326258342 0.1933104907794027 0
    outer loop
      vertex 12.869218669831753 23.418608024716377 1.85
      vertex 12.874859720468521 23.44723889231682 1.5
      vertex 12.869218669831753 23.418608024716377 1.5
    endloop
  endfacet
  facet normal -0.9907286732992974 0.13585542279428514 0
    outer loop
      vertex 12.874859720468521 23.44723889231682 1.85
      vertex 12.878889046609402 23.476622842252254 1.5
      vertex 12.874859720468521 23.44723889231682 1.5
    endloop
  endfacet
  facet normal -0.9967978384217647 0.07996292464447033 0
    outer loop
      vertex 12.878889046609402 23.476622842252254 1.85
      vertex 12.881306633353233 23.506759874522686 1.5
      vertex 12.878889046609402 23.476622842252254 1.5
    endloop
  endfacet
  facet normal -0.9996598748139542 0.026079391997308955 0
    outer loop
      vertex 12.881306633353233 23.506759874522686 1.85
      vertex 12.882112503051758 23.537649996578693 1.5
      vertex 12.881306633353233 23.506759874522686 1.5
    endloop
  endfacet
  facet normal -0.9996607424392917 -0.026046113447577866 0
    outer loop
      vertex 12.882112503051758 23.537649996578693 1.85
      vertex 12.880480095744133 23.60030247271061 1.5
      vertex 12.882112503051758 23.537649996578693 1.5
    endloop
  endfacet
  facet normal -0.9966711072103823 -0.08152732089324823 0
    outer loop
      vertex 12.880480095744133 23.60030247271061 1.85
      vertex 12.875582873821259 23.66017098724842 1.5
      vertex 12.880480095744133 23.60030247271061 1.5
    endloop
  endfacet
  facet normal 0.9937969263846494 0.11121002251786292 0
    outer loop
      vertex 13.204281635582447 23.490979939699173 1.85
      vertex 13.204281635582447 23.490979939699173 1.5
      vertex 13.19161805510521 23.6041444465518 1.5
    endloop
  endfacet
  facet normal -0.9871362410499085 0.15988133601473567 0
    outer loop
      vertex 12.879489354789257 22.79165957123041 1.85
      vertex 12.892862498760223 22.87422777712345 1.85
      vertex 12.879489354789257 22.79165957123041 1.5
    endloop
  endfacet
  facet normal -0.9935867274425174 0.1130726096367669 0
    outer loop
      vertex 12.892862498760223 22.87422777712345 1.85
      vertex 12.902844905853271 22.96194475144148 1.85
      vertex 12.892862498760223 22.87422777712345 1.5
    endloop
  endfacet
  facet normal 0.9853434185670924 -0.1705823774207518 0
    outer loop
      vertex 13.170037187635899 22.75190956890583 1.85
      vertex 13.189451389014721 22.864052779972553 1.5
      vertex 13.189451389014721 22.864052779972553 1.85
    endloop
  endfacet
  facet normal 0.9932981136438612 -0.1155805235822494 0
    outer loop
      vertex 13.189451389014721 22.864052779972553 1.85
      vertex 13.203318670392036 22.983228087425232 1.5
      vertex 13.203318670392036 22.983228087425232 1.85
    endloop
  endfacet
  facet normal 0.725738612820721 -0.6879705414195112 0
    outer loop
      vertex 12.807473920285702 23.001849688589573 1.85
      vertex 12.833279475569725 23.029071912169456 1.5
      vertex 12.833279475569725 23.029071912169456 1.85
    endloop
  endfacet
  facet normal -0.9974903532990176 0.07080250755023464 0
    outer loop
      vertex 12.902844905853271 22.96194475144148 1.85
      vertex 12.909436576068401 23.054810494184494 1.85
      vertex 12.902844905853271 22.96194475144148 1.5
    endloop
  endfacet
  facet normal 0.7748792384512756 -0.6321092989485054 0
    outer loop
      vertex 12.833279475569725 23.029071912169456 1.85
      vertex 12.856698609888554 23.05778055638075 1.5
      vertex 12.856698609888554 23.05778055638075 1.85
    endloop
  endfacet
  facet normal 0.8205551784603837 -0.5715673180840974 0
    outer loop
      vertex 12.856698609888554 23.05778055638075 1.85
      vertex 12.877731330692768 23.08797561377287 1.5
      vertex 12.877731330692768 23.08797561377287 1.85
    endloop
  endfacet
  facet normal -0.9994671642791134 0.03264027462917235 0
    outer loop
      vertex 12.909436576068401 23.054810494184494 1.85
      vertex 12.912637501955032 23.152824997901917 1.85
      vertex 12.909436576068401 23.054810494184494 1.5
    endloop
  endfacet
  facet normal 0.8618138316922233 -0.5072247228832288 0
    outer loop
      vertex 12.877731330692768 23.08797561377287 1.85
      vertex 12.896377623081207 23.11965709924698 1.5
      vertex 12.896377623081207 23.11965709924698 1.85
    endloop
  endfacet
  facet normal 0.8979088992965628 -0.4401813360014654 0
    outer loop
      vertex 12.896377623081207 23.11965709924698 1.85
      vertex 12.912637501955032 23.152824997901917 1.5
      vertex 12.912637501955032 23.152824997901917 1.85
    endloop
  endfacet
  facet normal 0.9978339253731109 -0.06578341260902071 0
    outer loop
      vertex 13.203318670392036 22.983228087425232 1.85
      vertex 13.211639046669006 23.109435491263866 1.5
      vertex 13.211639046669006 23.109435491263866 1.85
    endloop
  endfacet
  facet normal 0.9997834264029363 -0.02081106172218278 0
    outer loop
      vertex 13.211639046669006 23.109435491263866 1.85
      vertex 13.21441250294447 23.242674998939037 1.5
      vertex 13.21441250294447 23.242674998939037 1.85
    endloop
  endfacet
  facet normal 0 0 1
    outer loop
      vertex 12.879489354789257 22.79165957123041 1.85
      vertex 13.170037187635899 22.75190956890583 1.85
      vertex 12.892862498760223 22.87422777712345 1.85
    endloop
  endfacet
  facet normal 0 0 1
    outer loop
      vertex 13.170037187635899 22.75190956890583 1.85
      vertex 13.189451389014721 22.864052779972553 1.85
      vertex 12.892862498760223 22.87422777712345 1.85
    endloop
  endfacet
  facet normal 0 0 1
    outer loop
      vertex 12.892862498760223 22.87422777712345 1.85
      vertex 13.189451389014721 22.864052779972553 1.85
      vertex 12.902844905853271 22.96194475144148 1.85
    endloop
  endfacet
  facet normal 0 0 1
    outer loop
      vertex 13.189451389014721 22.864052779972553 1.85
      vertex 13.203318670392036 22.983228087425232 1.85
      vertex 12.902844905853271 22.96194475144148 1.85
    endloop
  endfacet
  facet normal 0 0 1
    outer loop
      vertex 12.902844905853271 22.96194475144148 1.85
      vertex 13.203318670392036 22.983228087425232 1.85
      vertex 12.909436576068401 23.054810494184494 1.85
    endloop
  endfacet
  facet normal 0 0 1
    outer loop
      vertex 13.203318670392036 22.983228087425232 1.85
      vertex 13.211639046669006 23.109435491263866 1.85
      vertex 12.909436576068401 23.054810494184494 1.85
    endloop
  endfacet
  facet normal 0 0 1
    outer loop
      vertex 12.856698609888554 23.05778055638075 1.85
      vertex 12.877731330692768 23.08797561377287 1.85
      vertex 12.729414664208889 23.17973765730858 1.85
    endloop
  endfacet
  facet normal 0 0 1
    outer loop
      vertex 12.877731330692768 23.08797561377287 1.85
      vertex 12.896377623081207 23.11965709924698 1.85
      vertex 12.749286882579327 23.198670990765095 1.85
    endloop
  endfacet
  facet normal 0 0 1
    outer loop
      vertex 12.896377623081207 23.11965709924698 1.85
      vertex 12.912637501955032 23.152824997901917 1.85
      vertex 12.767965279519558 23.21883888542652 1.85
    endloop
  endfacet
  facet normal 0 0 1
    outer loop
      vertex 12.909436576068401 23.054810494184494 1.85
      vertex 13.211639046669006 23.109435491263866 1.85
      vertex 12.912637501955032 23.152824997901917 1.85
    endloop
  endfacet
  facet normal 0 0 1
    outer loop
      vertex 13.211639046669006 23.109435491263866 1.85
      vertex 13.21441250294447 23.242674998939037 1.85
      vertex 12.912637501955032 23.152824997901917 1.85
    endloop
  endfacet
  facet normal -0.8758629972080925 0.48255985133624313 0
    outer loop
      vertex 12.81683749705553 23.286750003695488 1.85
      vertex 12.83053719252348 23.31161542981863 1.85
      vertex 12.83053719252348 23.31161542981863 1.5
    endloop
  endfacet
  facet normal -0.9043804470394874 0.4267270872731857 0
    outer loop
      vertex 12.83053719252348 23.31161542981863 1.85
      vertex 12.84262515604496 23.33723395317793 1.85
      vertex 12.84262515604496 23.33723395317793 1.5
    endloop
  endfacet
  facet normal -0.9293540173872888 0.3691898026301737 0
    outer loop
      vertex 12.84262515604496 23.33723395317793 1.85
      vertex 12.853101387619972 23.363605558872223 1.85
      vertex 12.853101387619972 23.363605558872223 1.5
    endloop
  endfacet
  facet normal -0.9505282269670288 0.3106381974885197 0
    outer loop
      vertex 12.853101387619972 23.363605558872223 1.85
      vertex 12.861965894699097 23.390730246901512 1.85
      vertex 12.861965894699097 23.390730246901512 1.5
    endloop
  endfacet
  facet normal -0.9677840032185872 0.2517818959222557 0
    outer loop
      vertex 12.861965894699097 23.390730246901512 1.85
      vertex 12.869218669831753 23.418608024716377 1.85
      vertex 12.869218669831753 23.418608024716377 1.5
    endloop
  endfacet
  facet normal 0.9998037307914583 0.01981161011834209 0
    outer loop
      vertex 13.21441250294447 23.242674998939037 1.85
      vertex 13.211879782378674 23.37049012631178 1.5
      vertex 13.211879782378674 23.37049012631178 1.85
    endloop
  endfacet
  facet normal -0.9811376326258342 0.1933104907794027 0
    outer loop
      vertex 12.869218669831753 23.418608024716377 1.85
      vertex 12.874859720468521 23.44723889231682 1.85
      vertex 12.874859720468521 23.44723889231682 1.5
    endloop
  endfacet
  facet normal -0.9907286732992974 0.13585542279428514 0
    outer loop
      vertex 12.874859720468521 23.44723889231682 1.85
      vertex 12.878889046609402 23.476622842252254 1.85
      vertex 12.878889046609402 23.476622842252254 1.5
    endloop
  endfacet
  facet normal -0.9967978384217647 0.07996292464447033 0
    outer loop
      vertex 12.878889046609402 23.476622842252254 1.85
      vertex 12.881306633353233 23.506759874522686 1.85
      vertex 12.881306633353233 23.506759874522686 1.5
    endloop
  endfacet
  facet normal -0.9996598748139542 0.026079391997308955 0
    outer loop
      vertex 12.881306633353233 23.506759874522686 1.85
      vertex 12.882112503051758 23.537649996578693 1.85
      vertex 12.882112503051758 23.537649996578693 1.5
    endloop
  endfacet
  facet normal -0.9996607424392917 -0.026046113447577866 0
    outer loop
      vertex 12.882112503051758 23.537649996578693 1.85
      vertex 12.880480095744133 23.60030247271061 1.85
      vertex 12.880480095744133 23.60030247271061 1.5
    endloop
  endfacet
  facet normal 0.9980175977337579 0.0629354797688797 0
    outer loop
      vertex 13.211879782378674 23.37049012631178 1.85
      vertex 13.204281635582447 23.490979939699173 1.5
      vertex 13.204281635582447 23.490979939699173 1.85
    endloop
  endfacet
  facet normal 0.9937969263846494 0.11121002251786292 0
    outer loop
      vertex 13.204281635582447 23.490979939699173 1.85
      vertex 13.19161805510521 23.6041444465518 1.5
      vertex 13.19161805510521 23.6041444465518 1.85
    endloop
  endfacet
  facet normal 0 0 1
    outer loop
      vertex 12.912637501955032 23.152824997901917 1.85
      vertex 12.785449847579002 23.24024135619402 1.85
      vertex 12.767965279519558 23.21883888542652 1.85
    endloop
  endfacet
  facet normal 0 0 1
    outer loop
      vertex 12.912637501955032 23.152824997901917 1.85
      vertex 12.80174058675766 23.262878395617008 1.85
      vertex 12.785449847579002 23.24024135619402 1.85
    endloop
  endfacet
  facet normal 0 0 1
    outer loop
      vertex 12.912637501955032 23.152824997901917 1.85
      vertex 12.81683749705553 23.286750003695488 1.85
      vertex 12.80174058675766 23.262878395617008 1.85
    endloop
  endfacet
  facet normal 0 0 1
    outer loop
      vertex 12.912637501955032 23.152824997901917 1.85
      vertex 12.83053719252348 23.31161542981863 1.85
      vertex 12.81683749705553 23.286750003695488 1.85
    endloop
  endfacet
  facet normal 0 0 1
    outer loop
      vertex 13.21441250294447 23.242674998939037 1.85
      vertex 12.84262515604496 23.33723395317793 1.85
      vertex 12.83053719252348 23.31161542981863 1.85
    endloop
  endfacet
  facet normal 0 0 1
    outer loop
      vertex 12.912637501955032 23.152824997901917 1.85
      vertex 13.21441250294447 23.242674998939037 1.85
      vertex 12.83053719252348 23.31161542981863 1.85
    endloop
  endfacet
  facet normal 0 0 1
    outer loop
      vertex 13.21441250294447 23.242674998939037 1.85
      vertex 12.853101387619972 23.363605558872223 1.85
      vertex 12.84262515604496 23.33723395317793 1.85
    endloop
  endfacet
  facet normal 0 0 1
    outer loop
      vertex 13.21441250294447 23.242674998939037 1.85
      vertex 12.861965894699097 23.390730246901512 1.85
      vertex 12.853101387619972 23.363605558872223 1.85
    endloop
  endfacet
  facet normal 0 0 1
    outer loop
      vertex 13.21441250294447 23.242674998939037 1.85
      vertex 13.211879782378674 23.37049012631178 1.85
      vertex 12.861965894699097 23.390730246901512 1.85
    endloop
  endfacet
  facet normal 0 0 1
    outer loop
      vertex 12.861965894699097 23.390730246901512 1.85
      vertex 13.211879782378674 23.37049012631178 1.85
      vertex 12.869218669831753 23.418608024716377 1.85
    endloop
  endfacet
  facet normal 0 0 1
    outer loop
      vertex 12.869218669831753 23.418608024716377 1.85
      vertex 13.211879782378674 23.37049012631178 1.85
      vertex 12.874859720468521 23.44723889231682 1.85
    endloop
  endfacet
  facet normal 0 0 1
    outer loop
      vertex 13.211879782378674 23.37049012631178 1.85
      vertex 12.878889046609402 23.476622842252254 1.85
      vertex 12.874859720468521 23.44723889231682 1.85
    endloop
  endfacet
  facet normal 0 0 1
    outer loop
      vertex 13.211879782378674 23.37049012631178 1.85
      vertex 13.204281635582447 23.490979939699173 1.85
      vertex 12.878889046609402 23.476622842252254 1.85
    endloop
  endfacet
  facet normal 0 0 1
    outer loop
      vertex 12.878889046609402 23.476622842252254 1.85
      vertex 13.204281635582447 23.490979939699173 1.85
      vertex 12.881306633353233 23.506759874522686 1.85
    endloop
  endfacet
  facet normal 0 0 1
    outer loop
      vertex 13.204281635582447 23.490979939699173 1.85
      vertex 12.882112503051758 23.537649996578693 1.85
      vertex 12.881306633353233 23.506759874522686 1.85
    endloop
  endfacet
  facet normal 0 0 1
    outer loop
      vertex 13.204281635582447 23.490979939699173 1.85
      vertex 13.19161805510521 23.6041444465518 1.85
      vertex 12.882112503051758 23.537649996578693 1.85
    endloop
  endfacet
  facet normal 0 0 1
    outer loop
      vertex 12.882112503051758 23.537649996578693 1.85
      vertex 13.19161805510521 23.6041444465518 1.85
      vertex 12.880480095744133 23.60030247271061 1.85
    endloop
  endfacet
  facet normal 0.9853026993425651 -0.17081741910078957 0
    outer loop
      vertex 10.250165276229382 23.648880556225777 1.85
      vertex 10.250165276229382 23.648880556225777 1.5
      vertex 10.258066512644291 23.694456174969673 1.5
    endloop
  endfacet
  facet normal 0.9950953688395032 -0.09892020478230382 0
    outer loop
      vertex 10.258066512644291 23.694456174969673 1.85
      vertex 10.258066512644291 23.694456174969673 1.5
      vertex 10.262807250022888 23.742145985364914 1.5
    endloop
  endfacet
  facet normal 0.9994970012913313 -0.031713473629299306 0
    outer loop
      vertex 10.262807250022888 23.742145985364914 1.85
      vertex 10.262807250022888 23.742145985364914 1.5
      vertex 10.264387503266335 23.79195000231266 1.5
    endloop
  endfacet
  facet normal 0.999278019516051 0.03799262707524486 0
    outer loop
      vertex 10.264387503266335 23.79195000231266 1.85
      vertex 10.264387503266335 23.79195000231266 1.5
      vertex 10.261928237974644 23.856633335351944 1.5
    endloop
  endfacet
  facet normal 0.9928670722427367 0.11922657780938062 0
    outer loop
      vertex 10.261928237974644 23.856633335351944 1.85
      vertex 10.261928237974644 23.856633335351944 1.5
      vertex 10.254550464451313 23.91807222366333 1.5
    endloop
  endfacet
  facet normal 0.9783975614011098 0.2067322225594298 0
    outer loop
      vertex 10.254550464451313 23.91807222366333 1.85
      vertex 10.254550464451313 23.91807222366333 1.5
      vertex 10.242254167795181 23.97626666724682 1.5
    endloop
  endfacet
  facet normal -0.9994905591539636 0.03191586066671569 0
    outer loop
      vertex 11.613232873380184 23.70200277864933 1.85
      vertex 11.613232873380184 23.70200277864933 1.5
      vertex 11.610637500882149 23.620724998414516 1.5
    endloop
  endfacet
  facet normal -0.9949682980503605 0.10019024840157364 0
    outer loop
      vertex 11.62101898342371 23.779325000941753 1.85
      vertex 11.62101898342371 23.779325000941753 1.5
      vertex 11.613232873380184 23.70200277864933 1.5
    endloop
  endfacet
  facet normal -0.9847150560041271 0.1741730704752854 0
    outer loop
      vertex 11.633995831012726 23.852691665291786 1.85
      vertex 11.633995831012726 23.852691665291786 1.5
      vertex 11.62101898342371 23.779325000941753 1.5
    endloop
  endfacet
  facet normal 0.9996013329090825 -0.028234292029120808 0
    outer loop
      vertex 11.922457255423069 23.676300309598446 1.85
      vertex 11.920887500047684 23.620724998414516 1.5
      vertex 11.922457255423069 23.676300309598446 1.5
    endloop
  endfacet
  facet normal 0.9960697054021389 -0.08857280609812541 0
    outer loop
      vertex 11.927166514098644 23.729259565472603 1.85
      vertex 11.922457255423069 23.676300309598446 1.5
      vertex 11.927166514098644 23.729259565472603 1.5
    endloop
  endfacet
  facet normal 0.9880639622993935 -0.15404417030586573 0
    outer loop
      vertex 11.93501527607441 23.77960278093815 1.85
      vertex 11.927166514098644 23.729259565472603 1.5
      vertex 11.93501527607441 23.77960278093815 1.5
    endloop
  endfacet
  facet normal 0.9745059848816905 -0.22436150612296824 0
    outer loop
      vertex 11.946003548800945 23.82732994109392 1.85
      vertex 11.93501527607441 23.77960278093815 1.5
      vertex 11.946003548800945 23.82732994109392 1.5
    endloop
  endfacet
  facet normal -0.9674115248766441 0.2532092840632945 0
    outer loop
      vertex 11.652163423597813 23.92210277915001 1.85
      vertex 11.652163423597813 23.92210277915001 1.5
      vertex 11.633995831012726 23.852691665291786 1.5
    endloop
  endfacet
  facet normal -0.9418268644655812 0.3360984340501034 0
    outer loop
      vertex 11.67552176117897 23.98755833506584 1.85
      vertex 11.67552176117897 23.98755833506584 1.5
      vertex 11.652163423597813 23.92210277915001 1.5
    endloop
  endfacet
  facet normal -0.9070342894879274 0.4210567630297968 0
    outer loop
      vertex 11.704070836305618 24.049058333039284 1.85
      vertex 11.704070836305618 24.049058333039284 1.5
      vertex 11.67552176117897 23.98755833506584 1.5
    endloop
  endfacet
  facet normal 0.9542957715883587 -0.2988638156896536 0
    outer loop
      vertex 11.960131324827671 23.872441045939922 1.85
      vertex 11.946003548800945 23.82732994109392 1.5
      vertex 11.960131324827671 23.872441045939922 1.5
    endloop
  endfacet
  facet normal 0.9264386989825704 -0.37644566278213665 0
    outer loop
      vertex 11.977398611605167 23.91493611037731 1.85
      vertex 11.960131324827671 23.872441045939922 1.5
      vertex 11.977398611605167 23.91493611037731 1.5
    endloop
  endfacet
  facet normal 0.890215825619666 -0.4555390036169203 0
    outer loop
      vertex 11.997805401682854 23.95481512695551 1.85
      vertex 11.977398611605167 23.91493611037731 1.5
      vertex 11.997805401682854 23.95481512695551 1.5
    endloop
  endfacet
  facet normal 0.8453681050536648 -0.5341842069529723 0
    outer loop
      vertex 12.02135169506073 23.992078088223934 1.85
      vertex 11.997805401682854 23.95481512695551 1.5
      vertex 12.02135169506073 23.992078088223934 1.5
    endloop
  endfacet
  facet normal 0.7922444435307335 -0.6102038525727924 0
    outer loop
      vertex 12.048037499189377 24.026725001633167 1.85
      vertex 12.02135169506073 23.992078088223934 1.5
      vertex 12.048037499189377 24.026725001633167 1.5
    endloop
  endfacet
  facet normal -0.869796943462709 -0.49340984702671764 0
    outer loop
      vertex 12.802124537527561 23.91775432229042 1.85
      vertex 12.777638427913189 23.96091913431883 1.5
      vertex 12.802124537527561 23.91775432229042 1.5
    endloop
  endfacet
  facet normal -0.8241459621614623 -0.5663774651704971 0
    outer loop
      vertex 12.777638427913189 23.96091913431883 1.85
      vertex 12.749887503683567 24.001299999654293 1.5
      vertex 12.777638427913189 23.96091913431883 1.5
    endloop
  endfacet
  facet normal -0.7702454883267911 -0.6377475109416133 0
    outer loop
      vertex 12.749887503683567 24.001299999654293 1.85
      vertex 12.719394601881504 24.038128085434437 1.5
      vertex 12.749887503683567 24.001299999654293 1.5
    endloop
  endfacet
  facet normal -0.8626530952961333 0.5057960430608371 0
    outer loop
      vertex 11.737810648977757 24.106602780520916 1.85
      vertex 11.737810648977757 24.106602780520916 1.5
      vertex 11.704070836305618 24.049058333039284 1.5
    endloop
  endfacet
  facet normal -0.8090460662676758 0.5877452361838414 0
    outer loop
      vertex 11.776741206645966 24.160191670060158 1.85
      vertex 11.776741206645966 24.160191670060158 1.5
      vertex 11.737810648977757 24.106602780520916 1.5
    endloop
  endfacet
  facet normal -0.7473885449431799 0.6643872085521487 0
    outer loop
      vertex 11.820862501859665 24.20982500165701 1.85
      vertex 11.820862501859665 24.20982500165701 1.5
      vertex 11.776741206645966 24.160191670060158 1.5
    endloop
  endfacet
  facet normal 0.7308934860902967 -0.6824915471936435 0
    outer loop
      vertex 12.077443979680538 24.058216974139214 1.85
      vertex 12.048037499189377 24.026725001633167 1.5
      vertex 12.077443979680538 24.058216974139214 1.5
    endloop
  endfacet
  facet normal 0.6590718823304943 -0.7520799518145256 0
    outer loop
      vertex 12.10915231704712 24.08600401133299 1.85
      vertex 12.077443979680538 24.058216974139214 1.5
      vertex 12.10915231704712 24.08600401133299 1.5
    endloop
  endfacet
  facet normal 0.5778824404826687 -0.8161200187360893 0
    outer loop
      vertex 12.143162496387959 24.110086113214493 1.85
      vertex 12.10915231704712 24.08600401133299 1.5
      vertex 12.143162496387959 24.110086113214493 1.5
    endloop
  endfacet
  facet normal 0.4893786267877157 -0.8720714188891697 0
    outer loop
      vertex 12.179474540054798 24.130463272333145 1.85
      vertex 12.143162496387959 24.110086113214493 1.5
      vertex 12.179474540054798 24.130463272333145 1.5
    endloop
  endfacet
  facet normal -0.6784136217745281 0.7346801738108683 0
    outer loop
      vertex 11.869609102606773 24.25483827292919 1.85
      vertex 11.869609102606773 24.25483827292919 1.5
      vertex 11.820862501859665 24.20982500165701 1.5
    endloop
  endfacet
  facet normal -0.6010913362617316 0.7991803335112082 0
    outer loop
      vertex 11.92241558432579 24.294555865228176 1.85
      vertex 11.92241558432579 24.294555865228176 1.5
      vertex 11.869609102606773 24.25483827292919 1.5
    endloop
  endfacet
  facet normal -0.5178334973430383 0.8554814252977544 0
    outer loop
      vertex 11.979281947016716 24.328977778553963 1.85
      vertex 11.979281947016716 24.328977778553963 1.5
      vertex 11.92241558432579 24.294555865228176 1.5
    endloop
  endfacet
  facet normal -0.43130609057411456 0.9022056618275425 0
    outer loop
      vertex 12.040208175778389 24.35810401290655 1.85
      vertex 12.040208175778389 24.35810401290655 1.5
      vertex 11.979281947016716 24.328977778553963 1.5
    endloop
  endfacet
  facet normal -0.3442840975960429 0.9388655176022168 0
    outer loop
      vertex 12.105194292962551 24.381934568285942 1.85
      vertex 12.105194292962551 24.381934568285942 1.5
      vertex 12.040208175778389 24.35810401290655 1.5
    endloop
  endfacet
  facet normal -0.25926354260265805 0.9658066139124952 0
    outer loop
      vertex 12.17424027621746 24.400469444692135 1.85
      vertex 12.17424027621746 24.400469444692135 1.5
      vertex 12.105194292962551 24.381934568285942 1.5
    endloop
  endfacet
  facet normal 0.3963968575985887 -0.9180792619844782 0
    outer loop
      vertex 12.218088425695896 24.147135496139526 1.85
      vertex 12.179474540054798 24.130463272333145 1.5
      vertex 12.218088425695896 24.147135496139526 1.5
    endloop
  endfacet
  facet normal 0.30211677065593134 -0.9532709252297751 0
    outer loop
      vertex 12.259004168212414 24.160102777183056 1.85
      vertex 12.218088425695896 24.147135496139526 1.5
      vertex 12.259004168212414 24.160102777183056 1.5
    endloop
  endfacet
  facet normal 0.2095600905201152 -0.977795770322822 0
    outer loop
      vertex 12.30222176015377 24.169365122914314 1.85
      vertex 12.259004168212414 24.160102777183056 1.5
      vertex 12.30222176015377 24.169365122914314 1.5
    endloop
  endfacet
  facet normal 0.12118886301240873 -0.9926294673652195 0
    outer loop
      vertex 12.347741201519966 24.1749225333333 1.85
      vertex 12.30222176015377 24.169365122914314 1.5
      vertex 12.347741201519966 24.1749225333333 1.5
    endloop
  endfacet
  facet normal 0.03870826180937375 -0.9992505543994945 0
    outer loop
      vertex 12.395562499761581 24.176775000989437 1.85
      vertex 12.347741201519966 24.1749225333333 1.5
      vertex 12.395562499761581 24.176775000989437 1.5
    endloop
  endfacet
  facet normal -0.13981488039272882 -0.9901776604330996 0
    outer loop
      vertex 12.48983533680439 24.168109565973282 1.85
      vertex 12.443808488547802 24.174608640372753 1.5
      vertex 12.48983533680439 24.168109565973282 1.5
    endloop
  endfacet
  facet normal -0.04485720020309282 -0.9989934091824327 0
    outer loop
      vertex 12.443808488547802 24.174608640372753 1.85
      vertex 12.395562499761581 24.176775000989437 1.5
      vertex 12.443808488547802 24.174608640372753 1.5
    endloop
  endfacet
  facet normal -0.3425687131778919 -0.9394927763169034 0
    outer loop
      vertex 12.57523163408041 24.142113268375397 1.85
      vertex 12.533643051981926 24.157277777791023 1.5
      vertex 12.57523163408041 24.142113268375397 1.5
    endloop
  endfacet
  facet normal -0.5399173110317803 -0.8417180628026297 0
    outer loop
      vertex 12.651751391589642 24.09878610819578 1.85
      vertex 12.614601083099842 24.122616052627563 1.5
      vertex 12.651751391589642 24.09878610819578 1.5
    endloop
  endfacet
  facet normal -0.44379587534745063 -0.8961279043889829 0
    outer loop
      vertex 12.614601083099842 24.122616052627563 1.85
      vertex 12.57523163408041 24.142113268375397 1.5
      vertex 12.614601083099842 24.122616052627563 1.5
    endloop
  endfacet
  facet normal -0.7047533255724632 -0.7094524297615405 0
    outer loop
      vertex 12.719394601881504 24.038128085434437 1.85
      vertex 12.686682559549809 24.070623457431793 1.5
      vertex 12.719394601881504 24.038128085434437 1.5
    endloop
  endfacet
  facet normal -0.6276491940889698 -0.7784963000294006 0
    outer loop
      vertex 12.686682559549809 24.070623457431793 1.85
      vertex 12.651751391589642 24.09878610819578 1.5
      vertex 12.686682559549809 24.070623457431793 1.5
    endloop
  endfacet
  facet normal -0.24002914122869531 -0.9707656830363418 0
    outer loop
      vertex 12.533643051981926 24.157277777791023 1.85
      vertex 12.48983533680439 24.168109565973282 1.5
      vertex 12.533643051981926 24.157277777791023 1.5
    endloop
  endfacet
  facet normal -0.17819774387144488 0.9839946971803898 0
    outer loop
      vertex 12.247346140444279 24.41370864212513 1.85
      vertex 12.247346140444279 24.41370864212513 1.5
      vertex 12.17424027621746 24.400469444692135 1.5
    endloop
  endfacet
  facet normal -0.10239986518075136 0.9947433174497651 0
    outer loop
      vertex 12.324511885643005 24.421652160584927 1.85
      vertex 12.324511885643005 24.421652160584927 1.5
      vertex 12.247346140444279 24.41370864212513 1.5
    endloop
  endfacet
  facet normal -0.032581271833678434 0.9994690894298333 0
    outer loop
      vertex 12.40573749691248 24.424300000071526 1.85
      vertex 12.40573749691248 24.424300000071526 1.5
      vertex 12.324511885643005 24.421652160584927 1.5
    endloop
  endfacet
  facet normal 0.0422384771045119 0.9991075572989585 0
    outer loop
      vertex 12.491884723305702 24.4206580221653 1.85
      vertex 12.491884723305702 24.4206580221653 1.5
      vertex 12.40573749691248 24.424300000071526 1.5
    endloop
  endfacet
  facet normal 0.4391420650657353 0.8984176348947084 0
    outer loop
      vertex 12.788751386106014 24.333250619471073 1.85
      vertex 12.788751386106014 24.333250619471073 1.5
      vertex 12.72169305384159 24.366028398275375 1.5
    endloop
  endfacet
  facet normal 0.13307226275529194 0.991106337829189 0
    outer loop
      vertex 12.573259718716145 24.409732095897198 1.85
      vertex 12.573259718716145 24.409732095897198 1.5
      vertex 12.491884723305702 24.4206580221653 1.5
    endloop
  endfacet
  facet normal 0.23127337314632937 0.9728888049893054 0
    outer loop
      vertex 12.649862498044968 24.391522221267223 1.85
      vertex 12.649862498044968 24.391522221267223 1.5
      vertex 12.573259718716145 24.409732095897198 1.5
    endloop
  endfacet
  facet normal 0.33447464771792634 0.9424047485204905 0
    outer loop
      vertex 12.72169305384159 24.366028398275375 1.85
      vertex 12.72169305384159 24.366028398275375 1.5
      vertex 12.649862498044968 24.391522221267223 1.5
    endloop
  endfacet
  facet normal 0.9853026993425651 -0.17081741910078957 0
    outer loop
      vertex 10.250165276229382 23.648880556225777 1.85
      vertex 10.258066512644291 23.694456174969673 1.5
      vertex 10.258066512644291 23.694456174969673 1.85
    endloop
  endfacet
  facet normal 0.9950953688395032 -0.09892020478230382 0
    outer loop
      vertex 10.258066512644291 23.694456174969673 1.85
      vertex 10.262807250022888 23.742145985364914 1.5
      vertex 10.262807250022888 23.742145985364914 1.85
    endloop
  endfacet
  facet normal 0.9994970012913313 -0.031713473629299306 0
    outer loop
      vertex 10.262807250022888 23.742145985364914 1.85
      vertex 10.264387503266335 23.79195000231266 1.5
      vertex 10.264387503266335 23.79195000231266 1.85
    endloop
  endfacet
  facet normal 0.999278019516051 0.03799262707524486 0
    outer loop
      vertex 10.264387503266335 23.79195000231266 1.85
      vertex 10.261928237974644 23.856633335351944 1.5
      vertex 10.261928237974644 23.856633335351944 1.85
    endloop
  endfacet
  facet normal 0.9928670722427367 0.11922657780938062 0
    outer loop
      vertex 10.261928237974644 23.856633335351944 1.85
      vertex 10.254550464451313 23.91807222366333 1.5
      vertex 10.254550464451313 23.91807222366333 1.85
    endloop
  endfacet
  facet normal -0.9994905591539636 0.03191586066671569 0
    outer loop
      vertex 11.610637500882149 23.620724998414516 1.85
      vertex 11.613232873380184 23.70200277864933 1.85
      vertex 11.610637500882149 23.620724998414516 1.5
    endloop
  endfacet
  facet normal -0.9949682980503605 0.10019024840157364 0
    outer loop
      vertex 11.613232873380184 23.70200277864933 1.85
      vertex 11.62101898342371 23.779325000941753 1.85
      vertex 11.613232873380184 23.70200277864933 1.5
    endloop
  endfacet
  facet normal -0.9847150560041271 0.1741730704752854 0
    outer loop
      vertex 11.62101898342371 23.779325000941753 1.85
      vertex 11.633995831012726 23.852691665291786 1.85
      vertex 11.62101898342371 23.779325000941753 1.5
    endloop
  endfacet
  facet normal 0.9996013329090825 -0.028234292029120808 0
    outer loop
      vertex 11.920887500047684 23.620724998414516 1.85
      vertex 11.920887500047684 23.620724998414516 1.5
      vertex 11.922457255423069 23.676300309598446 1.85
    endloop
  endfacet
  facet normal 0.9960697054021389 -0.08857280609812541 0
    outer loop
      vertex 11.922457255423069 23.676300309598446 1.85
      vertex 11.922457255423069 23.676300309598446 1.5
      vertex 11.927166514098644 23.729259565472603 1.85
    endloop
  endfacet
  facet normal 0.9880639622993935 -0.15404417030586573 0
    outer loop
      vertex 11.927166514098644 23.729259565472603 1.85
      vertex 11.927166514098644 23.729259565472603 1.5
      vertex 11.93501527607441 23.77960278093815 1.85
    endloop
  endfacet
  facet normal 0.9745059848816905 -0.22436150612296824 0
    outer loop
      vertex 11.93501527607441 23.77960278093815 1.85
      vertex 11.93501527607441 23.77960278093815 1.5
      vertex 11.946003548800945 23.82732994109392 1.85
    endloop
  endfacet
  facet normal -0.9674115248766441 0.2532092840632945 0
    outer loop
      vertex 11.633995831012726 23.852691665291786 1.85
      vertex 11.652163423597813 23.92210277915001 1.85
      vertex 11.633995831012726 23.852691665291786 1.5
    endloop
  endfacet
  facet normal -0.9418268644655812 0.3360984340501034 0
    outer loop
      vertex 11.652163423597813 23.92210277915001 1.85
      vertex 11.67552176117897 23.98755833506584 1.85
      vertex 11.652163423597813 23.92210277915001 1.5
    endloop
  endfacet
  facet normal -0.9070342894879274 0.4210567630297968 0
    outer loop
      vertex 11.67552176117897 23.98755833506584 1.85
      vertex 11.704070836305618 24.049058333039284 1.85
      vertex 11.67552176117897 23.98755833506584 1.5
    endloop
  endfacet
  facet normal 0.9542957715883587 -0.2988638156896536 0
    outer loop
      vertex 11.946003548800945 23.82732994109392 1.85
      vertex 11.946003548800945 23.82732994109392 1.5
      vertex 11.960131324827671 23.872441045939922 1.85
    endloop
  endfacet
  facet normal 0.9264386989825704 -0.37644566278213665 0
    outer loop
      vertex 11.960131324827671 23.872441045939922 1.85
      vertex 11.960131324827671 23.872441045939922 1.5
      vertex 11.977398611605167 23.91493611037731 1.85
    endloop
  endfacet
  facet normal 0.890215825619666 -0.4555390036169203 0
    outer loop
      vertex 11.977398611605167 23.91493611037731 1.85
      vertex 11.977398611605167 23.91493611037731 1.5
      vertex 11.997805401682854 23.95481512695551 1.85
    endloop
  endfacet
  facet normal 0.8453681050536648 -0.5341842069529723 0
    outer loop
      vertex 11.997805401682854 23.95481512695551 1.85
      vertex 11.997805401682854 23.95481512695551 1.5
      vertex 12.02135169506073 23.992078088223934 1.85
    endloop
  endfacet
  facet normal 0.7922444435307335 -0.6102038525727924 0
    outer loop
      vertex 12.02135169506073 23.992078088223934 1.85
      vertex 12.02135169506073 23.992078088223934 1.5
      vertex 12.048037499189377 24.026725001633167 1.85
    endloop
  endfacet
  facet normal 0.7308934860902967 -0.6824915471936435 0
    outer loop
      vertex 12.048037499189377 24.026725001633167 1.85
      vertex 12.048037499189377 24.026725001633167 1.5
      vertex 12.077443979680538 24.058216974139214 1.85
    endloop
  endfacet
  facet normal -0.9078528138324213 -0.4192890034529344 0
    outer loop
      vertex 12.823345832526684 23.87180555611849 1.85
      vertex 12.802124537527561 23.91775432229042 1.85
      vertex 12.802124537527561 23.91775432229042 1.5
    endloop
  endfacet
  facet normal -0.869796943462709 -0.49340984702671764 0
    outer loop
      vertex 12.802124537527561 23.91775432229042 1.85
      vertex 12.777638427913189 23.96091913431883 1.85
      vertex 12.777638427913189 23.96091913431883 1.5
    endloop
  endfacet
  facet normal -0.8241459621614623 -0.5663774651704971 0
    outer loop
      vertex 12.777638427913189 23.96091913431883 1.85
      vertex 12.749887503683567 24.001299999654293 1.85
      vertex 12.749887503683567 24.001299999654293 1.5
    endloop
  endfacet
  facet normal -0.7702454883267911 -0.6377475109416133 0
    outer loop
      vertex 12.749887503683567 24.001299999654293 1.85
      vertex 12.719394601881504 24.038128085434437 1.85
      vertex 12.719394601881504 24.038128085434437 1.5
    endloop
  endfacet
  facet normal 0 0 1
    outer loop
      vertex 11.610637500882149 23.620724998414516 1.85
      vertex 11.922457255423069 23.676300309598446 1.85
      vertex 11.613232873380184 23.70200277864933 1.85
    endloop
  endfacet
  facet normal 0 0 1
    outer loop
      vertex 11.610637500882149 23.620724998414516 1.85
      vertex 11.920887500047684 23.620724998414516 1.85
      vertex 11.922457255423069 23.676300309598446 1.85
    endloop
  endfacet
  facet normal 0 0 1
    outer loop
      vertex 11.613232873380184 23.70200277864933 1.85
      vertex 11.922457255423069 23.676300309598446 1.85
      vertex 11.927166514098644 23.729259565472603 1.85
    endloop
  endfacet
  facet normal 0 0 1
    outer loop
      vertex 11.613232873380184 23.70200277864933 1.85
      vertex 11.927166514098644 23.729259565472603 1.85
      vertex 11.62101898342371 23.779325000941753 1.85
    endloop
  endfacet
  facet normal 0 0 1
    outer loop
      vertex 11.927166514098644 23.729259565472603 1.85
      vertex 11.93501527607441 23.77960278093815 1.85
      vertex 11.62101898342371 23.779325000941753 1.85
    endloop
  endfacet
  facet normal 0 0 1
    outer loop
      vertex 11.62101898342371 23.779325000941753 1.85
      vertex 11.93501527607441 23.77960278093815 1.85
      vertex 11.633995831012726 23.852691665291786 1.85
    endloop
  endfacet
  facet normal 0 0 1
    outer loop
      vertex 11.93501527607441 23.77960278093815 1.85
      vertex 11.946003548800945 23.82732994109392 1.85
      vertex 11.633995831012726 23.852691665291786 1.85
    endloop
  endfacet
  facet normal 0 0 1
    outer loop
      vertex 11.633995831012726 23.852691665291786 1.85
      vertex 11.946003548800945 23.82732994109392 1.85
      vertex 11.652163423597813 23.92210277915001 1.85
    endloop
  endfacet
  facet normal 0 0 1
    outer loop
      vertex 11.960131324827671 23.872441045939922 1.85
      vertex 11.67552176117897 23.98755833506584 1.85
      vertex 11.652163423597813 23.92210277915001 1.85
    endloop
  endfacet
  facet normal 0 0 1
    outer loop
      vertex 11.977398611605167 23.91493611037731 1.85
      vertex 11.704070836305618 24.049058333039284 1.85
      vertex 11.67552176117897 23.98755833506584 1.85
    endloop
  endfacet
  facet normal 0 0 1
    outer loop
      vertex 11.997805401682854 23.95481512695551 1.85
      vertex 11.737810648977757 24.106602780520916 1.85
      vertex 11.704070836305618 24.049058333039284 1.85
    endloop
  endfacet
  facet normal 0 0 1
    outer loop
      vertex 11.946003548800945 23.82732994109392 1.85
      vertex 11.960131324827671 23.872441045939922 1.85
      vertex 11.652163423597813 23.92210277915001 1.85
    endloop
  endfacet
  facet normal 0 0 1
    outer loop
      vertex 11.960131324827671 23.872441045939922 1.85
      vertex 11.977398611605167 23.91493611037731 1.85
      vertex 11.67552176117897 23.98755833506584 1.85
    endloop
  endfacet
  facet normal 0 0 1
    outer loop
      vertex 11.977398611605167 23.91493611037731 1.85
      vertex 11.997805401682854 23.95481512695551 1.85
      vertex 11.704070836305618 24.049058333039284 1.85
    endloop
  endfacet
  facet normal 0 0 1
    outer loop
      vertex 11.997805401682854 23.95481512695551 1.85
      vertex 12.02135169506073 23.992078088223934 1.85
      vertex 11.737810648977757 24.106602780520916 1.85
    endloop
  endfacet
  facet normal -0.8626530952961333 0.5057960430608371 0
    outer loop
      vertex 11.704070836305618 24.049058333039284 1.85
      vertex 11.737810648977757 24.106602780520916 1.85
      vertex 11.704070836305618 24.049058333039284 1.5
    endloop
  endfacet
  facet normal -0.8090460662676758 0.5877452361838414 0
    outer loop
      vertex 11.737810648977757 24.106602780520916 1.85
      vertex 11.776741206645966 24.160191670060158 1.85
      vertex 11.737810648977757 24.106602780520916 1.5
    endloop
  endfacet
  facet normal -0.7473885449431799 0.6643872085521487 0
    outer loop
      vertex 11.776741206645966 24.160191670060158 1.85
      vertex 11.820862501859665 24.20982500165701 1.85
      vertex 11.776741206645966 24.160191670060158 1.5
    endloop
  endfacet
  facet normal -0.6784136217745281 0.7346801738108683 0
    outer loop
      vertex 11.820862501859665 24.20982500165701 1.85
      vertex 11.869609102606773 24.25483827292919 1.85
      vertex 11.820862501859665 24.20982500165701 1.5
    endloop
  endfacet
  facet normal 0.6590718823304943 -0.7520799518145256 0
    outer loop
      vertex 12.077443979680538 24.058216974139214 1.85
      vertex 12.077443979680538 24.058216974139214 1.5
      vertex 12.10915231704712 24.08600401133299 1.85
    endloop
  endfacet
  facet normal 0.5778824404826687 -0.8161200187360893 0
    outer loop
      vertex 12.10915231704712 24.08600401133299 1.85
      vertex 12.10915231704712 24.08600401133299 1.5
      vertex 12.143162496387959 24.110086113214493 1.85
    endloop
  endfacet
  facet normal 0.4893786267877157 -0.8720714188891697 0
    outer loop
      vertex 12.143162496387959 24.110086113214493 1.85
      vertex 12.143162496387959 24.110086113214493 1.5
      vertex 12.179474540054798 24.130463272333145 1.85
    endloop
  endfacet
  facet normal -0.6010913362617316 0.7991803335112082 0
    outer loop
      vertex 11.869609102606773 24.25483827292919 1.85
      vertex 11.92241558432579 24.294555865228176 1.85
      vertex 11.869609102606773 24.25483827292919 1.5
    endloop
  endfacet
  facet normal -0.5178334973430383 0.8554814252977544 0
    outer loop
      vertex 11.92241558432579 24.294555865228176 1.85
      vertex 11.979281947016716 24.328977778553963 1.85
      vertex 11.92241558432579 24.294555865228176 1.5
    endloop
  endfacet
  facet normal -0.43130609057411456 0.9022056618275425 0
    outer loop
      vertex 11.979281947016716 24.328977778553963 1.85
      vertex 12.040208175778389 24.35810401290655 1.85
      vertex 11.979281947016716 24.328977778553963 1.5
    endloop
  endfacet
  facet normal -0.3442840975960429 0.9388655176022168 0
    outer loop
      vertex 12.040208175778389 24.35810401290655 1.85
      vertex 12.105194292962551 24.381934568285942 1.85
      vertex 12.040208175778389 24.35810401290655 1.5
    endloop
  endfacet
  facet normal -0.25926354260265805 0.9658066139124952 0
    outer loop
      vertex 12.105194292962551 24.381934568285942 1.85
      vertex 12.17424027621746 24.400469444692135 1.85
      vertex 12.105194292962551 24.381934568285942 1.5
    endloop
  endfacet
  facet normal 0.3963968575985887 -0.9180792619844782 0
    outer loop
      vertex 12.179474540054798 24.130463272333145 1.85
      vertex 12.179474540054798 24.130463272333145 1.5
      vertex 12.218088425695896 24.147135496139526 1.85
    endloop
  endfacet
  facet normal 0.30211677065593134 -0.9532709252297751 0
    outer loop
      vertex 12.218088425695896 24.147135496139526 1.85
      vertex 12.218088425695896 24.147135496139526 1.5
      vertex 12.259004168212414 24.160102777183056 1.85
    endloop
  endfacet
  facet normal 0.2095600905201152 -0.977795770322822 0
    outer loop
      vertex 12.259004168212414 24.160102777183056 1.85
      vertex 12.259004168212414 24.160102777183056 1.5
      vertex 12.30222176015377 24.169365122914314 1.85
    endloop
  endfacet
  facet normal 0.12118886301240873 -0.9926294673652195 0
    outer loop
      vertex 12.30222176015377 24.169365122914314 1.85
      vertex 12.30222176015377 24.169365122914314 1.5
      vertex 12.347741201519966 24.1749225333333 1.85
    endloop
  endfacet
  facet normal 0.03870826180937375 -0.9992505543994945 0
    outer loop
      vertex 12.347741201519966 24.1749225333333 1.85
      vertex 12.347741201519966 24.1749225333333 1.5
      vertex 12.395562499761581 24.176775000989437 1.85
    endloop
  endfacet
  facet normal -0.04485720020309282 -0.9989934091824327 0
    outer loop
      vertex 12.395562499761581 24.176775000989437 1.85
      vertex 12.395562499761581 24.176775000989437 1.5
      vertex 12.443808488547802 24.174608640372753 1.85
    endloop
  endfacet
  facet normal -0.13981488039272882 -0.9901776604330996 0
    outer loop
      vertex 12.48983533680439 24.168109565973282 1.85
      vertex 12.443808488547802 24.174608640372753 1.85
      vertex 12.443808488547802 24.174608640372753 1.5
    endloop
  endfacet
  facet normal -0.3425687131778919 -0.9394927763169034 0
    outer loop
      vertex 12.57523163408041 24.142113268375397 1.85
      vertex 12.533643051981926 24.157277777791023 1.85
      vertex 12.533643051981926 24.157277777791023 1.5
    endloop
  endfacet
  facet normal -0.5399173110317803 -0.8417180628026297 0
    outer loop
      vertex 12.651751391589642 24.09878610819578 1.85
      vertex 12.614601083099842 24.122616052627563 1.85
      vertex 12.614601083099842 24.122616052627563 1.5
    endloop
  endfacet
  facet normal -0.44379587534745063 -0.8961279043889829 0
    outer loop
      vertex 12.614601083099842 24.122616052627563 1.85
      vertex 12.57523163408041 24.142113268375397 1.85
      vertex 12.57523163408041 24.142113268375397 1.5
    endloop
  endfacet
  facet normal -0.7047533255724632 -0.7094524297615405 0
    outer loop
      vertex 12.719394601881504 24.038128085434437 1.85
      vertex 12.686682559549809 24.070623457431793 1.85
      vertex 12.686682559549809 24.070623457431793 1.5
    endloop
  endfacet
  facet normal -0.6276491940889698 -0.7784963000294006 0
    outer loop
      vertex 12.686682559549809 24.070623457431793 1.85
      vertex 12.651751391589642 24.09878610819578 1.85
      vertex 12.651751391589642 24.09878610819578 1.5
    endloop
  endfacet
  facet normal -0.24002914122869531 -0.9707656830363418 0
    outer loop
      vertex 12.533643051981926 24.157277777791023 1.85
      vertex 12.48983533680439 24.168109565973282 1.85
      vertex 12.48983533680439 24.168109565973282 1.5
    endloop
  endfacet
  facet normal -0.17819774387144488 0.9839946971803898 0
    outer loop
      vertex 12.17424027621746 24.400469444692135 1.85
      vertex 12.247346140444279 24.41370864212513 1.85
      vertex 12.17424027621746 24.400469444692135 1.5
    endloop
  endfacet
  facet normal -0.10239986518075136 0.9947433174497651 0
    outer loop
      vertex 12.247346140444279 24.41370864212513 1.85
      vertex 12.324511885643005 24.421652160584927 1.85
      vertex 12.247346140444279 24.41370864212513 1.5
    endloop
  endfacet
  facet normal -0.032581271833678434 0.9994690894298333 0
    outer loop
      vertex 12.324511885643005 24.421652160584927 1.85
      vertex 12.40573749691248 24.424300000071526 1.85
      vertex 12.324511885643005 24.421652160584927 1.5
    endloop
  endfacet
  facet normal 0.0422384771045119 0.9991075572989585 0
    outer loop
      vertex 12.40573749691248 24.424300000071526 1.85
      vertex 12.491884723305702 24.4206580221653 1.85
      vertex 12.40573749691248 24.424300000071526 1.5
    endloop
  endfacet
  facet normal 0.5409549004051861 0.8410516011087638 0
    outer loop
      vertex 12.851037502288818 24.293188892304897 1.85
      vertex 12.788751386106014 24.333250619471073 1.5
      vertex 12.788751386106014 24.333250619471073 1.85
    endloop
  endfacet
  facet normal 0.4391420650657353 0.8984176348947084 0
    outer loop
      vertex 12.788751386106014 24.333250619471073 1.85
      vertex 12.72169305384159 24.366028398275375 1.5
      vertex 12.72169305384159 24.366028398275375 1.85
    endloop
  endfacet
  facet normal 0.23127337314632937 0.9728888049893054 0
    outer loop
      vertex 12.649862498044968 24.391522221267223 1.85
      vertex 12.573259718716145 24.409732095897198 1.5
      vertex 12.573259718716145 24.409732095897198 1.85
    endloop
  endfacet
  facet normal 0.13307226275529194 0.991106337829189 0
    outer loop
      vertex 12.573259718716145 24.409732095897198 1.85
      vertex 12.491884723305702 24.4206580221653 1.5
      vertex 12.491884723305702 24.4206580221653 1.85
    endloop
  endfacet
  facet normal 0.33447464771792634 0.9424047485204905 0
    outer loop
      vertex 12.72169305384159 24.366028398275375 1.85
      vertex 12.649862498044968 24.391522221267223 1.5
      vertex 12.649862498044968 24.391522221267223 1.85
    endloop
  endfacet
  facet normal 0 0 1
    outer loop
      vertex 12.02135169506073 23.992078088223934 1.85
      vertex 11.776741206645966 24.160191670060158 1.85
      vertex 11.737810648977757 24.106602780520916 1.85
    endloop
  endfacet
  facet normal 0 0 1
    outer loop
      vertex 12.02135169506073 23.992078088223934 1.85
      vertex 12.048037499189377 24.026725001633167 1.85
      vertex 11.820862501859665 24.20982500165701 1.85
    endloop
  endfacet
  facet normal 0 0 1
    outer loop
      vertex 12.02135169506073 23.992078088223934 1.85
      vertex 11.820862501859665 24.20982500165701 1.85
      vertex 11.776741206645966 24.160191670060158 1.85
    endloop
  endfacet
  facet normal 0 0 1
    outer loop
      vertex 12.048037499189377 24.026725001633167 1.85
      vertex 12.077443979680538 24.058216974139214 1.85
      vertex 11.869609102606773 24.25483827292919 1.85
    endloop
  endfacet
  facet normal 0 0 1
    outer loop
      vertex 12.077443979680538 24.058216974139214 1.85
      vertex 12.10915231704712 24.08600401133299 1.85
      vertex 11.92241558432579 24.294555865228176 1.85
    endloop
  endfacet
  facet normal 0 0 1
    outer loop
      vertex 12.048037499189377 24.026725001633167 1.85
      vertex 11.869609102606773 24.25483827292919 1.85
      vertex 11.820862501859665 24.20982500165701 1.85
    endloop
  endfacet
  facet normal 0 0 1
    outer loop
      vertex 12.077443979680538 24.058216974139214 1.85
      vertex 11.92241558432579 24.294555865228176 1.85
      vertex 11.869609102606773 24.25483827292919 1.85
    endloop
  endfacet
  facet normal 0 0 1
    outer loop
      vertex 12.10915231704712 24.08600401133299 1.85
      vertex 11.979281947016716 24.328977778553963 1.85
      vertex 11.92241558432579 24.294555865228176 1.85
    endloop
  endfacet
  facet normal 0 0 1
    outer loop
      vertex 12.10915231704712 24.08600401133299 1.85
      vertex 12.143162496387959 24.110086113214493 1.85
      vertex 11.979281947016716 24.328977778553963 1.85
    endloop
  endfacet
  facet normal 0 0 1
    outer loop
      vertex 12.143162496387959 24.110086113214493 1.85
      vertex 12.179474540054798 24.130463272333145 1.85
      vertex 12.040208175778389 24.35810401290655 1.85
    endloop
  endfacet
  facet normal 0 0 1
    outer loop
      vertex 12.179474540054798 24.130463272333145 1.85
      vertex 12.218088425695896 24.147135496139526 1.85
      vertex 12.105194292962551 24.381934568285942 1.85
    endloop
  endfacet
  facet normal 0 0 1
    outer loop
      vertex 12.143162496387959 24.110086113214493 1.85
      vertex 12.040208175778389 24.35810401290655 1.85
      vertex 11.979281947016716 24.328977778553963 1.85
    endloop
  endfacet
  facet normal 0 0 1
    outer loop
      vertex 12.179474540054798 24.130463272333145 1.85
      vertex 12.105194292962551 24.381934568285942 1.85
      vertex 12.040208175778389 24.35810401290655 1.85
    endloop
  endfacet
  facet normal 0 0 1
    outer loop
      vertex 12.218088425695896 24.147135496139526 1.85
      vertex 12.17424027621746 24.400469444692135 1.85
      vertex 12.105194292962551 24.381934568285942 1.85
    endloop
  endfacet
  facet normal 0 0 1
    outer loop
      vertex 12.218088425695896 24.147135496139526 1.85
      vertex 12.259004168212414 24.160102777183056 1.85
      vertex 12.17424027621746 24.400469444692135 1.85
    endloop
  endfacet
  facet normal 0 0 1
    outer loop
      vertex 12.259004168212414 24.160102777183056 1.85
      vertex 12.30222176015377 24.169365122914314 1.85
      vertex 12.247346140444279 24.41370864212513 1.85
    endloop
  endfacet
  facet normal 0 0 1
    outer loop
      vertex 12.30222176015377 24.169365122914314 1.85
      vertex 12.347741201519966 24.1749225333333 1.85
      vertex 12.324511885643005 24.421652160584927 1.85
    endloop
  endfacet
  facet normal 0 0 1
    outer loop
      vertex 12.347741201519966 24.1749225333333 1.85
      vertex 12.395562499761581 24.176775000989437 1.85
      vertex 12.324511885643005 24.421652160584927 1.85
    endloop
  endfacet
  facet normal 0 0 1
    outer loop
      vertex 12.48983533680439 24.168109565973282 1.85
      vertex 12.491884723305702 24.4206580221653 1.85
      vertex 12.443808488547802 24.174608640372753 1.85
    endloop
  endfacet
  facet normal 0 0 1
    outer loop
      vertex 12.749887503683567 24.001299999654293 1.85
      vertex 12.961293056607246 24.191213577985764 1.85
      vertex 12.719394601881504 24.038128085434437 1.85
    endloop
  endfacet
  facet normal 0 0 1
    outer loop
      vertex 12.719394601881504 24.038128085434437 1.85
      vertex 12.908551387488842 24.245843209326267 1.85
      vertex 12.686682559549809 24.070623457431793 1.85
    endloop
  endfacet
  facet normal 0 0 1
    outer loop
      vertex 12.533643051981926 24.157277777791023 1.85
      vertex 12.573259718716145 24.409732095897198 1.85
      vertex 12.48983533680439 24.168109565973282 1.85
    endloop
  endfacet
  facet normal 0 0 1
    outer loop
      vertex 12.614601083099842 24.122616052627563 1.85
      vertex 12.72169305384159 24.366028398275375 1.85
      vertex 12.57523163408041 24.142113268375397 1.85
    endloop
  endfacet
  facet normal 0 0 1
    outer loop
      vertex 12.57523163408041 24.142113268375397 1.85
      vertex 12.649862498044968 24.391522221267223 1.85
      vertex 12.533643051981926 24.157277777791023 1.85
    endloop
  endfacet
  facet normal 0 0 1
    outer loop
      vertex 12.686682559549809 24.070623457431793 1.85
      vertex 12.851037502288818 24.293188892304897 1.85
      vertex 12.651751391589642 24.09878610819578 1.85
    endloop
  endfacet
  facet normal 0 0 1
    outer loop
      vertex 12.651751391589642 24.09878610819578 1.85
      vertex 12.788751386106014 24.333250619471073 1.85
      vertex 12.614601083099842 24.122616052627563 1.85
    endloop
  endfacet
  facet normal 0 0 1
    outer loop
      vertex 12.651751391589642 24.09878610819578 1.85
      vertex 12.851037502288818 24.293188892304897 1.85
      vertex 12.788751386106014 24.333250619471073 1.85
    endloop
  endfacet
  facet normal 0 0 1
    outer loop
      vertex 12.259004168212414 24.160102777183056 1.85
      vertex 12.247346140444279 24.41370864212513 1.85
      vertex 12.17424027621746 24.400469444692135 1.85
    endloop
  endfacet
  facet normal 0 0 1
    outer loop
      vertex 12.30222176015377 24.169365122914314 1.85
      vertex 12.324511885643005 24.421652160584927 1.85
      vertex 12.247346140444279 24.41370864212513 1.85
    endloop
  endfacet
  facet normal 0 0 1
    outer loop
      vertex 12.395562499761581 24.176775000989437 1.85
      vertex 12.443808488547802 24.174608640372753 1.85
      vertex 12.40573749691248 24.424300000071526 1.85
    endloop
  endfacet
  facet normal 0 0 1
    outer loop
      vertex 12.395562499761581 24.176775000989437 1.85
      vertex 12.40573749691248 24.424300000071526 1.85
      vertex 12.324511885643005 24.421652160584927 1.85
    endloop
  endfacet
  facet normal 0 0 1
    outer loop
      vertex 12.40573749691248 24.424300000071526 1.85
      vertex 12.443808488547802 24.174608640372753 1.85
      vertex 12.491884723305702 24.4206580221653 1.85
    endloop
  endfacet
  facet normal 0 0 1
    outer loop
      vertex 12.57523163408041 24.142113268375397 1.85
      vertex 12.72169305384159 24.366028398275375 1.85
      vertex 12.649862498044968 24.391522221267223 1.85
    endloop
  endfacet
  facet normal 0 0 1
    outer loop
      vertex 12.48983533680439 24.168109565973282 1.85
      vertex 12.573259718716145 24.409732095897198 1.85
      vertex 12.491884723305702 24.4206580221653 1.85
    endloop
  endfacet
  facet normal 0 0 1
    outer loop
      vertex 12.533643051981926 24.157277777791023 1.85
      vertex 12.649862498044968 24.391522221267223 1.85
      vertex 12.573259718716145 24.409732095897198 1.85
    endloop
  endfacet
  facet normal 0 0 1
    outer loop
      vertex 12.614601083099842 24.122616052627563 1.85
      vertex 12.788751386106014 24.333250619471073 1.85
      vertex 12.72169305384159 24.366028398275375 1.85
    endloop
  endfacet
  facet normal -0.9899322349416182 -0.14154211466377356 0
    outer loop
      vertex 12.875582873821259 23.66017098724842 1.85
      vertex 12.867420829832554 23.71725555509329 1.5
      vertex 12.875582873821259 23.66017098724842 1.5
    endloop
  endfacet
  facet normal -0.9785674322612802 -0.20592663867883834 0
    outer loop
      vertex 12.867420829832554 23.71725555509329 1.85
      vertex 12.85599397867918 23.771556176245213 1.5
      vertex 12.867420829832554 23.71725555509329 1.5
    endloop
  endfacet
  facet normal -0.9616588384685759 -0.2742485704525541 0
    outer loop
      vertex 12.85599397867918 23.771556176245213 1.85
      vertex 12.841302312910557 23.823072835803032 1.5
      vertex 12.85599397867918 23.771556176245213 1.5
    endloop
  endfacet
  facet normal 0.9862588798739009 0.16520720889197962 0
    outer loop
      vertex 13.19161805510521 23.6041444465518 1.85
      vertex 13.19161805510521 23.6041444465518 1.5
      vertex 13.17388904094696 23.70998363941908 1.5
    endloop
  endfacet
  facet normal 0.9742600139935302 0.22542720584110132 0
    outer loop
      vertex 13.17388904094696 23.70998363941908 1.85
      vertex 13.17388904094696 23.70998363941908 1.5
      vertex 13.151094600558281 23.80849753320217 1.5
    endloop
  endfacet
  facet normal -0.9383286235970291 -0.34574469502583105 0
    outer loop
      vertex 12.841302312910557 23.823072835803032 1.85
      vertex 12.823345832526684 23.87180555611849 1.5
      vertex 12.841302312910557 23.823072835803032 1.5
    endloop
  endfacet
  facet normal -0.9078528138324213 -0.4192890034529344 0
    outer loop
      vertex 12.823345832526684 23.87180555611849 1.85
      vertex 12.802124537527561 23.91775432229042 1.5
      vertex 12.823345832526684 23.87180555611849 1.5
    endloop
  endfacet
  facet normal 0.9308307160075542 0.3654506507544678 0
    outer loop
      vertex 13.12323471903801 23.899686112999916 1.85
      vertex 13.12323471903801 23.899686112999916 1.5
      vertex 13.090309411287308 23.983549386262894 1.5
    endloop
  endfacet
  facet normal 0.8957258893604486 0.44460671511959143 0
    outer loop
      vertex 13.090309411287308 23.983549386262894 1.85
      vertex 13.090309411287308 23.983549386262894 1.5
      vertex 13.052318669855595 24.060087345540524 1.5
    endloop
  endfacet
  facet normal 0.9563612298505754 0.2921869231137749 0
    outer loop
      vertex 13.151094600558281 23.80849753320217 1.85
      vertex 13.151094600558281 23.80849753320217 1.5
      vertex 13.12323471903801 23.899686112999916 1.5
    endloop
  endfacet
  facet normal 0.8491087838694193 0.528218016689885 0
    outer loop
      vertex 13.052318669855595 24.060087345540524 1.85
      vertex 13.052318669855595 24.060087345540524 1.5
      vertex 13.009262502193451 24.129299998283386 1.5
    endloop
  endfacet
  facet normal 0.7904989878849844 0.6124633459667732 0
    outer loop
      vertex 13.009262502193451 24.129299998283386 1.85
      vertex 13.009262502193451 24.129299998283386 1.5
      vertex 12.961293056607246 24.191213577985764 1.5
    endloop
  endfacet
  facet normal 0.7194289788092381 0.6945660115852899 0
    outer loop
      vertex 12.961293056607246 24.191213577985764 1.85
      vertex 12.961293056607246 24.191213577985764 1.5
      vertex 12.908551387488842 24.245843209326267 1.5
    endloop
  endfacet
  facet normal 0.6355577167959648 0.7720533586618868 0
    outer loop
      vertex 12.908551387488842 24.245843209326267 1.85
      vertex 12.908551387488842 24.245843209326267 1.5
      vertex 12.851037502288818 24.293188892304897 1.5
    endloop
  endfacet
  facet normal 0.5409549004051861 0.8410516011087638 0
    outer loop
      vertex 12.851037502288818 24.293188892304897 1.85
      vertex 12.851037502288818 24.293188892304897 1.5
      vertex 12.788751386106014 24.333250619471073 1.5
    endloop
  endfacet
  facet normal -0.9966711072103823 -0.08152732089324823 0
    outer loop
      vertex 12.880480095744133 23.60030247271061 1.85
      vertex 12.875582873821259 23.66017098724842 1.85
      vertex 12.875582873821259 23.66017098724842 1.5
    endloop
  endfacet
  facet normal -0.9899322349416182 -0.14154211466377356 0
    outer loop
      vertex 12.875582873821259 23.66017098724842 1.85
      vertex 12.867420829832554 23.71725555509329 1.85
      vertex 12.867420829832554 23.71725555509329 1.5
    endloop
  endfacet
  facet normal -0.9785674322612802 -0.20592663867883834 0
    outer loop
      vertex 12.867420829832554 23.71725555509329 1.85
      vertex 12.85599397867918 23.771556176245213 1.85
      vertex 12.85599397867918 23.771556176245213 1.5
    endloop
  endfacet
  facet normal -0.9616588384685759 -0.2742485704525541 0
    outer loop
      vertex 12.85599397867918 23.771556176245213 1.85
      vertex 12.841302312910557 23.823072835803032 1.85
      vertex 12.841302312910557 23.823072835803032 1.5
    endloop
  endfacet
  facet normal 0.9862588798739009 0.16520720889197962 0
    outer loop
      vertex 13.19161805510521 23.6041444465518 1.85
      vertex 13.17388904094696 23.70998363941908 1.5
      vertex 13.17388904094696 23.70998363941908 1.85
    endloop
  endfacet
  facet normal 0.9742600139935302 0.22542720584110132 0
    outer loop
      vertex 13.17388904094696 23.70998363941908 1.85
      vertex 13.151094600558281 23.80849753320217 1.5
      vertex 13.151094600558281 23.80849753320217 1.85
    endloop
  endfacet
  facet normal -0.9383286235970291 -0.34574469502583105 0
    outer loop
      vertex 12.841302312910557 23.823072835803032 1.85
      vertex 12.823345832526684 23.87180555611849 1.85
      vertex 12.823345832526684 23.87180555611849 1.5
    endloop
  endfacet
  facet normal 0.9563612298505754 0.2921869231137749 0
    outer loop
      vertex 13.151094600558281 23.80849753320217 1.85
      vertex 13.12323471903801 23.899686112999916 1.5
      vertex 13.12323471903801 23.899686112999916 1.85
    endloop
  endfacet
  facet normal 0.9308307160075542 0.3654506507544678 0
    outer loop
      vertex 13.12323471903801 23.899686112999916 1.85
      vertex 13.090309411287308 23.983549386262894 1.5
      vertex 13.090309411287308 23.983549386262894 1.85
    endloop
  endfacet
  facet normal 0.8957258893604486 0.44460671511959143 0
    outer loop
      vertex 13.090309411287308 23.983549386262894 1.85
      vertex 13.052318669855595 24.060087345540524 1.5
      vertex 13.052318669855595 24.060087345540524 1.85
    endloop
  endfacet
  facet normal 0 0 1
    outer loop
      vertex 12.875582873821259 23.66017098724842 1.85
      vertex 13.17388904094696 23.70998363941908 1.85
      vertex 12.867420829832554 23.71725555509329 1.85
    endloop
  endfacet
  facet normal 0 0 1
    outer loop
      vertex 12.880480095744133 23.60030247271061 1.85
      vertex 13.17388904094696 23.70998363941908 1.85
      vertex 12.875582873821259 23.66017098724842 1.85
    endloop
  endfacet
  facet normal 0 0 1
    outer loop
      vertex 12.880480095744133 23.60030247271061 1.85
      vertex 13.19161805510521 23.6041444465518 1.85
      vertex 13.17388904094696 23.70998363941908 1.85
    endloop
  endfacet
  facet normal 0 0 1
    outer loop
      vertex 12.867420829832554 23.71725555509329 1.85
      vertex 13.151094600558281 23.80849753320217 1.85
      vertex 12.85599397867918 23.771556176245213 1.85
    endloop
  endfacet
  facet normal 0 0 1
    outer loop
      vertex 12.85599397867918 23.771556176245213 1.85
      vertex 13.12323471903801 23.899686112999916 1.85
      vertex 12.841302312910557 23.823072835803032 1.85
    endloop
  endfacet
  facet normal 0 0 1
    outer loop
      vertex 12.867420829832554 23.71725555509329 1.85
      vertex 13.17388904094696 23.70998363941908 1.85
      vertex 13.151094600558281 23.80849753320217 1.85
    endloop
  endfacet
  facet normal 0 0 1
    outer loop
      vertex 12.85599397867918 23.771556176245213 1.85
      vertex 13.151094600558281 23.80849753320217 1.85
      vertex 13.12323471903801 23.899686112999916 1.85
    endloop
  endfacet
  facet normal 0 0 1
    outer loop
      vertex 12.841302312910557 23.823072835803032 1.85
      vertex 13.090309411287308 23.983549386262894 1.85
      vertex 12.823345832526684 23.87180555611849 1.85
    endloop
  endfacet
  facet normal 0 0 1
    outer loop
      vertex 12.823345832526684 23.87180555611849 1.85
      vertex 13.090309411287308 23.983549386262894 1.85
      vertex 12.802124537527561 23.91775432229042 1.85
    endloop
  endfacet
  facet normal 0 0 1
    outer loop
      vertex 12.841302312910557 23.823072835803032 1.85
      vertex 13.12323471903801 23.899686112999916 1.85
      vertex 13.090309411287308 23.983549386262894 1.85
    endloop
  endfacet
  facet normal 0 0 1
    outer loop
      vertex 12.802124537527561 23.91775432229042 1.85
      vertex 13.052318669855595 24.060087345540524 1.85
      vertex 12.777638427913189 23.96091913431883 1.85
    endloop
  endfacet
  facet normal 0 0 1
    outer loop
      vertex 12.777638427913189 23.96091913431883 1.85
      vertex 13.009262502193451 24.129299998283386 1.85
      vertex 12.749887503683567 24.001299999654293 1.85
    endloop
  endfacet
  facet normal 0 0 1
    outer loop
      vertex 12.802124537527561 23.91775432229042 1.85
      vertex 13.090309411287308 23.983549386262894 1.85
      vertex 13.052318669855595 24.060087345540524 1.85
    endloop
  endfacet
  facet normal 0.8491087838694193 0.528218016689885 0
    outer loop
      vertex 13.052318669855595 24.060087345540524 1.85
      vertex 13.009262502193451 24.129299998283386 1.5
      vertex 13.009262502193451 24.129299998283386 1.85
    endloop
  endfacet
  facet normal 0.7194289788092381 0.6945660115852899 0
    outer loop
      vertex 12.961293056607246 24.191213577985764 1.85
      vertex 12.908551387488842 24.245843209326267 1.5
      vertex 12.908551387488842 24.245843209326267 1.85
    endloop
  endfacet
  facet normal 0.7904989878849844 0.6124633459667732 0
    outer loop
      vertex 13.009262502193451 24.129299998283386 1.85
      vertex 12.961293056607246 24.191213577985764 1.5
      vertex 12.961293056607246 24.191213577985764 1.85
    endloop
  endfacet
  facet normal 0.6355577167959648 0.7720533586618868 0
    outer loop
      vertex 12.908551387488842 24.245843209326267 1.85
      vertex 12.851037502288818 24.293188892304897 1.5
      vertex 12.851037502288818 24.293188892304897 1.85
    endloop
  endfacet
  facet normal 0 0 1
    outer loop
      vertex 12.777638427913189 23.96091913431883 1.85
      vertex 13.052318669855595 24.060087345540524 1.85
      vertex 13.009262502193451 24.129299998283386 1.85
    endloop
  endfacet
  facet normal 0 0 1
    outer loop
      vertex 12.749887503683567 24.001299999654293 1.85
      vertex 13.009262502193451 24.129299998283386 1.85
      vertex 12.961293056607246 24.191213577985764 1.85
    endloop
  endfacet
  facet normal 0 0 1
    outer loop
      vertex 12.719394601881504 24.038128085434437 1.85
      vertex 12.961293056607246 24.191213577985764 1.85
      vertex 12.908551387488842 24.245843209326267 1.85
    endloop
  endfacet
  facet normal 0 0 1
    outer loop
      vertex 12.686682559549809 24.070623457431793 1.85
      vertex 12.908551387488842 24.245843209326267 1.85
      vertex 12.851037502288818 24.293188892304897 1.85
    endloop
  endfacet
  facet normal -1 0 0
    outer loop
      vertex 27.33340000361204 22.259374998509884 1.85
      vertex 27.33340000361204 22.259374998509884 1.5
      vertex 27.33340000361204 22 1.5
    endloop
  endfacet
  facet normal 0 -1 0
    outer loop
      vertex 27.33340000361204 22 1.85
      vertex 27.33340000361204 22 1.5
      vertex 28.83034999668598 22 1.5
    endloop
  endfacet
  facet normal 0 1 0
    outer loop
      vertex 27.94200000166893 22.259374998509884 1.85
      vertex 27.94200000166893 22.259374998509884 1.5
      vertex 27.33340000361204 22.259374998509884 1.5
    endloop
  endfacet
  facet normal -1 0 0
    outer loop
      vertex 27.33340000361204 22 1.85
      vertex 27.33340000361204 22.259374998509884 1.85
      vertex 27.33340000361204 22 1.5
    endloop
  endfacet
  facet normal 0 1 0
    outer loop
      vertex 27.33340000361204 22.259374998509884 1.85
      vertex 27.94200000166893 22.259374998509884 1.85
      vertex 27.33340000361204 22.259374998509884 1.5
    endloop
  endfacet
  facet normal 0 0 1
    outer loop
      vertex 27.33340000361204 22 1.85
      vertex 27.94200000166893 22.259374998509884 1.85
      vertex 27.33340000361204 22.259374998509884 1.85
    endloop
  endfacet
  facet normal 0 0 1
    outer loop
      vertex 27.33340000361204 22 1.85
      vertex 28.83034999668598 22 1.85
      vertex 28.248874999582767 22.259374998509884 1.85
    endloop
  endfacet
  facet normal 0 0 1
    outer loop
      vertex 27.33340000361204 22 1.85
      vertex 28.248874999582767 22.259374998509884 1.85
      vertex 27.94200000166893 22.259374998509884 1.85
    endloop
  endfacet
  facet normal -1 0 0
    outer loop
      vertex 27.94200000166893 24.097099997103214 1.85
      vertex 27.94200000166893 24.097099997103214 1.5
      vertex 27.94200000166893 22.259374998509884 1.5
    endloop
  endfacet
  facet normal -1 0 0
    outer loop
      vertex 27.94200000166893 22.259374998509884 1.85
      vertex 27.94200000166893 24.097099997103214 1.85
      vertex 27.94200000166893 22.259374998509884 1.5
    endloop
  endfacet
  facet normal 0 0 1
    outer loop
      vertex 27.94200000166893 22.259374998509884 1.85
      vertex 28.248874999582767 22.259374998509884 1.85
      vertex 27.94200000166893 24.097099997103214 1.85
    endloop
  endfacet
  facet normal 0 0 1
    outer loop
      vertex 28.248874999582767 22.259374998509884 1.85
      vertex 28.248874999582767 24.388700000941753 1.85
      vertex 27.94200000166893 24.097099997103214 1.85
    endloop
  endfacet
  facet normal 0 1 0
    outer loop
      vertex 28.83034999668598 22.259374998509884 1.85
      vertex 28.83034999668598 22.259374998509884 1.5
      vertex 28.248874999582767 22.259374998509884 1.5
    endloop
  endfacet
  facet normal 1 0 0
    outer loop
      vertex 28.83034999668598 22 1.85
      vertex 28.83034999668598 22 1.5
      vertex 28.83034999668598 22.259374998509884 1.5
    endloop
  endfacet
  facet normal 0 -1 0
    outer loop
      vertex 29.079674996435642 22.540799997746944 1.85
      vertex 29.079674996435642 22.540799997746944 1.5
      vertex 30.205375000834465 22.540799997746944 1.5
    endloop
  endfacet
  facet normal -1 0 0
    outer loop
      vertex 29.079674996435642 22.778149999678135 1.85
      vertex 29.079674996435642 22.778149999678135 1.5
      vertex 29.079674996435642 22.540799997746944 1.5
    endloop
  endfacet
  facet normal 0 -1 0
    outer loop
      vertex 30.205375000834465 22 1.85
      vertex 30.205375000834465 22 1.5
      vertex 30.493574999272823 22 1.5
    endloop
  endfacet
  facet normal 1 0 0
    outer loop
      vertex 30.493574999272823 22 1.85
      vertex 30.493574999272823 22 1.5
      vertex 30.493574999272823 22.540799997746944 1.5
    endloop
  endfacet
  facet normal -1 0 0
    outer loop
      vertex 30.205375000834465 22.540799997746944 1.85
      vertex 30.205375000834465 22.540799997746944 1.5
      vertex 30.205375000834465 22 1.5
    endloop
  endfacet
  facet normal 0 -1 0
    outer loop
      vertex 30.493574999272823 22.540799997746944 1.85
      vertex 30.493574999272823 22.540799997746944 1.5
      vertex 30.829250000417233 22.540799997746944 1.5
    endloop
  endfacet
  facet normal 0 -1 0
    outer loop
      vertex 27.33340000361204 22 1.85
      vertex 28.83034999668598 22 1.5
      vertex 28.83034999668598 22 1.85
    endloop
  endfacet
  facet normal 0 1 0
    outer loop
      vertex 28.248874999582767 22.259374998509884 1.85
      vertex 28.83034999668598 22.259374998509884 1.85
      vertex 28.248874999582767 22.259374998509884 1.5
    endloop
  endfacet
  facet normal 1 0 0
    outer loop
      vertex 28.83034999668598 22 1.85
      vertex 28.83034999668598 22.259374998509884 1.5
      vertex 28.83034999668598 22.259374998509884 1.85
    endloop
  endfacet
  facet normal 0 0 1
    outer loop
      vertex 28.83034999668598 22 1.85
      vertex 28.83034999668598 22.259374998509884 1.85
      vertex 28.248874999582767 22.259374998509884 1.85
    endloop
  endfacet
  facet normal -1 0 0
    outer loop
      vertex 29.079674996435642 22.540799997746944 1.85
      vertex 29.079674996435642 22.778149999678135 1.85
      vertex 29.079674996435642 22.540799997746944 1.5
    endloop
  endfacet
  facet normal 0 0 1
    outer loop
      vertex 29.079674996435642 22.540799997746944 1.85
      vertex 29.361100003123283 22.781549997627735 1.85
      vertex 29.079674996435642 22.778149999678135 1.85
    endloop
  endfacet
  facet normal 0 -1 0
    outer loop
      vertex 30.205375000834465 22 1.85
      vertex 30.493574999272823 22 1.5
      vertex 30.493574999272823 22 1.85
    endloop
  endfacet
  facet normal -1 0 0
    outer loop
      vertex 30.205375000834465 22 1.85
      vertex 30.205375000834465 22.540799997746944 1.85
      vertex 30.205375000834465 22 1.5
    endloop
  endfacet
  facet normal 0 0 1
    outer loop
      vertex 30.205375000834465 22 1.85
      vertex 30.493574999272823 22 1.85
      vertex 30.205375000834465 22.540799997746944 1.85
    endloop
  endfacet
  facet normal 0 -1 0
    outer loop
      vertex 29.079674996435642 22.540799997746944 1.85
      vertex 30.205375000834465 22.540799997746944 1.5
      vertex 30.205375000834465 22.540799997746944 1.85
    endloop
  endfacet
  facet normal 1 0 0
    outer loop
      vertex 30.493574999272823 22 1.85
      vertex 30.493574999272823 22.540799997746944 1.5
      vertex 30.493574999272823 22.540799997746944 1.85
    endloop
  endfacet
  facet normal 0 -1 0
    outer loop
      vertex 30.493574999272823 22.540799997746944 1.85
      vertex 30.829250000417233 22.540799997746944 1.5
      vertex 30.829250000417233 22.540799997746944 1.85
    endloop
  endfacet
  facet normal 0 0 1
    outer loop
      vertex 29.079674996435642 22.540799997746944 1.85
      vertex 30.205375000834465 22.540799997746944 1.85
      vertex 29.361100003123283 22.781549997627735 1.85
    endloop
  endfacet
  facet normal 0 0 1
    outer loop
      vertex 30.205375000834465 22.540799997746944 1.85
      vertex 30.205375000834465 22.781549997627735 1.85
      vertex 29.361100003123283 22.781549997627735 1.85
    endloop
  endfacet
  facet normal 0 0 1
    outer loop
      vertex 30.493574999272823 22 1.85
      vertex 30.493574999272823 22.540799997746944 1.85
      vertex 30.205375000834465 22.540799997746944 1.85
    endloop
  endfacet
  facet normal 0 0 1
    outer loop
      vertex 30.205375000834465 22.540799997746944 1.85
      vertex 30.493574999272823 22.540799997746944 1.85
      vertex 30.493574999272823 22.781549997627735 1.85
    endloop
  endfacet
  facet normal 0 0 1
    outer loop
      vertex 30.205375000834465 22.540799997746944 1.85
      vertex 30.493574999272823 22.781549997627735 1.85
      vertex 30.205375000834465 22.781549997627735 1.85
    endloop
  endfacet
  facet normal 0 0 1
    outer loop
      vertex 30.493574999272823 22.540799997746944 1.85
      vertex 30.829250000417233 22.540799997746944 1.85
      vertex 30.829250000417233 22.781549997627735 1.85
    endloop
  endfacet
  facet normal 0 0 1
    outer loop
      vertex 30.493574999272823 22.540799997746944 1.85
      vertex 30.829250000417233 22.781549997627735 1.85
      vertex 30.493574999272823 22.781549997627735 1.85
    endloop
  endfacet
  facet normal 1 0 0
    outer loop
      vertex 28.248874999582767 22.259374998509884 1.85
      vertex 28.248874999582767 22.259374998509884 1.5
      vertex 28.248874999582767 24.388700000941753 1.5
    endloop
  endfacet
  facet normal 0.7808127030659596 -0.6247651740700898 0
    outer loop
      vertex 29.388224996626377 22.815449997782707 1.85
      vertex 29.361100003123283 22.781549997627735 1.5
      vertex 29.388224996626377 22.815449997782707 1.5
    endloop
  endfacet
  facet normal 0.8077743746268057 -0.5894917808555713 0
    outer loop
      vertex 29.479774996638298 22.9408999979496 1.85
      vertex 29.388224996626377 22.815449997782707 1.5
      vertex 29.479774996638298 22.9408999979496 1.5
    endloop
  endfacet
  facet normal 0 1 0
    outer loop
      vertex 29.361100003123283 22.781549997627735 1.85
      vertex 30.205375000834465 22.781549997627735 1.5
      vertex 29.361100003123283 22.781549997627735 1.5
    endloop
  endfacet
  facet normal 0 1 0
    outer loop
      vertex 30.829250000417233 22.781549997627735 1.85
      vertex 30.829250000417233 22.781549997627735 1.5
      vertex 30.493574999272823 22.781549997627735 1.5
    endloop
  endfacet
  facet normal -1 0 0
    outer loop
      vertex 30.205375000834465 22.781549997627735 1.85
      vertex 30.205375000834465 24.044550001621246 1.5
      vertex 30.205375000834465 22.781549997627735 1.5
    endloop
  endfacet
  facet normal 0.8274772956264678 -0.561499176511157 0
    outer loop
      vertex 30.091775000095367 23.842799998819828 1.85
      vertex 29.479774996638298 22.9408999979496 1.5
      vertex 30.091775000095367 23.842799998819828 1.5
    endloop
  endfacet
  facet normal 1 0 0
    outer loop
      vertex 30.493574999272823 22.781549997627735 1.85
      vertex 30.493574999272823 22.781549997627735 1.5
      vertex 30.493574999272823 24.388700000941753 1.5
    endloop
  endfacet
  facet normal 0.7808127030659596 -0.6247651740700898 0
    outer loop
      vertex 29.361100003123283 22.781549997627735 1.85
      vertex 29.361100003123283 22.781549997627735 1.5
      vertex 29.388224996626377 22.815449997782707 1.85
    endloop
  endfacet
  facet normal 0.8077743746268057 -0.5894917808555713 0
    outer loop
      vertex 29.388224996626377 22.815449997782707 1.85
      vertex 29.388224996626377 22.815449997782707 1.5
      vertex 29.479774996638298 22.9408999979496 1.85
    endloop
  endfacet
  facet normal 0 0 1
    outer loop
      vertex 29.079674996435642 22.778149999678135 1.85
      vertex 29.361100003123283 22.781549997627735 1.85
      vertex 29.388224996626377 22.815449997782707 1.85
    endloop
  endfacet
  facet normal -0.8273321131463328 0.5617130713779266 0
    outer loop
      vertex 29.079674996435642 22.778149999678135 1.85
      vertex 30.17315000295639 24.388700000941753 1.85
      vertex 29.079674996435642 22.778149999678135 1.5
    endloop
  endfacet
  facet normal 0 1 0
    outer loop
      vertex 29.361100003123283 22.781549997627735 1.85
      vertex 30.205375000834465 22.781549997627735 1.85
      vertex 30.205375000834465 22.781549997627735 1.5
    endloop
  endfacet
  facet normal 0 1 0
    outer loop
      vertex 30.493574999272823 22.781549997627735 1.85
      vertex 30.829250000417233 22.781549997627735 1.85
      vertex 30.493574999272823 22.781549997627735 1.5
    endloop
  endfacet
  facet normal 0 0 1
    outer loop
      vertex 30.205375000834465 22.781549997627735 1.85
      vertex 30.493574999272823 22.781549997627735 1.85
      vertex 30.205375000834465 24.044550001621246 1.85
    endloop
  endfacet
  facet normal 0.8274772956264678 -0.561499176511157 0
    outer loop
      vertex 29.479774996638298 22.9408999979496 1.85
      vertex 29.479774996638298 22.9408999979496 1.5
      vertex 30.091775000095367 23.842799998819828 1.85
    endloop
  endfacet
  facet normal -1 0 0
    outer loop
      vertex 30.205375000834465 22.781549997627735 1.85
      vertex 30.205375000834465 24.044550001621246 1.85
      vertex 30.205375000834465 24.044550001621246 1.5
    endloop
  endfacet
  facet normal 0 0 1
    outer loop
      vertex 29.079674996435642 22.778149999678135 1.85
      vertex 29.388224996626377 22.815449997782707 1.85
      vertex 30.205375000834465 24.044550001621246 1.85
    endloop
  endfacet
  facet normal 0 0 1
    outer loop
      vertex 29.388224996626377 22.815449997782707 1.85
      vertex 29.479774996638298 22.9408999979496 1.85
      vertex 30.157899998128414 23.954700000584126 1.85
    endloop
  endfacet
  facet normal 0 0 1
    outer loop
      vertex 29.479774996638298 22.9408999979496 1.85
      vertex 30.091775000095367 23.842799998819828 1.85
      vertex 30.09694691002369 23.850546911358833 1.85
    endloop
  endfacet
  facet normal 0 0 1
    outer loop
      vertex 29.479774996638298 22.9408999979496 1.85
      vertex 30.09694691002369 23.850546911358833 1.85
      vertex 30.10266265273094 23.859465435147285 1.85
    endloop
  endfacet
  facet normal 0 0 1
    outer loop
      vertex 29.479774996638298 22.9408999979496 1.85
      vertex 30.10266265273094 23.859465435147285 1.85
      vertex 30.108922220766544 23.869555555284023 1.85
    endloop
  endfacet
  facet normal 0 0 1
    outer loop
      vertex 29.479774996638298 22.9408999979496 1.85
      vertex 30.108922220766544 23.869555555284023 1.85
      vertex 30.115725614130497 23.880817286670208 1.85
    endloop
  endfacet
  facet normal 0 0 1
    outer loop
      vertex 29.479774996638298 22.9408999979496 1.85
      vertex 30.115725614130497 23.880817286670208 1.85
      vertex 30.12307284027338 23.89325061440468 1.85
    endloop
  endfacet
  facet normal 0 0 1
    outer loop
      vertex 29.388224996626377 22.815449997782707 1.85
      vertex 30.157899998128414 23.954700000584126 1.85
      vertex 30.16719228029251 23.97154752910137 1.85
    endloop
  endfacet
  facet normal 0 0 1
    outer loop
      vertex 29.479774996638298 22.9408999979496 1.85
      vertex 30.12307284027338 23.89325061440468 1.85
      vertex 30.130963891744614 23.906855553388596 1.85
    endloop
  endfacet
  facet normal 0 0 1
    outer loop
      vertex 29.388224996626377 22.815449997782707 1.85
      vertex 30.16719228029251 23.97154752910137 1.85
      vertex 30.175480246543884 23.986679010093212 1.85
    endloop
  endfacet
  facet normal 0 0 1
    outer loop
      vertex 29.479774996638298 22.9408999979496 1.85
      vertex 30.130963891744614 23.906855553388596 1.85
      vertex 30.139398768544197 23.92163209617138 1.85
    endloop
  endfacet
  facet normal 0 0 1
    outer loop
      vertex 29.388224996626377 22.815449997782707 1.85
      vertex 30.175480246543884 23.986679010093212 1.85
      vertex 30.182763889431953 24.000094443559647 1.85
    endloop
  endfacet
  facet normal 0 0 1
    outer loop
      vertex 29.479774996638298 22.9408999979496 1.85
      vertex 30.139398768544197 23.92163209617138 1.85
      vertex 30.14837747067213 23.93758025020361 1.85
    endloop
  endfacet
  facet normal 0 0 1
    outer loop
      vertex 29.388224996626377 22.815449997782707 1.85
      vertex 30.182763889431953 24.000094443559647 1.85
      vertex 30.18904320895672 24.011793829500675 1.85
    endloop
  endfacet
  facet normal 0 0 1
    outer loop
      vertex 29.479774996638298 22.9408999979496 1.85
      vertex 30.14837747067213 23.93758025020361 1.85
      vertex 30.157899998128414 23.954700000584126 1.85
    endloop
  endfacet
  facet normal 0 0 1
    outer loop
      vertex 29.388224996626377 22.815449997782707 1.85
      vertex 30.18904320895672 24.011793829500675 1.85
      vertex 30.19431821256876 24.021777160465717 1.85
    endloop
  endfacet
  facet normal 0 0 1
    outer loop
      vertex 29.388224996626377 22.815449997782707 1.85
      vertex 30.19431821256876 24.021777160465717 1.85
      vertex 30.198588885366917 24.030044443905354 1.85
    endloop
  endfacet
  facet normal -1 0 0
    outer loop
      vertex 27.402900002896786 24.000474996864796 1.85
      vertex 27.402900002896786 24.000474996864796 1.5
      vertex 27.402900002896786 23.712274998426437 1.5
    endloop
  endfacet
  facet normal 0.5809918111973685 -0.8139094024039785 0
    outer loop
      vertex 27.402900002896786 23.712274998426437 1.85
      vertex 27.402900002896786 23.712274998426437 1.5
      vertex 27.94200000166893 24.097099997103214 1.5
    endloop
  endfacet
  facet normal -0.5666248361385963 0.8239759068509885 0
    outer loop
      vertex 27.967450000345707 24.388700000941753 1.85
      vertex 27.967450000345707 24.388700000941753 1.5
      vertex 27.402900002896786 24.000474996864796 1.5
    endloop
  endfacet
  facet normal 0 1 0
    outer loop
      vertex 28.248874999582767 24.388700000941753 1.85
      vertex 28.248874999582767 24.388700000941753 1.5
      vertex 27.967450000345707 24.388700000941753 1.5
    endloop
  endfacet
  facet normal -1 0 0
    outer loop
      vertex 27.402900002896786 23.712274998426437 1.85
      vertex 27.402900002896786 24.000474996864796 1.85
      vertex 27.402900002896786 23.712274998426437 1.5
    endloop
  endfacet
  facet normal 0.5809918111973685 -0.8139094024039785 0
    outer loop
      vertex 27.402900002896786 23.712274998426437 1.85
      vertex 27.94200000166893 24.097099997103214 1.5
      vertex 27.94200000166893 24.097099997103214 1.85
    endloop
  endfacet
  facet normal 0 0 1
    outer loop
      vertex 27.402900002896786 23.712274998426437 1.85
      vertex 27.94200000166893 24.097099997103214 1.85
      vertex 27.402900002896786 24.000474996864796 1.85
    endloop
  endfacet
  facet normal -0.5666248361385963 0.8239759068509885 0
    outer loop
      vertex 27.402900002896786 24.000474996864796 1.85
      vertex 27.967450000345707 24.388700000941753 1.85
      vertex 27.402900002896786 24.000474996864796 1.5
    endloop
  endfacet
  facet normal 0 1 0
    outer loop
      vertex 27.967450000345707 24.388700000941753 1.85
      vertex 28.248874999582767 24.388700000941753 1.85
      vertex 27.967450000345707 24.388700000941753 1.5
    endloop
  endfacet
  facet normal 0 0 1
    outer loop
      vertex 27.402900002896786 24.000474996864796 1.85
      vertex 27.94200000166893 24.097099997103214 1.85
      vertex 27.967450000345707 24.388700000941753 1.85
    endloop
  endfacet
  facet normal 0 0 1
    outer loop
      vertex 27.94200000166893 24.097099997103214 1.85
      vertex 28.248874999582767 24.388700000941753 1.85
      vertex 27.967450000345707 24.388700000941753 1.85
    endloop
  endfacet
  facet normal -0.8273321131463328 0.5617130713779266 0
    outer loop
      vertex 30.17315000295639 24.388700000941753 1.85
      vertex 30.17315000295639 24.388700000941753 1.5
      vertex 29.079674996435642 22.778149999678135 1.5
    endloop
  endfacet
  facet normal 0.8316883277899273 -0.5552427625984822 0
    outer loop
      vertex 30.09694691002369 23.850546911358833 1.85
      vertex 30.091775000095367 23.842799998819828 1.5
      vertex 30.09694691002369 23.850546911358833 1.5
    endloop
  endfacet
  facet normal 0.8419331646233665 -0.5395818254048993 0
    outer loop
      vertex 30.10266265273094 23.859465435147285 1.85
      vertex 30.09694691002369 23.850546911358833 1.5
      vertex 30.10266265273094 23.859465435147285 1.5
    endloop
  endfacet
  facet normal 0.8497633540813535 -0.5271643406570748 0
    outer loop
      vertex 30.108922220766544 23.869555555284023 1.85
      vertex 30.10266265273094 23.859465435147285 1.5
      vertex 30.108922220766544 23.869555555284023 1.5
    endloop
  endfacet
  facet normal 0.8559346941580342 -0.5170839383858218 0
    outer loop
      vertex 30.115725614130497 23.880817286670208 1.85
      vertex 30.108922220766544 23.869555555284023 1.5
      vertex 30.115725614130497 23.880817286670208 1.5
    endloop
  endfacet
  facet normal 0.8609186505752771 -0.5087426432801206 0
    outer loop
      vertex 30.12307284027338 23.89325061440468 1.85
      vertex 30.115725614130497 23.880817286670208 1.5
      vertex 30.12307284027338 23.89325061440468 1.5
    endloop
  endfacet
  facet normal 0.8650260328736388 -0.5017269799910052 0
    outer loop
      vertex 30.130963891744614 23.906855553388596 1.85
      vertex 30.12307284027338 23.89325061440468 1.5
      vertex 30.130963891744614 23.906855553388596 1.5
    endloop
  endfacet
  facet normal 0.8684674176954449 -0.4957462500124492 0
    outer loop
      vertex 30.139398768544197 23.92163209617138 1.85
      vertex 30.130963891744614 23.906855553388596 1.5
      vertex 30.139398768544197 23.92163209617138 1.5
    endloop
  endfacet
  facet normal 0.8713918385742409 -0.49058767174298645 0
    outer loop
      vertex 30.14837747067213 23.93758025020361 1.85
      vertex 30.139398768544197 23.92163209617138 1.5
      vertex 30.14837747067213 23.93758025020361 1.5
    endloop
  endfacet
  facet normal 0.8739067536958783 -0.48609359782322914 0
    outer loop
      vertex 30.157899998128414 23.954700000584126 1.85
      vertex 30.14837747067213 23.93758025020361 1.5
      vertex 30.157899998128414 23.954700000584126 1.5
    endloop
  endfacet
  facet normal 0.8756415607440596 -0.48296154826001125 0
    outer loop
      vertex 30.16719228029251 23.97154752910137 1.85
      vertex 30.157899998128414 23.954700000584126 1.5
      vertex 30.16719228029251 23.97154752910137 1.5
    endloop
  endfacet
  facet normal 0.877055265006415 -0.48038949002296794 0
    outer loop
      vertex 30.175480246543884 23.986679010093212 1.85
      vertex 30.16719228029251 23.97154752910137 1.5
      vertex 30.175480246543884 23.986679010093212 1.5
    endloop
  endfacet
  facet normal 0.8788265395516766 -0.47714139767958247 0
    outer loop
      vertex 30.182763889431953 24.000094443559647 1.85
      vertex 30.175480246543884 23.986679010093212 1.5
      vertex 30.182763889431953 24.000094443559647 1.5
    endloop
  endfacet
  facet normal 0.8811100518873258 -0.4729112775808101 0
    outer loop
      vertex 30.18904320895672 24.011793829500675 1.85
      vertex 30.182763889431953 24.000094443559647 1.5
      vertex 30.18904320895672 24.011793829500675 1.5
    endloop
  endfacet
  facet normal 0.8841644472482527 -0.46717580226526234 0
    outer loop
      vertex 30.19431821256876 24.021777160465717 1.85
      vertex 30.18904320895672 24.011793829500675 1.5
      vertex 30.19431821256876 24.021777160465717 1.5
    endloop
  endfacet
  facet normal 0.8884590795652039 -0.4589558409456739 0
    outer loop
      vertex 30.198588885366917 24.030044443905354 1.85
      vertex 30.19431821256876 24.021777160465717 1.5
      vertex 30.198588885366917 24.030044443905354 1.5
    endloop
  endfacet
  facet normal 0.8949322560525729 -0.4462020361637229 0
    outer loop
      vertex 30.20185524970293 24.036595679819584 1.85
      vertex 30.198588885366917 24.030044443905354 1.5
      vertex 30.20185524970293 24.036595679819584 1.5
    endloop
  endfacet
  facet normal 0.9057795877784384 -0.42374914556128856 0
    outer loop
      vertex 30.20411728322506 24.041430860757828 1.85
      vertex 30.20185524970293 24.036595679819584 1.5
      vertex 30.20411728322506 24.041430860757828 1.5
    endloop
  endfacet
  facet normal 0.9274415216038184 -0.3739682125598298 0
    outer loop
      vertex 30.205375000834465 24.044550001621246 1.85
      vertex 30.20411728322506 24.041430860757828 1.5
      vertex 30.205375000834465 24.044550001621246 1.5
    endloop
  endfacet
  facet normal 0 1 0
    outer loop
      vertex 30.493574999272823 24.388700000941753 1.85
      vertex 30.493574999272823 24.388700000941753 1.5
      vertex 30.17315000295639 24.388700000941753 1.5
    endloop
  endfacet
  facet normal 1 0 0
    outer loop
      vertex 28.248874999582767 22.259374998509884 1.85
      vertex 28.248874999582767 24.388700000941753 1.5
      vertex 28.248874999582767 24.388700000941753 1.85
    endloop
  endfacet
  facet normal 0.8316883277899273 -0.5552427625984822 0
    outer loop
      vertex 30.091775000095367 23.842799998819828 1.85
      vertex 30.091775000095367 23.842799998819828 1.5
      vertex 30.09694691002369 23.850546911358833 1.85
    endloop
  endfacet
  facet normal 0.8419331646233665 -0.5395818254048993 0
    outer loop
      vertex 30.09694691002369 23.850546911358833 1.85
      vertex 30.09694691002369 23.850546911358833 1.5
      vertex 30.10266265273094 23.859465435147285 1.85
    endloop
  endfacet
  facet normal 0.8497633540813535 -0.5271643406570748 0
    outer loop
      vertex 30.10266265273094 23.859465435147285 1.85
      vertex 30.10266265273094 23.859465435147285 1.5
      vertex 30.108922220766544 23.869555555284023 1.85
    endloop
  endfacet
  facet normal 0.8559346941580342 -0.5170839383858218 0
    outer loop
      vertex 30.108922220766544 23.869555555284023 1.85
      vertex 30.108922220766544 23.869555555284023 1.5
      vertex 30.115725614130497 23.880817286670208 1.85
    endloop
  endfacet
  facet normal 0.8609186505752771 -0.5087426432801206 0
    outer loop
      vertex 30.115725614130497 23.880817286670208 1.85
      vertex 30.115725614130497 23.880817286670208 1.5
      vertex 30.12307284027338 23.89325061440468 1.85
    endloop
  endfacet
  facet normal 0.8650260328736388 -0.5017269799910052 0
    outer loop
      vertex 30.12307284027338 23.89325061440468 1.85
      vertex 30.12307284027338 23.89325061440468 1.5
      vertex 30.130963891744614 23.906855553388596 1.85
    endloop
  endfacet
  facet normal 0.8684674176954449 -0.4957462500124492 0
    outer loop
      vertex 30.130963891744614 23.906855553388596 1.85
      vertex 30.130963891744614 23.906855553388596 1.5
      vertex 30.139398768544197 23.92163209617138 1.85
    endloop
  endfacet
  facet normal 0.8713918385742409 -0.49058767174298645 0
    outer loop
      vertex 30.139398768544197 23.92163209617138 1.85
      vertex 30.139398768544197 23.92163209617138 1.5
      vertex 30.14837747067213 23.93758025020361 1.85
    endloop
  endfacet
  facet normal 0.8739067536958783 -0.48609359782322914 0
    outer loop
      vertex 30.14837747067213 23.93758025020361 1.85
      vertex 30.14837747067213 23.93758025020361 1.5
      vertex 30.157899998128414 23.954700000584126 1.85
    endloop
  endfacet
  facet normal 0.8756415607440596 -0.48296154826001125 0
    outer loop
      vertex 30.157899998128414 23.954700000584126 1.85
      vertex 30.157899998128414 23.954700000584126 1.5
      vertex 30.16719228029251 23.97154752910137 1.85
    endloop
  endfacet
  facet normal 0.877055265006415 -0.48038949002296794 0
    outer loop
      vertex 30.16719228029251 23.97154752910137 1.85
      vertex 30.16719228029251 23.97154752910137 1.5
      vertex 30.175480246543884 23.986679010093212 1.85
    endloop
  endfacet
  facet normal 0.8788265395516766 -0.47714139767958247 0
    outer loop
      vertex 30.175480246543884 23.986679010093212 1.85
      vertex 30.175480246543884 23.986679010093212 1.5
      vertex 30.182763889431953 24.000094443559647 1.85
    endloop
  endfacet
  facet normal 0.8811100518873258 -0.4729112775808101 0
    outer loop
      vertex 30.182763889431953 24.000094443559647 1.85
      vertex 30.182763889431953 24.000094443559647 1.5
      vertex 30.18904320895672 24.011793829500675 1.85
    endloop
  endfacet
  facet normal 0.8841644472482527 -0.46717580226526234 0
    outer loop
      vertex 30.18904320895672 24.011793829500675 1.85
      vertex 30.18904320895672 24.011793829500675 1.5
      vertex 30.19431821256876 24.021777160465717 1.85
    endloop
  endfacet
  facet normal 0.8884590795652039 -0.4589558409456739 0
    outer loop
      vertex 30.19431821256876 24.021777160465717 1.85
      vertex 30.19431821256876 24.021777160465717 1.5
      vertex 30.198588885366917 24.030044443905354 1.85
    endloop
  endfacet
  facet normal 0.8949322560525729 -0.4462020361637229 0
    outer loop
      vertex 30.198588885366917 24.030044443905354 1.85
      vertex 30.198588885366917 24.030044443905354 1.5
      vertex 30.20185524970293 24.036595679819584 1.85
    endloop
  endfacet
  facet normal 0.9057795877784384 -0.42374914556128856 0
    outer loop
      vertex 30.20185524970293 24.036595679819584 1.85
      vertex 30.20185524970293 24.036595679819584 1.5
      vertex 30.20411728322506 24.041430860757828 1.85
    endloop
  endfacet
  facet normal 0.9274415216038184 -0.3739682125598298 0
    outer loop
      vertex 30.20411728322506 24.041430860757828 1.85
      vertex 30.20411728322506 24.041430860757828 1.5
      vertex 30.205375000834465 24.044550001621246 1.85
    endloop
  endfacet
  facet normal 1 0 0
    outer loop
      vertex 30.493574999272823 22.781549997627735 1.85
      vertex 30.493574999272823 24.388700000941753 1.5
      vertex 30.493574999272823 24.388700000941753 1.85
    endloop
  endfacet
  facet normal 0 0 1
    outer loop
      vertex 29.388224996626377 22.815449997782707 1.85
      vertex 30.198588885366917 24.030044443905354 1.85
      vertex 30.20185524970293 24.036595679819584 1.85
    endloop
  endfacet
  facet normal 0 0 1
    outer loop
      vertex 29.388224996626377 22.815449997782707 1.85
      vertex 30.20185524970293 24.036595679819584 1.85
      vertex 30.20411728322506 24.041430860757828 1.85
    endloop
  endfacet
  facet normal 0 0 1
    outer loop
      vertex 29.388224996626377 22.815449997782707 1.85
      vertex 30.20411728322506 24.041430860757828 1.85
      vertex 30.205375000834465 24.044550001621246 1.85
    endloop
  endfacet
  facet normal 0 0 1
    outer loop
      vertex 29.079674996435642 22.778149999678135 1.85
      vertex 30.205375000834465 24.044550001621246 1.85
      vertex 30.17315000295639 24.388700000941753 1.85
    endloop
  endfacet
  facet normal 0 0 1
    outer loop
      vertex 30.493574999272823 22.781549997627735 1.85
      vertex 30.493574999272823 24.388700000941753 1.85
      vertex 30.205375000834465 24.044550001621246 1.85
    endloop
  endfacet
  facet normal 0 1 0
    outer loop
      vertex 30.17315000295639 24.388700000941753 1.85
      vertex 30.493574999272823 24.388700000941753 1.85
      vertex 30.17315000295639 24.388700000941753 1.5
    endloop
  endfacet
  facet normal 0 0 1
    outer loop
      vertex 30.205375000834465 24.044550001621246 1.85
      vertex 30.493574999272823 24.388700000941753 1.85
      vertex 30.17315000295639 24.388700000941753 1.85
    endloop
  endfacet
  facet normal 1 0 0
    outer loop
      vertex 30.829250000417233 22.540799997746944 1.85
      vertex 30.829250000417233 22.540799997746944 1.5
      vertex 30.829250000417233 22.781549997627735 1.5
    endloop
  endfacet
  facet normal 1 0 0
    outer loop
      vertex 30.829250000417233 22.540799997746944 1.85
      vertex 30.829250000417233 22.781549997627735 1.5
      vertex 30.829250000417233 22.781549997627735 1.85
    endloop
  endfacet
  facet normal 0 -1 0
    outer loop
      vertex 44.88551250100136 22 1.85
      vertex 44.88551250100136 22 1.5
      vertex 46.38246250152588 22 1.5
    endloop
  endfacet
  facet normal -1 0 0
    outer loop
      vertex 44.88551250100136 22.259374998509884 1.85
      vertex 44.88551250100136 22.259374998509884 1.5
      vertex 44.88551250100136 22 1.5
    endloop
  endfacet
  facet normal 0 1 0
    outer loop
      vertex 45.49411249905825 22.259374998509884 1.85
      vertex 45.49411249905825 22.259374998509884 1.5
      vertex 44.88551250100136 22.259374998509884 1.5
    endloop
  endfacet
  facet normal -1 0 0
    outer loop
      vertex 44.88551250100136 22 1.85
      vertex 44.88551250100136 22.259374998509884 1.85
      vertex 44.88551250100136 22 1.5
    endloop
  endfacet
  facet normal 0 1 0
    outer loop
      vertex 44.88551250100136 22.259374998509884 1.85
      vertex 45.49411249905825 22.259374998509884 1.85
      vertex 44.88551250100136 22.259374998509884 1.5
    endloop
  endfacet
  facet normal 0 -1 0
    outer loop
      vertex 44.88551250100136 22 1.85
      vertex 46.38246250152588 22 1.5
      vertex 46.38246250152588 22 1.85
    endloop
  endfacet
  facet normal 0 1 0
    outer loop
      vertex 45.800987496972084 22.259374998509884 1.85
      vertex 46.38246250152588 22.259374998509884 1.85
      vertex 45.800987496972084 22.259374998509884 1.5
    endloop
  endfacet
  facet normal 0 0 1
    outer loop
      vertex 44.88551250100136 22 1.85
      vertex 45.49411249905825 22.259374998509884 1.85
      vertex 44.88551250100136 22.259374998509884 1.85
    endloop
  endfacet
  facet normal 0 0 1
    outer loop
      vertex 44.88551250100136 22 1.85
      vertex 45.800987496972084 22.259374998509884 1.85
      vertex 45.49411249905825 22.259374998509884 1.85
    endloop
  endfacet
  facet normal 0 0 1
    outer loop
      vertex 44.88551250100136 22 1.85
      vertex 46.38246250152588 22 1.85
      vertex 45.800987496972084 22.259374998509884 1.85
    endloop
  endfacet
  facet normal 1 0 0
    outer loop
      vertex 45.800987496972084 22.259374998509884 1.85
      vertex 45.800987496972084 22.259374998509884 1.5
      vertex 45.800987496972084 24.388700000941753 1.5
    endloop
  endfacet
  facet normal -1 0 0
    outer loop
      vertex 45.49411249905825 24.097099997103214 1.85
      vertex 45.49411249905825 24.097099997103214 1.5
      vertex 45.49411249905825 22.259374998509884 1.5
    endloop
  endfacet
  facet normal -1 0 0
    outer loop
      vertex 45.49411249905825 22.259374998509884 1.85
      vertex 45.49411249905825 24.097099997103214 1.85
      vertex 45.49411249905825 22.259374998509884 1.5
    endloop
  endfacet
  facet normal 0 0 1
    outer loop
      vertex 45.49411249905825 22.259374998509884 1.85
      vertex 45.800987496972084 22.259374998509884 1.85
      vertex 45.49411249905825 24.097099997103214 1.85
    endloop
  endfacet
  facet normal 0 0 1
    outer loop
      vertex 45.800987496972084 22.259374998509884 1.85
      vertex 45.800987496972084 24.388700000941753 1.85
      vertex 45.49411249905825 24.097099997103214 1.85
    endloop
  endfacet
  facet normal 1 0 0
    outer loop
      vertex 46.38246250152588 22 1.85
      vertex 46.38246250152588 22 1.5
      vertex 46.38246250152588 22.259374998509884 1.5
    endloop
  endfacet
  facet normal 0 1 0
    outer loop
      vertex 46.38246250152588 22.259374998509884 1.85
      vertex 46.38246250152588 22.259374998509884 1.5
      vertex 45.800987496972084 22.259374998509884 1.5
    endloop
  endfacet
  facet normal -1 0 0
    outer loop
      vertex 46.63178750127554 22.778149999678135 1.85
      vertex 46.63178750127554 22.778149999678135 1.5
      vertex 46.63178750127554 22.540799997746944 1.5
    endloop
  endfacet
  facet normal 0 -1 0
    outer loop
      vertex 46.63178750127554 22.540799997746944 1.85
      vertex 46.63178750127554 22.540799997746944 1.5
      vertex 47.75748749822378 22.540799997746944 1.5
    endloop
  endfacet
  facet normal 0 -1 0
    outer loop
      vertex 47.75748749822378 22 1.85
      vertex 47.75748749822378 22 1.5
      vertex 48.04568749666214 22 1.5
    endloop
  endfacet
  facet normal 1 0 0
    outer loop
      vertex 48.04568749666214 22 1.85
      vertex 48.04568749666214 22 1.5
      vertex 48.04568749666214 22.540799997746944 1.5
    endloop
  endfacet
  facet normal -1 0 0
    outer loop
      vertex 47.75748749822378 22.540799997746944 1.85
      vertex 47.75748749822378 22.540799997746944 1.5
      vertex 47.75748749822378 22 1.5
    endloop
  endfacet
  facet normal 0 -1 0
    outer loop
      vertex 48.04568749666214 22.540799997746944 1.85
      vertex 48.04568749666214 22.540799997746944 1.5
      vertex 48.38136249780655 22.540799997746944 1.5
    endloop
  endfacet
  facet normal 1 0 0
    outer loop
      vertex 48.38136249780655 22.540799997746944 1.85
      vertex 48.38136249780655 22.540799997746944 1.5
      vertex 48.38136249780655 22.781549997627735 1.5
    endloop
  endfacet
  facet normal 1 0 0
    outer loop
      vertex 46.38246250152588 22 1.85
      vertex 46.38246250152588 22.259374998509884 1.5
      vertex 46.38246250152588 22.259374998509884 1.85
    endloop
  endfacet
  facet normal 0 0 1
    outer loop
      vertex 46.38246250152588 22 1.85
      vertex 46.38246250152588 22.259374998509884 1.85
      vertex 45.800987496972084 22.259374998509884 1.85
    endloop
  endfacet
  facet normal -1 0 0
    outer loop
      vertex 46.63178750127554 22.540799997746944 1.85
      vertex 46.63178750127554 22.778149999678135 1.85
      vertex 46.63178750127554 22.540799997746944 1.5
    endloop
  endfacet
  facet normal 0 -1 0
    outer loop
      vertex 46.63178750127554 22.540799997746944 1.85
      vertex 47.75748749822378 22.540799997746944 1.5
      vertex 47.75748749822378 22.540799997746944 1.85
    endloop
  endfacet
  facet normal 0 0 1
    outer loop
      vertex 46.63178750127554 22.540799997746944 1.85
      vertex 46.9132125005126 22.781549997627735 1.85
      vertex 46.63178750127554 22.778149999678135 1.85
    endloop
  endfacet
  facet normal 0 0 1
    outer loop
      vertex 46.63178750127554 22.540799997746944 1.85
      vertex 47.75748749822378 22.540799997746944 1.85
      vertex 46.9132125005126 22.781549997627735 1.85
    endloop
  endfacet
  facet normal 0 -1 0
    outer loop
      vertex 47.75748749822378 22 1.85
      vertex 48.04568749666214 22 1.5
      vertex 48.04568749666214 22 1.85
    endloop
  endfacet
  facet normal -1 0 0
    outer loop
      vertex 47.75748749822378 22 1.85
      vertex 47.75748749822378 22.540799997746944 1.85
      vertex 47.75748749822378 22 1.5
    endloop
  endfacet
  facet normal 0 0 1
    outer loop
      vertex 47.75748749822378 22 1.85
      vertex 48.04568749666214 22 1.85
      vertex 47.75748749822378 22.540799997746944 1.85
    endloop
  endfacet
  facet normal 1 0 0
    outer loop
      vertex 48.04568749666214 22 1.85
      vertex 48.04568749666214 22.540799997746944 1.5
      vertex 48.04568749666214 22.540799997746944 1.85
    endloop
  endfacet
  facet normal 0 -1 0
    outer loop
      vertex 48.04568749666214 22.540799997746944 1.85
      vertex 48.38136249780655 22.540799997746944 1.5
      vertex 48.38136249780655 22.540799997746944 1.85
    endloop
  endfacet
  facet normal 1 0 0
    outer loop
      vertex 48.38136249780655 22.540799997746944 1.85
      vertex 48.38136249780655 22.781549997627735 1.5
      vertex 48.38136249780655 22.781549997627735 1.85
    endloop
  endfacet
  facet normal 0 0 1
    outer loop
      vertex 48.04568749666214 22 1.85
      vertex 48.04568749666214 22.540799997746944 1.85
      vertex 47.75748749822378 22.540799997746944 1.85
    endloop
  endfacet
  facet normal 0 0 1
    outer loop
      vertex 47.75748749822378 22.540799997746944 1.85
      vertex 47.75748749822378 22.781549997627735 1.85
      vertex 46.9132125005126 22.781549997627735 1.85
    endloop
  endfacet
  facet normal 0 0 1
    outer loop
      vertex 47.75748749822378 22.540799997746944 1.85
      vertex 48.04568749666214 22.540799997746944 1.85
      vertex 48.04568749666214 22.781549997627735 1.85
    endloop
  endfacet
  facet normal 0 0 1
    outer loop
      vertex 47.75748749822378 22.540799997746944 1.85
      vertex 48.04568749666214 22.781549997627735 1.85
      vertex 47.75748749822378 22.781549997627735 1.85
    endloop
  endfacet
  facet normal 0 0 1
    outer loop
      vertex 48.04568749666214 22.540799997746944 1.85
      vertex 48.38136249780655 22.540799997746944 1.85
      vertex 48.38136249780655 22.781549997627735 1.85
    endloop
  endfacet
  facet normal 0 0 1
    outer loop
      vertex 48.04568749666214 22.540799997746944 1.85
      vertex 48.38136249780655 22.781549997627735 1.85
      vertex 48.04568749666214 22.781549997627735 1.85
    endloop
  endfacet
  facet normal 0.780812619351407 -0.6247652786940024 0
    outer loop
      vertex 46.940337501466274 22.815449997782707 1.85
      vertex 46.9132125005126 22.781549997627735 1.5
      vertex 46.940337501466274 22.815449997782707 1.5
    endloop
  endfacet
  facet normal 0.8077743746268057 -0.5894917808555713 0
    outer loop
      vertex 47.031887501478195 22.9408999979496 1.85
      vertex 46.940337501466274 22.815449997782707 1.5
      vertex 47.031887501478195 22.9408999979496 1.5
    endloop
  endfacet
  facet normal 0 1 0
    outer loop
      vertex 46.9132125005126 22.781549997627735 1.85
      vertex 47.75748749822378 22.781549997627735 1.5
      vertex 46.9132125005126 22.781549997627735 1.5
    endloop
  endfacet
  facet normal -1 0 0
    outer loop
      vertex 47.75748749822378 22.781549997627735 1.85
      vertex 47.75748749822378 24.044550001621246 1.5
      vertex 47.75748749822378 22.781549997627735 1.5
    endloop
  endfacet
  facet normal 0 1 0
    outer loop
      vertex 48.38136249780655 22.781549997627735 1.85
      vertex 48.38136249780655 22.781549997627735 1.5
      vertex 48.04568749666214 22.781549997627735 1.5
    endloop
  endfacet
  facet normal 1 0 0
    outer loop
      vertex 48.04568749666214 22.781549997627735 1.85
      vertex 48.04568749666214 22.781549997627735 1.5
      vertex 48.04568749666214 24.388700000941753 1.5
    endloop
  endfacet
  facet normal 0.8274772988025594 -0.5614991718305735 0
    outer loop
      vertex 47.643887497484684 23.842799998819828 1.85
      vertex 47.031887501478195 22.9408999979496 1.5
      vertex 47.643887497484684 23.842799998819828 1.5
    endloop
  endfacet
  facet normal 0.780812619351407 -0.6247652786940024 0
    outer loop
      vertex 46.9132125005126 22.781549997627735 1.85
      vertex 46.9132125005126 22.781549997627735 1.5
      vertex 46.940337501466274 22.815449997782707 1.85
    endloop
  endfacet
  facet normal 0.8077743746268057 -0.5894917808555713 0
    outer loop
      vertex 46.940337501466274 22.815449997782707 1.85
      vertex 46.940337501466274 22.815449997782707 1.5
      vertex 47.031887501478195 22.9408999979496 1.85
    endloop
  endfacet
  facet normal 0 0 1
    outer loop
      vertex 46.63178750127554 22.778149999678135 1.85
      vertex 46.9132125005126 22.781549997627735 1.85
      vertex 46.940337501466274 22.815449997782707 1.85
    endloop
  endfacet
  facet normal -0.8273321149249816 0.5617130687582025 0
    outer loop
      vertex 46.63178750127554 22.778149999678135 1.85
      vertex 47.72526250034571 24.388700000941753 1.85
      vertex 46.63178750127554 22.778149999678135 1.5
    endloop
  endfacet
  facet normal 0.8274772988025594 -0.5614991718305735 0
    outer loop
      vertex 47.031887501478195 22.9408999979496 1.85
      vertex 47.031887501478195 22.9408999979496 1.5
      vertex 47.643887497484684 23.842799998819828 1.85
    endloop
  endfacet
  facet normal 0 0 1
    outer loop
      vertex 46.63178750127554 22.778149999678135 1.85
      vertex 46.940337501466274 22.815449997782707 1.85
      vertex 47.75748749822378 24.044550001621246 1.85
    endloop
  endfacet
  facet normal 0 0 1
    outer loop
      vertex 46.940337501466274 22.815449997782707 1.85
      vertex 47.031887501478195 22.9408999979496 1.85
      vertex 47.71001250296831 23.954700000584126 1.85
    endloop
  endfacet
  facet normal 0 1 0
    outer loop
      vertex 46.9132125005126 22.781549997627735 1.85
      vertex 47.75748749822378 22.781549997627735 1.85
      vertex 47.75748749822378 22.781549997627735 1.5
    endloop
  endfacet
  facet normal 0 1 0
    outer loop
      vertex 48.04568749666214 22.781549997627735 1.85
      vertex 48.38136249780655 22.781549997627735 1.85
      vertex 48.04568749666214 22.781549997627735 1.5
    endloop
  endfacet
  facet normal 0 0 1
    outer loop
      vertex 47.75748749822378 22.781549997627735 1.85
      vertex 48.04568749666214 22.781549997627735 1.85
      vertex 47.75748749822378 24.044550001621246 1.85
    endloop
  endfacet
  facet normal -1 0 0
    outer loop
      vertex 47.75748749822378 22.781549997627735 1.85
      vertex 47.75748749822378 24.044550001621246 1.85
      vertex 47.75748749822378 24.044550001621246 1.5
    endloop
  endfacet
  facet normal 0 0 1
    outer loop
      vertex 47.031887501478195 22.9408999979496 1.85
      vertex 47.643887497484684 23.842799998819828 1.85
      vertex 47.649059414863586 23.850546911358833 1.85
    endloop
  endfacet
  facet normal 0 0 1
    outer loop
      vertex 47.031887501478195 22.9408999979496 1.85
      vertex 47.649059414863586 23.850546911358833 1.85
      vertex 47.65477515757084 23.859465435147285 1.85
    endloop
  endfacet
  facet normal 0 0 1
    outer loop
      vertex 47.031887501478195 22.9408999979496 1.85
      vertex 47.65477515757084 23.859465435147285 1.85
      vertex 47.66103472560644 23.869555555284023 1.85
    endloop
  endfacet
  facet normal 0 0 1
    outer loop
      vertex 47.031887501478195 22.9408999979496 1.85
      vertex 47.66103472560644 23.869555555284023 1.85
      vertex 47.667838118970394 23.880817286670208 1.85
    endloop
  endfacet
  facet normal 0 0 1
    outer loop
      vertex 47.031887501478195 22.9408999979496 1.85
      vertex 47.667838118970394 23.880817286670208 1.85
      vertex 47.6751853376627 23.89325061440468 1.85
    endloop
  endfacet
  facet normal 0 0 1
    outer loop
      vertex 46.940337501466274 22.815449997782707 1.85
      vertex 47.71001250296831 23.954700000584126 1.85
      vertex 47.71930478513241 23.97154752910137 1.85
    endloop
  endfacet
  facet normal 0 0 1
    outer loop
      vertex 47.031887501478195 22.9408999979496 1.85
      vertex 47.6751853376627 23.89325061440468 1.85
      vertex 47.68307638913393 23.906855553388596 1.85
    endloop
  endfacet
  facet normal 0 0 1
    outer loop
      vertex 46.940337501466274 22.815449997782707 1.85
      vertex 47.71930478513241 23.97154752910137 1.85
      vertex 47.7275927439332 23.986679010093212 1.85
    endloop
  endfacet
  facet normal 0 0 1
    outer loop
      vertex 47.031887501478195 22.9408999979496 1.85
      vertex 47.68307638913393 23.906855553388596 1.85
      vertex 47.691511265933514 23.92163209617138 1.85
    endloop
  endfacet
  facet normal 0 0 1
    outer loop
      vertex 47.031887501478195 22.9408999979496 1.85
      vertex 47.691511265933514 23.92163209617138 1.85
      vertex 47.70048996806145 23.93758025020361 1.85
    endloop
  endfacet
  facet normal 0 0 1
    outer loop
      vertex 46.940337501466274 22.815449997782707 1.85
      vertex 47.7275927439332 23.986679010093212 1.85
      vertex 47.73487638682127 24.000094443559647 1.85
    endloop
  endfacet
  facet normal 0 0 1
    outer loop
      vertex 46.940337501466274 22.815449997782707 1.85
      vertex 47.73487638682127 24.000094443559647 1.85
      vertex 47.741155706346035 24.011793829500675 1.85
    endloop
  endfacet
  facet normal 0 0 1
    outer loop
      vertex 47.031887501478195 22.9408999979496 1.85
      vertex 47.70048996806145 23.93758025020361 1.85
      vertex 47.71001250296831 23.954700000584126 1.85
    endloop
  endfacet
  facet normal 0 0 1
    outer loop
      vertex 46.940337501466274 22.815449997782707 1.85
      vertex 47.741155706346035 24.011793829500675 1.85
      vertex 47.74643070995808 24.021777160465717 1.85
    endloop
  endfacet
  facet normal 0 0 1
    outer loop
      vertex 46.940337501466274 22.815449997782707 1.85
      vertex 47.74643070995808 24.021777160465717 1.85
      vertex 47.750701390206814 24.030044443905354 1.85
    endloop
  endfacet
  facet normal 0 -1 0
    outer loop
      vertex 48.80021250247955 22 1.85
      vertex 48.80021250247955 22 1.5
      vertex 49.13078749924898 22 1.5
    endloop
  endfacet
  facet normal 1 0 0
    outer loop
      vertex 49.13078749924898 22 1.85
      vertex 49.13078749924898 22 1.5
      vertex 49.13078749924898 22.37127500027418 1.5
    endloop
  endfacet
  facet normal -1 0 0
    outer loop
      vertex 48.80021250247955 22.37127500027418 1.85
      vertex 48.80021250247955 22.37127500027418 1.5
      vertex 48.80021250247955 22 1.5
    endloop
  endfacet
  facet normal -1 0 0
    outer loop
      vertex 49.71236249804497 22.259374998509884 1.85
      vertex 49.71236249804497 22.259374998509884 1.5
      vertex 49.71236249804497 22 1.5
    endloop
  endfacet
  facet normal 0 1 0
    outer loop
      vertex 49.13078749924898 22.37127500027418 1.85
      vertex 49.13078749924898 22.37127500027418 1.5
      vertex 48.80021250247955 22.37127500027418 1.5
    endloop
  endfacet
  facet normal 0 -1 0
    outer loop
      vertex 49.71236249804497 22 1.85
      vertex 49.71236249804497 22 1.5
      vertex 51.20931249856949 22 1.5
    endloop
  endfacet
  facet normal 0 1 0
    outer loop
      vertex 50.32096250355244 22.259374998509884 1.85
      vertex 50.32096250355244 22.259374998509884 1.5
      vertex 49.71236249804497 22.259374998509884 1.5
    endloop
  endfacet
  facet normal 1 0 0
    outer loop
      vertex 51.20931249856949 22 1.85
      vertex 51.20931249856949 22 1.5
      vertex 51.20931249856949 22.259374998509884 1.5
    endloop
  endfacet
  facet normal 0 1 0
    outer loop
      vertex 51.20931249856949 22.259374998509884 1.85
      vertex 51.20931249856949 22.259374998509884 1.5
      vertex 50.627837501466274 22.259374998509884 1.5
    endloop
  endfacet
  facet normal -1 0 0
    outer loop
      vertex 48.80021250247955 22 1.85
      vertex 48.80021250247955 22.37127500027418 1.85
      vertex 48.80021250247955 22 1.5
    endloop
  endfacet
  facet normal 0 -1 0
    outer loop
      vertex 48.80021250247955 22 1.85
      vertex 49.13078749924898 22 1.5
      vertex 49.13078749924898 22 1.85
    endloop
  endfacet
  facet normal 1 0 0
    outer loop
      vertex 49.13078749924898 22 1.85
      vertex 49.13078749924898 22.37127500027418 1.5
      vertex 49.13078749924898 22.37127500027418 1.85
    endloop
  endfacet
  facet normal -1 0 0
    outer loop
      vertex 49.71236249804497 22 1.85
      vertex 49.71236249804497 22.259374998509884 1.85
      vertex 49.71236249804497 22 1.5
    endloop
  endfacet
  facet normal 0 1 0
    outer loop
      vertex 49.71236249804497 22.259374998509884 1.85
      vertex 50.32096250355244 22.259374998509884 1.85
      vertex 49.71236249804497 22.259374998509884 1.5
    endloop
  endfacet
  facet normal 0 0 1
    outer loop
      vertex 48.80021250247955 22 1.85
      vertex 49.13078749924898 22 1.85
      vertex 49.13078749924898 22.37127500027418 1.85
    endloop
  endfacet
  facet normal 0 0 1
    outer loop
      vertex 48.80021250247955 22 1.85
      vertex 49.13078749924898 22.37127500027418 1.85
      vertex 48.80021250247955 22.37127500027418 1.85
    endloop
  endfacet
  facet normal 0 0 1
    outer loop
      vertex 49.71236249804497 22 1.85
      vertex 50.32096250355244 22.259374998509884 1.85
      vertex 49.71236249804497 22.259374998509884 1.85
    endloop
  endfacet
  facet normal 0 1 0
    outer loop
      vertex 48.80021250247955 22.37127500027418 1.85
      vertex 49.13078749924898 22.37127500027418 1.85
      vertex 48.80021250247955 22.37127500027418 1.5
    endloop
  endfacet
  facet normal 0 -1 0
    outer loop
      vertex 49.71236249804497 22 1.85
      vertex 51.20931249856949 22 1.5
      vertex 51.20931249856949 22 1.85
    endloop
  endfacet
  facet normal 0 1 0
    outer loop
      vertex 50.627837501466274 22.259374998509884 1.85
      vertex 51.20931249856949 22.259374998509884 1.85
      vertex 50.627837501466274 22.259374998509884 1.5
    endloop
  endfacet
  facet normal 1 0 0
    outer loop
      vertex 51.20931249856949 22 1.85
      vertex 51.20931249856949 22.259374998509884 1.5
      vertex 51.20931249856949 22.259374998509884 1.85
    endloop
  endfacet
  facet normal 0 0 1
    outer loop
      vertex 49.71236249804497 22 1.85
      vertex 51.20931249856949 22 1.85
      vertex 50.627837501466274 22.259374998509884 1.85
    endloop
  endfacet
  facet normal 0 0 1
    outer loop
      vertex 49.71236249804497 22 1.85
      vertex 50.627837501466274 22.259374998509884 1.85
      vertex 50.32096250355244 22.259374998509884 1.85
    endloop
  endfacet
  facet normal 0 0 1
    outer loop
      vertex 51.20931249856949 22 1.85
      vertex 51.20931249856949 22.259374998509884 1.85
      vertex 50.627837501466274 22.259374998509884 1.85
    endloop
  endfacet
  facet normal 1 0 0
    outer loop
      vertex 50.627837501466274 22.259374998509884 1.85
      vertex 50.627837501466274 22.259374998509884 1.5
      vertex 50.627837501466274 24.388700000941753 1.5
    endloop
  endfacet
  facet normal -1 0 0
    outer loop
      vertex 50.32096250355244 24.097099997103214 1.85
      vertex 50.32096250355244 24.097099997103214 1.5
      vertex 50.32096250355244 22.259374998509884 1.5
    endloop
  endfacet
  facet normal -1 0 0
    outer loop
      vertex 50.32096250355244 22.259374998509884 1.85
      vertex 50.32096250355244 24.097099997103214 1.85
      vertex 50.32096250355244 22.259374998509884 1.5
    endloop
  endfacet
  facet normal 0 0 1
    outer loop
      vertex 50.32096250355244 22.259374998509884 1.85
      vertex 50.627837501466274 22.259374998509884 1.85
      vertex 50.32096250355244 24.097099997103214 1.85
    endloop
  endfacet
  facet normal 0 0 1
    outer loop
      vertex 50.627837501466274 22.259374998509884 1.85
      vertex 50.627837501466274 24.388700000941753 1.85
      vertex 50.32096250355244 24.097099997103214 1.85
    endloop
  endfacet
  facet normal -1 0 0
    outer loop
      vertex 44.9550125002861 24.000474996864796 1.85
      vertex 44.9550125002861 24.000474996864796 1.5
      vertex 44.9550125002861 23.712274998426437 1.5
    endloop
  endfacet
  facet normal 0.5809918111973685 -0.8139094024039785 0
    outer loop
      vertex 44.9550125002861 23.712274998426437 1.85
      vertex 44.9550125002861 23.712274998426437 1.5
      vertex 45.49411249905825 24.097099997103214 1.5
    endloop
  endfacet
  facet normal -0.5666248361385963 0.8239759068509885 0
    outer loop
      vertex 45.51956249773502 24.388700000941753 1.85
      vertex 45.51956249773502 24.388700000941753 1.5
      vertex 44.9550125002861 24.000474996864796 1.5
    endloop
  endfacet
  facet normal 0 1 0
    outer loop
      vertex 45.800987496972084 24.388700000941753 1.85
      vertex 45.800987496972084 24.388700000941753 1.5
      vertex 45.51956249773502 24.388700000941753 1.5
    endloop
  endfacet
  facet normal -1 0 0
    outer loop
      vertex 44.9550125002861 23.712274998426437 1.85
      vertex 44.9550125002861 24.000474996864796 1.85
      vertex 44.9550125002861 23.712274998426437 1.5
    endloop
  endfacet
  facet normal 0.5809918111973685 -0.8139094024039785 0
    outer loop
      vertex 44.9550125002861 23.712274998426437 1.85
      vertex 45.49411249905825 24.097099997103214 1.5
      vertex 45.49411249905825 24.097099997103214 1.85
    endloop
  endfacet
  facet normal 1 0 0
    outer loop
      vertex 45.800987496972084 22.259374998509884 1.85
      vertex 45.800987496972084 24.388700000941753 1.5
      vertex 45.800987496972084 24.388700000941753 1.85
    endloop
  endfacet
  facet normal 0 0 1
    outer loop
      vertex 44.9550125002861 23.712274998426437 1.85
      vertex 45.49411249905825 24.097099997103214 1.85
      vertex 44.9550125002861 24.000474996864796 1.85
    endloop
  endfacet
  facet normal -0.5666248361385963 0.8239759068509885 0
    outer loop
      vertex 44.9550125002861 24.000474996864796 1.85
      vertex 45.51956249773502 24.388700000941753 1.85
      vertex 44.9550125002861 24.000474996864796 1.5
    endloop
  endfacet
  facet normal 0 1 0
    outer loop
      vertex 45.51956249773502 24.388700000941753 1.85
      vertex 45.800987496972084 24.388700000941753 1.85
      vertex 45.51956249773502 24.388700000941753 1.5
    endloop
  endfacet
  facet normal 0 0 1
    outer loop
      vertex 44.9550125002861 24.000474996864796 1.85
      vertex 45.49411249905825 24.097099997103214 1.85
      vertex 45.51956249773502 24.388700000941753 1.85
    endloop
  endfacet
  facet normal 0 0 1
    outer loop
      vertex 45.49411249905825 24.097099997103214 1.85
      vertex 45.800987496972084 24.388700000941753 1.85
      vertex 45.51956249773502 24.388700000941753 1.85
    endloop
  endfacet
  facet normal -0.8273321149249816 0.5617130687582025 0
    outer loop
      vertex 47.72526250034571 24.388700000941753 1.85
      vertex 47.72526250034571 24.388700000941753 1.5
      vertex 46.63178750127554 22.778149999678135 1.5
    endloop
  endfacet
  facet normal 0.8316879584165359 -0.5552433158759631 0
    outer loop
      vertex 47.649059414863586 23.850546911358833 1.85
      vertex 47.643887497484684 23.842799998819828 1.5
      vertex 47.649059414863586 23.850546911358833 1.5
    endloop
  endfacet
  facet normal 0.8419331646233665 -0.5395818254048993 0
    outer loop
      vertex 47.65477515757084 23.859465435147285 1.85
      vertex 47.649059414863586 23.850546911358833 1.5
      vertex 47.65477515757084 23.859465435147285 1.5
    endloop
  endfacet
  facet normal 0.8497633540813535 -0.5271643406570748 0
    outer loop
      vertex 47.66103472560644 23.869555555284023 1.85
      vertex 47.65477515757084 23.859465435147285 1.5
      vertex 47.66103472560644 23.869555555284023 1.5
    endloop
  endfacet
  facet normal 0.8559346941580342 -0.5170839383858218 0
    outer loop
      vertex 47.667838118970394 23.880817286670208 1.85
      vertex 47.66103472560644 23.869555555284023 1.5
      vertex 47.667838118970394 23.880817286670208 1.5
    endloop
  endfacet
  facet normal 0.8609188765318926 -0.5087422609053271 0
    outer loop
      vertex 47.6751853376627 23.89325061440468 1.85
      vertex 47.667838118970394 23.880817286670208 1.5
      vertex 47.6751853376627 23.89325061440468 1.5
    endloop
  endfacet
  facet normal 0.8650260328736388 -0.5017269799910052 0
    outer loop
      vertex 47.68307638913393 23.906855553388596 1.85
      vertex 47.6751853376627 23.89325061440468 1.5
      vertex 47.68307638913393 23.906855553388596 1.5
    endloop
  endfacet
  facet normal 0.8684674176954449 -0.4957462500124492 0
    outer loop
      vertex 47.691511265933514 23.92163209617138 1.85
      vertex 47.68307638913393 23.906855553388596 1.5
      vertex 47.691511265933514 23.92163209617138 1.5
    endloop
  endfacet
  facet normal 0.8713918385742409 -0.49058767174298645 0
    outer loop
      vertex 47.70048996806145 23.93758025020361 1.85
      vertex 47.691511265933514 23.92163209617138 1.5
      vertex 47.70048996806145 23.93758025020361 1.5
    endloop
  endfacet
  facet normal 0.8739065921325354 -0.4860938882842475 0
    outer loop
      vertex 47.71001250296831 23.954700000584126 1.85
      vertex 47.70048996806145 23.93758025020361 1.5
      vertex 47.71001250296831 23.954700000584126 1.5
    endloop
  endfacet
  facet normal 0.8756415607440596 -0.48296154826001125 0
    outer loop
      vertex 47.71930478513241 23.97154752910137 1.85
      vertex 47.71001250296831 23.954700000584126 1.5
      vertex 47.71930478513241 23.97154752910137 1.5
    endloop
  endfacet
  facet normal 0.8770554469580815 -0.48038915783056546 0
    outer loop
      vertex 47.7275927439332 23.986679010093212 1.85
      vertex 47.71930478513241 23.97154752910137 1.5
      vertex 47.7275927439332 23.986679010093212 1.5
    endloop
  endfacet
  facet normal 0.8788265395516766 -0.47714139767958247 0
    outer loop
      vertex 47.73487638682127 24.000094443559647 1.85
      vertex 47.7275927439332 23.986679010093212 1.5
      vertex 47.73487638682127 24.000094443559647 1.5
    endloop
  endfacet
  facet normal 0.8811100518873258 -0.4729112775808101 0
    outer loop
      vertex 47.741155706346035 24.011793829500675 1.85
      vertex 47.73487638682127 24.000094443559647 1.5
      vertex 47.741155706346035 24.011793829500675 1.5
    endloop
  endfacet
  facet normal 0.8841644472482527 -0.46717580226526234 0
    outer loop
      vertex 47.74643070995808 24.021777160465717 1.85
      vertex 47.741155706346035 24.011793829500675 1.5
      vertex 47.74643070995808 24.021777160465717 1.5
    endloop
  endfacet
  facet normal 0.8884587530727182 -0.45895647297807096 0
    outer loop
      vertex 47.750701390206814 24.030044443905354 1.85
      vertex 47.74643070995808 24.021777160465717 1.5
      vertex 47.750701390206814 24.030044443905354 1.5
    endloop
  endfacet
  facet normal 0.8949326624758277 -0.44620122101348625 0
    outer loop
      vertex 47.75396774709225 24.036595679819584 1.85
      vertex 47.750701390206814 24.030044443905354 1.5
      vertex 47.75396774709225 24.036595679819584 1.5
    endloop
  endfacet
  facet normal 0.9057795877784384 -0.42374914556128856 0
    outer loop
      vertex 47.756229780614376 24.041430860757828 1.85
      vertex 47.75396774709225 24.036595679819584 1.5
      vertex 47.756229780614376 24.041430860757828 1.5
    endloop
  endfacet
  facet normal 0.9274415216038184 -0.3739682125598298 0
    outer loop
      vertex 47.75748749822378 24.044550001621246 1.85
      vertex 47.756229780614376 24.041430860757828 1.5
      vertex 47.75748749822378 24.044550001621246 1.5
    endloop
  endfacet
  facet normal 0 1 0
    outer loop
      vertex 48.04568749666214 24.388700000941753 1.85
      vertex 48.04568749666214 24.388700000941753 1.5
      vertex 47.72526250034571 24.388700000941753 1.5
    endloop
  endfacet
  facet normal 0 0 1
    outer loop
      vertex 46.63178750127554 22.778149999678135 1.85
      vertex 47.75748749822378 24.044550001621246 1.85
      vertex 47.72526250034571 24.388700000941753 1.85
    endloop
  endfacet
  facet normal 0.8316879584165359 -0.5552433158759631 0
    outer loop
      vertex 47.643887497484684 23.842799998819828 1.85
      vertex 47.643887497484684 23.842799998819828 1.5
      vertex 47.649059414863586 23.850546911358833 1.85
    endloop
  endfacet
  facet normal 0.8419331646233665 -0.5395818254048993 0
    outer loop
      vertex 47.649059414863586 23.850546911358833 1.85
      vertex 47.649059414863586 23.850546911358833 1.5
      vertex 47.65477515757084 23.859465435147285 1.85
    endloop
  endfacet
  facet normal 0.8497633540813535 -0.5271643406570748 0
    outer loop
      vertex 47.65477515757084 23.859465435147285 1.85
      vertex 47.65477515757084 23.859465435147285 1.5
      vertex 47.66103472560644 23.869555555284023 1.85
    endloop
  endfacet
  facet normal 0.8559346941580342 -0.5170839383858218 0
    outer loop
      vertex 47.66103472560644 23.869555555284023 1.85
      vertex 47.66103472560644 23.869555555284023 1.5
      vertex 47.667838118970394 23.880817286670208 1.85
    endloop
  endfacet
  facet normal 0.8609188765318926 -0.5087422609053271 0
    outer loop
      vertex 47.667838118970394 23.880817286670208 1.85
      vertex 47.667838118970394 23.880817286670208 1.5
      vertex 47.6751853376627 23.89325061440468 1.85
    endloop
  endfacet
  facet normal 0.8650260328736388 -0.5017269799910052 0
    outer loop
      vertex 47.6751853376627 23.89325061440468 1.85
      vertex 47.6751853376627 23.89325061440468 1.5
      vertex 47.68307638913393 23.906855553388596 1.85
    endloop
  endfacet
  facet normal 0.8684674176954449 -0.4957462500124492 0
    outer loop
      vertex 47.68307638913393 23.906855553388596 1.85
      vertex 47.68307638913393 23.906855553388596 1.5
      vertex 47.691511265933514 23.92163209617138 1.85
    endloop
  endfacet
  facet normal 0.8713918385742409 -0.49058767174298645 0
    outer loop
      vertex 47.691511265933514 23.92163209617138 1.85
      vertex 47.691511265933514 23.92163209617138 1.5
      vertex 47.70048996806145 23.93758025020361 1.85
    endloop
  endfacet
  facet normal 0.8739065921325354 -0.4860938882842475 0
    outer loop
      vertex 47.70048996806145 23.93758025020361 1.85
      vertex 47.70048996806145 23.93758025020361 1.5
      vertex 47.71001250296831 23.954700000584126 1.85
    endloop
  endfacet
  facet normal 0.8756415607440596 -0.48296154826001125 0
    outer loop
      vertex 47.71001250296831 23.954700000584126 1.85
      vertex 47.71001250296831 23.954700000584126 1.5
      vertex 47.71930478513241 23.97154752910137 1.85
    endloop
  endfacet
  facet normal 0.8770554469580815 -0.48038915783056546 0
    outer loop
      vertex 47.71930478513241 23.97154752910137 1.85
      vertex 47.71930478513241 23.97154752910137 1.5
      vertex 47.7275927439332 23.986679010093212 1.85
    endloop
  endfacet
  facet normal 1 0 0
    outer loop
      vertex 48.04568749666214 22.781549997627735 1.85
      vertex 48.04568749666214 24.388700000941753 1.5
      vertex 48.04568749666214 24.388700000941753 1.85
    endloop
  endfacet
  facet normal 0.8788265395516766 -0.47714139767958247 0
    outer loop
      vertex 47.7275927439332 23.986679010093212 1.85
      vertex 47.7275927439332 23.986679010093212 1.5
      vertex 47.73487638682127 24.000094443559647 1.85
    endloop
  endfacet
  facet normal 0.8811100518873258 -0.4729112775808101 0
    outer loop
      vertex 47.73487638682127 24.000094443559647 1.85
      vertex 47.73487638682127 24.000094443559647 1.5
      vertex 47.741155706346035 24.011793829500675 1.85
    endloop
  endfacet
  facet normal 0.8841644472482527 -0.46717580226526234 0
    outer loop
      vertex 47.741155706346035 24.011793829500675 1.85
      vertex 47.741155706346035 24.011793829500675 1.5
      vertex 47.74643070995808 24.021777160465717 1.85
    endloop
  endfacet
  facet normal 0.8884587530727182 -0.45895647297807096 0
    outer loop
      vertex 47.74643070995808 24.021777160465717 1.85
      vertex 47.74643070995808 24.021777160465717 1.5
      vertex 47.750701390206814 24.030044443905354 1.85
    endloop
  endfacet
  facet normal 0.8949326624758277 -0.44620122101348625 0
    outer loop
      vertex 47.750701390206814 24.030044443905354 1.85
      vertex 47.750701390206814 24.030044443905354 1.5
      vertex 47.75396774709225 24.036595679819584 1.85
    endloop
  endfacet
  facet normal 0.9057795877784384 -0.42374914556128856 0
    outer loop
      vertex 47.75396774709225 24.036595679819584 1.85
      vertex 47.75396774709225 24.036595679819584 1.5
      vertex 47.756229780614376 24.041430860757828 1.85
    endloop
  endfacet
  facet normal 0.9274415216038184 -0.3739682125598298 0
    outer loop
      vertex 47.756229780614376 24.041430860757828 1.85
      vertex 47.756229780614376 24.041430860757828 1.5
      vertex 47.75748749822378 24.044550001621246 1.85
    endloop
  endfacet
  facet normal 0 0 1
    outer loop
      vertex 46.940337501466274 22.815449997782707 1.85
      vertex 47.750701390206814 24.030044443905354 1.85
      vertex 47.75396774709225 24.036595679819584 1.85
    endloop
  endfacet
  facet normal 0 0 1
    outer loop
      vertex 46.940337501466274 22.815449997782707 1.85
      vertex 47.75396774709225 24.036595679819584 1.85
      vertex 47.756229780614376 24.041430860757828 1.85
    endloop
  endfacet
  facet normal 0 0 1
    outer loop
      vertex 46.940337501466274 22.815449997782707 1.85
      vertex 47.756229780614376 24.041430860757828 1.85
      vertex 47.75748749822378 24.044550001621246 1.85
    endloop
  endfacet
  facet normal 0 0 1
    outer loop
      vertex 48.04568749666214 22.781549997627735 1.85
      vertex 48.04568749666214 24.388700000941753 1.85
      vertex 47.75748749822378 24.044550001621246 1.85
    endloop
  endfacet
  facet normal 0 1 0
    outer loop
      vertex 47.72526250034571 24.388700000941753 1.85
      vertex 48.04568749666214 24.388700000941753 1.85
      vertex 47.72526250034571 24.388700000941753 1.5
    endloop
  endfacet
  facet normal 0 0 1
    outer loop
      vertex 47.75748749822378 24.044550001621246 1.85
      vertex 48.04568749666214 24.388700000941753 1.85
      vertex 47.72526250034571 24.388700000941753 1.85
    endloop
  endfacet
  facet normal -1 0 0
    outer loop
      vertex 49.78186249732971 24.000474996864796 1.85
      vertex 49.78186249732971 24.000474996864796 1.5
      vertex 49.78186249732971 23.712274998426437 1.5
    endloop
  endfacet
  facet normal 0.5809918058782101 -0.8139094062009459 0
    outer loop
      vertex 49.78186249732971 23.712274998426437 1.85
      vertex 49.78186249732971 23.712274998426437 1.5
      vertex 50.32096250355244 24.097099997103214 1.5
    endloop
  endfacet
  facet normal -0.5666248310615358 0.8239759103423389 0
    outer loop
      vertex 50.346412502229214 24.388700000941753 1.85
      vertex 50.346412502229214 24.388700000941753 1.5
      vertex 49.78186249732971 24.000474996864796 1.5
    endloop
  endfacet
  facet normal 0 1 0
    outer loop
      vertex 50.627837501466274 24.388700000941753 1.85
      vertex 50.627837501466274 24.388700000941753 1.5
      vertex 50.346412502229214 24.388700000941753 1.5
    endloop
  endfacet
  facet normal -1 0 0
    outer loop
      vertex 49.78186249732971 23.712274998426437 1.85
      vertex 49.78186249732971 24.000474996864796 1.85
      vertex 49.78186249732971 23.712274998426437 1.5
    endloop
  endfacet
  facet normal 0 0 1
    outer loop
      vertex 49.78186249732971 23.712274998426437 1.85
      vertex 50.32096250355244 24.097099997103214 1.85
      vertex 49.78186249732971 24.000474996864796 1.85
    endloop
  endfacet
  facet normal 0.5809918058782101 -0.8139094062009459 0
    outer loop
      vertex 49.78186249732971 23.712274998426437 1.85
      vertex 50.32096250355244 24.097099997103214 1.5
      vertex 50.32096250355244 24.097099997103214 1.85
    endloop
  endfacet
  facet normal 1 0 0
    outer loop
      vertex 50.627837501466274 22.259374998509884 1.85
      vertex 50.627837501466274 24.388700000941753 1.5
      vertex 50.627837501466274 24.388700000941753 1.85
    endloop
  endfacet
  facet normal -0.5666248310615358 0.8239759103423389 0
    outer loop
      vertex 49.78186249732971 24.000474996864796 1.85
      vertex 50.346412502229214 24.388700000941753 1.85
      vertex 49.78186249732971 24.000474996864796 1.5
    endloop
  endfacet
  facet normal 0 1 0
    outer loop
      vertex 50.346412502229214 24.388700000941753 1.85
      vertex 50.627837501466274 24.388700000941753 1.85
      vertex 50.346412502229214 24.388700000941753 1.5
    endloop
  endfacet
  facet normal 0 0 1
    outer loop
      vertex 49.78186249732971 24.000474996864796 1.85
      vertex 50.32096250355244 24.097099997103214 1.85
      vertex 50.346412502229214 24.388700000941753 1.85
    endloop
  endfacet
  facet normal 0 0 1
    outer loop
      vertex 50.32096250355244 24.097099997103214 1.85
      vertex 50.627837501466274 24.388700000941753 1.85
      vertex 50.346412502229214 24.388700000941753 1.85
    endloop
  endfacet
  facet normal 0 0 1
    outer loop
      vertex 73.95325108112999 3.724532751951484 1
      vertex 73.95325108112999 6.275467248048516 1
      vertex 73.8332738110422 3.8332738110421967 1
    endloop
  endfacet
  facet normal 0 0 1
    outer loop
      vertex 73.95325108112999 3.724532751951484 1
      vertex 74.08330911551765 3.6280751397008 1
      vertex 74.08330911551765 6.3719248602992 1
    endloop
  endfacet
  facet normal 0 0 1
    outer loop
      vertex 74.2221953842371 3.544829913825214 1
      vertex 74.2221953842371 6.455170086174785 1
      vertex 74.08330911551765 3.6280751397008 1
    endloop
  endfacet
  facet normal 0 0 1
    outer loop
      vertex 73.6280751397008 4.083309115517657 1
      vertex 73.6280751397008 5.916690884482343 1
      vertex 73.54482991382521 4.222195384237104 1
    endloop
  endfacet
  facet normal 0 0 1
    outer loop
      vertex 73.47559877135637 4.368572336597602 1
      vertex 73.47559877135637 5.631427663402398 1
      vertex 73.42104844604185 4.521030282530138 1
    endloop
  endfacet
  facet normal 0 0 1
    outer loop
      vertex 73.54482991382521 4.222195384237104 1
      vertex 73.54482991382521 5.777804615762896 1
      vertex 73.47559877135637 4.368572336597602 1
    endloop
  endfacet
  facet normal 0 0 1
    outer loop
      vertex 73.42104844604185 4.521030282530138 1
      vertex 73.42104844604185 5.478969717469862 1
      vertex 73.38170428733467 4.678100968673388 1
    endloop
  endfacet
  facet normal 0 0 1
    outer loop
      vertex 73.38170428733467 4.678100968673388 1
      vertex 73.38170428733467 5.321899031326612 1
      vertex 73.35794520099087 4.838271718456225 1
    endloop
  endfacet
  facet normal 0 0 1
    outer loop
      vertex 73.35794520099087 4.838271718456225 1
      vertex 73.35794520099087 5.161728281543775 1
      vertex 73.35 5 1
    endloop
  endfacet
  facet normal 0 0 1
    outer loop
      vertex 73.8332738110422 3.8332738110421967 1
      vertex 73.8332738110422 6.166726188957803 1
      vertex 73.72453275195149 3.9532510811299852 1
    endloop
  endfacet
  facet normal 0 0 1
    outer loop
      vertex 73.6280751397008 4.083309115517657 1
      vertex 73.72453275195149 3.9532510811299852 1
      vertex 73.72453275195149 6.046748918870015 1
    endloop
  endfacet
  facet normal 0 0 1
    outer loop
      vertex 74.2221953842371 3.544829913825214 1
      vertex 74.3685723365976 3.4755987713563767 1
      vertex 74.3685723365976 6.524401228643623 1
    endloop
  endfacet
  facet normal 0 0 1
    outer loop
      vertex 74.3685723365976 3.4755987713563767 1
      vertex 74.52103028253013 3.4210484460418558 1
      vertex 74.52103028253013 6.578951553958144 1
    endloop
  endfacet
  facet normal 0 0 1
    outer loop
      vertex 74.52103028253013 3.4210484460418558 1
      vertex 74.67810096867339 3.38170428733467 1
      vertex 74.67810096867339 6.61829571266533 1
    endloop
  endfacet
  facet normal 0 0 1
    outer loop
      vertex 74.83827171845623 3.3579452009908755 1
      vertex 74.83827171845623 6.6420547990091245 1
      vertex 74.67810096867339 3.38170428733467 1
    endloop
  endfacet
  facet normal 0 0 1
    outer loop
      vertex 74.83827171845623 3.3579452009908755 1
      vertex 75 3.35 1
      vertex 75 6.65 1
    endloop
  endfacet
  facet normal 0 0 1
    outer loop
      vertex 75 3.35 1
      vertex 75.16172828154377 3.3579452009908755 1
      vertex 75.16172828154377 6.6420547990091245 1
    endloop
  endfacet
  facet normal 0 0 1
    outer loop
      vertex 75.16172828154377 3.3579452009908755 1
      vertex 75.32189903132661 3.38170428733467 1
      vertex 75.32189903132661 6.61829571266533 1
    endloop
  endfacet
  facet normal 0 0 1
    outer loop
      vertex 75.32189903132661 3.38170428733467 1
      vertex 75.47896971746987 3.4210484460418558 1
      vertex 75.47896971746987 6.578951553958144 1
    endloop
  endfacet
  facet normal 0 0 1
    outer loop
      vertex 75.47896971746987 3.4210484460418558 1
      vertex 75.6314276634024 3.4755987713563767 1
      vertex 75.6314276634024 6.524401228643623 1
    endloop
  endfacet
  facet normal 0 0 1
    outer loop
      vertex 75.6314276634024 3.4755987713563767 1
      vertex 75.7778046157629 3.544829913825214 1
      vertex 75.7778046157629 6.455170086174785 1
    endloop
  endfacet
  facet normal 0 0 1
    outer loop
      vertex 75.7778046157629 3.544829913825214 1
      vertex 75.91669088448235 3.6280751397008 1
      vertex 75.91669088448235 6.3719248602992 1
    endloop
  endfacet
  facet normal 0 0 1
    outer loop
      vertex 75.91669088448235 3.6280751397008 1
      vertex 76.04674891887001 3.724532751951484 1
      vertex 76.04674891887001 6.275467248048516 1
    endloop
  endfacet
  facet normal 0 0 1
    outer loop
      vertex 76.04674891887001 3.724532751951484 1
      vertex 76.1667261889578 3.8332738110421967 1
      vertex 76.1667261889578 6.166726188957803 1
    endloop
  endfacet
  facet normal 0 0 1
    outer loop
      vertex 76.1667261889578 3.8332738110421967 1
      vertex 76.27546724804851 3.9532510811299852 1
      vertex 76.27546724804851 6.046748918870015 1
    endloop
  endfacet
  facet normal 0 0 1
    outer loop
      vertex 76.27546724804851 3.9532510811299852 1
      vertex 76.3719248602992 4.083309115517657 1
      vertex 76.3719248602992 5.916690884482343 1
    endloop
  endfacet
  facet normal 0 0 1
    outer loop
      vertex 76.3719248602992 4.083309115517657 1
      vertex 76.45517008617479 4.222195384237104 1
      vertex 76.45517008617479 5.777804615762896 1
    endloop
  endfacet
  facet normal 0 0 1
    outer loop
      vertex 76.45517008617479 4.222195384237104 1
      vertex 76.52440122864363 4.368572336597602 1
      vertex 76.52440122864363 5.631427663402398 1
    endloop
  endfacet
  facet normal 0 0 1
    outer loop
      vertex 76.52440122864363 4.368572336597602 1
      vertex 76.57895155395815 4.521030282530138 1
      vertex 76.57895155395815 5.478969717469862 1
    endloop
  endfacet
  facet normal 0 0 1
    outer loop
      vertex 76.57895155395815 4.521030282530138 1
      vertex 76.61829571266533 4.678100968673388 1
      vertex 76.61829571266533 5.321899031326612 1
    endloop
  endfacet
  facet normal 0 0 1
    outer loop
      vertex 76.61829571266533 4.678100968673388 1
      vertex 76.64205479900913 4.838271718456225 1
      vertex 76.64205479900913 5.161728281543775 1
    endloop
  endfacet
  facet normal 0 0 1
    outer loop
      vertex 76.64205479900913 4.838271718456225 1
      vertex 76.65 5 1
      vertex 76.64205479900913 5.161728281543775 1
    endloop
  endfacet
  facet normal 0 0 1
    outer loop
      vertex 76.61829571266533 4.678100968673388 1
      vertex 76.64205479900913 5.161728281543775 1
      vertex 76.61829571266533 5.321899031326612 1
    endloop
  endfacet
  facet normal 0 0 1
    outer loop
      vertex 73.35794520099087 4.838271718456225 1
      vertex 73.38170428733467 5.321899031326612 1
      vertex 73.35794520099087 5.161728281543775 1
    endloop
  endfacet
  facet normal 0 0 1
    outer loop
      vertex 73.38170428733467 4.678100968673388 1
      vertex 73.42104844604185 5.478969717469862 1
      vertex 73.38170428733467 5.321899031326612 1
    endloop
  endfacet
  facet normal 0 0 1
    outer loop
      vertex 73.42104844604185 4.521030282530138 1
      vertex 73.47559877135637 5.631427663402398 1
      vertex 73.42104844604185 5.478969717469862 1
    endloop
  endfacet
  facet normal 0 0 1
    outer loop
      vertex 73.47559877135637 4.368572336597602 1
      vertex 73.54482991382521 5.777804615762896 1
      vertex 73.47559877135637 5.631427663402398 1
    endloop
  endfacet
  facet normal 0 0 1
    outer loop
      vertex 73.54482991382521 4.222195384237104 1
      vertex 73.6280751397008 5.916690884482343 1
      vertex 73.54482991382521 5.777804615762896 1
    endloop
  endfacet
  facet normal 0 0 1
    outer loop
      vertex 73.6280751397008 4.083309115517657 1
      vertex 73.72453275195149 6.046748918870015 1
      vertex 73.6280751397008 5.916690884482343 1
    endloop
  endfacet
  facet normal 0 0 1
    outer loop
      vertex 73.72453275195149 3.9532510811299852 1
      vertex 73.8332738110422 6.166726188957803 1
      vertex 73.72453275195149 6.046748918870015 1
    endloop
  endfacet
  facet normal 0 0 1
    outer loop
      vertex 73.8332738110422 3.8332738110421967 1
      vertex 73.95325108112999 6.275467248048516 1
      vertex 73.8332738110422 6.166726188957803 1
    endloop
  endfacet
  facet normal 0 0 1
    outer loop
      vertex 73.95325108112999 3.724532751951484 1
      vertex 74.08330911551765 6.3719248602992 1
      vertex 73.95325108112999 6.275467248048516 1
    endloop
  endfacet
  facet normal 0 0 1
    outer loop
      vertex 74.08330911551765 3.6280751397008 1
      vertex 74.2221953842371 6.455170086174785 1
      vertex 74.08330911551765 6.3719248602992 1
    endloop
  endfacet
  facet normal 0 0 1
    outer loop
      vertex 74.2221953842371 3.544829913825214 1
      vertex 74.3685723365976 6.524401228643623 1
      vertex 74.2221953842371 6.455170086174785 1
    endloop
  endfacet
  facet normal 0 0 1
    outer loop
      vertex 74.3685723365976 3.4755987713563767 1
      vertex 74.52103028253013 6.578951553958144 1
      vertex 74.3685723365976 6.524401228643623 1
    endloop
  endfacet
  facet normal 0 0 1
    outer loop
      vertex 74.52103028253013 3.4210484460418558 1
      vertex 74.67810096867339 6.61829571266533 1
      vertex 74.52103028253013 6.578951553958144 1
    endloop
  endfacet
  facet normal 0 0 1
    outer loop
      vertex 74.67810096867339 3.38170428733467 1
      vertex 74.83827171845623 6.6420547990091245 1
      vertex 74.67810096867339 6.61829571266533 1
    endloop
  endfacet
  facet normal 0 0 1
    outer loop
      vertex 74.83827171845623 3.3579452009908755 1
      vertex 75 6.65 1
      vertex 74.83827171845623 6.6420547990091245 1
    endloop
  endfacet
  facet normal 0 0 1
    outer loop
      vertex 75 3.35 1
      vertex 75.16172828154377 6.6420547990091245 1
      vertex 75 6.65 1
    endloop
  endfacet
  facet normal 0 0 1
    outer loop
      vertex 75.16172828154377 3.3579452009908755 1
      vertex 75.32189903132661 6.61829571266533 1
      vertex 75.16172828154377 6.6420547990091245 1
    endloop
  endfacet
  facet normal 0 0 1
    outer loop
      vertex 75.32189903132661 3.38170428733467 1
      vertex 75.47896971746987 6.578951553958144 1
      vertex 75.32189903132661 6.61829571266533 1
    endloop
  endfacet
  facet normal 0 0 1
    outer loop
      vertex 75.47896971746987 3.4210484460418558 1
      vertex 75.6314276634024 6.524401228643623 1
      vertex 75.47896971746987 6.578951553958144 1
    endloop
  endfacet
  facet normal 0 0 1
    outer loop
      vertex 75.7778046157629 3.544829913825214 1
      vertex 75.91669088448235 6.3719248602992 1
      vertex 75.7778046157629 6.455170086174785 1
    endloop
  endfacet
  facet normal 0 0 1
    outer loop
      vertex 76.1667261889578 3.8332738110421967 1
      vertex 76.27546724804851 6.046748918870015 1
      vertex 76.1667261889578 6.166726188957803 1
    endloop
  endfacet
  facet normal 0 0 1
    outer loop
      vertex 75.91669088448235 3.6280751397008 1
      vertex 76.04674891887001 6.275467248048516 1
      vertex 75.91669088448235 6.3719248602992 1
    endloop
  endfacet
  facet normal 0 0 1
    outer loop
      vertex 76.04674891887001 3.724532751951484 1
      vertex 76.1667261889578 6.166726188957803 1
      vertex 76.04674891887001 6.275467248048516 1
    endloop
  endfacet
  facet normal 0 0 1
    outer loop
      vertex 76.52440122864363 4.368572336597602 1
      vertex 76.57895155395815 5.478969717469862 1
      vertex 76.52440122864363 5.631427663402398 1
    endloop
  endfacet
  facet normal 0 0 1
    outer loop
      vertex 76.45517008617479 4.222195384237104 1
      vertex 76.52440122864363 5.631427663402398 1
      vertex 76.45517008617479 5.777804615762896 1
    endloop
  endfacet
  facet normal 0 0 1
    outer loop
      vertex 76.3719248602992 4.083309115517657 1
      vertex 76.45517008617479 5.777804615762896 1
      vertex 76.3719248602992 5.916690884482343 1
    endloop
  endfacet
  facet normal 0 0 1
    outer loop
      vertex 76.57895155395815 4.521030282530138 1
      vertex 76.61829571266533 5.321899031326612 1
      vertex 76.57895155395815 5.478969717469862 1
    endloop
  endfacet
  facet normal 0 0 1
    outer loop
      vertex 76.27546724804851 3.9532510811299852 1
      vertex 76.3719248602992 5.916690884482343 1
      vertex 76.27546724804851 6.046748918870015 1
    endloop
  endfacet
  facet normal 0 0 1
    outer loop
      vertex 75.6314276634024 3.4755987713563767 1
      vertex 75.7778046157629 6.455170086174785 1
      vertex 75.6314276634024 6.524401228643623 1
    endloop
  endfacet
  facet normal 0.14673047445536136 0.989176509964781 1.0187152756046451e-19
    outer loop
      vertex 74.83827171845623 3.3579452009908755 1
      vertex 74.67810096867339 3.38170428733467 1
      vertex 74.67810096867339 3.38170428733467 6
    endloop
  endfacet
  facet normal 0.04906767432741995 0.9987954562051723 0
    outer loop
      vertex 74.83827171845623 3.3579452009908755 1
      vertex 74.83827171845623 3.3579452009908755 6
      vertex 75 3.35 1
    endloop
  endfacet
  facet normal -0.04906767432741995 0.9987954562051723 0
    outer loop
      vertex 75 3.35 1
      vertex 75 3.35 6
      vertex 75.16172828154377 3.3579452009908755 1
    endloop
  endfacet
  facet normal -0.14673047445536136 0.989176509964781 0
    outer loop
      vertex 75.16172828154377 3.3579452009908755 1
      vertex 75.16172828154377 3.3579452009908755 6
      vertex 75.32189903132661 3.38170428733467 1
    endloop
  endfacet
  facet normal 0.4275550934302823 0.9039892931234431 0
    outer loop
      vertex 74.2221953842371 3.544829913825214 1
      vertex 74.2221953842371 3.544829913825214 6
      vertex 74.3685723365976 3.4755987713563767 1
    endloop
  endfacet
  facet normal 0.5141027441932251 0.8577286100002701 -2.5509528721047044e-19
    outer loop
      vertex 74.2221953842371 3.544829913825214 1
      vertex 74.08330911551765 3.6280751397008 1
      vertex 74.08330911551765 3.6280751397008 6
    endloop
  endfacet
  facet normal 0.5956993044924713 0.8032075314806167 0
    outer loop
      vertex 73.95325108112999 3.724532751951484 1
      vertex 73.95325108112999 3.724532751951484 6
      vertex 74.08330911551765 3.6280751397008 1
    endloop
  endfacet
  facet normal 0.8032075314806308 0.5956993044924522 0
    outer loop
      vertex 73.6280751397008 4.083309115517657 1
      vertex 73.6280751397008 4.083309115517657 6
      vertex 73.72453275195149 3.9532510811299852 1
    endloop
  endfacet
  facet normal 0.8577286100002703 0.5141027441932248 -6.33145050800143e-19
    outer loop
      vertex 73.6280751397008 4.083309115517657 1
      vertex 73.54482991382521 4.222195384237104 1
      vertex 73.54482991382521 4.222195384237104 6
    endloop
  endfacet
  facet normal 0.6715589548470215 0.7409511253549561 -8.882070455915333e-19
    outer loop
      vertex 73.95325108112999 3.724532751951484 1
      vertex 73.8332738110422 3.8332738110421967 1
      vertex 73.8332738110422 3.8332738110421967 6
    endloop
  endfacet
  facet normal 0.7409511253549422 0.6715589548470371 -4.542956071594586e-19
    outer loop
      vertex 73.8332738110422 3.8332738110421967 1
      vertex 73.72453275195149 3.9532510811299852 1
      vertex 73.72453275195149 3.9532510811299852 6
    endloop
  endfacet
  facet normal 0.9039892931234443 0.4275550934302801 -1.0941005769197757e-19
    outer loop
      vertex 73.54482991382521 4.222195384237104 1
      vertex 73.47559877135637 4.368572336597602 1
      vertex 73.47559877135637 4.368572336597602 6
    endloop
  endfacet
  facet normal 0.9415440651830187 0.3368898533922256 -9.617047642348913e-19
    outer loop
      vertex 73.47559877135637 4.368572336597602 1
      vertex 73.42104844604185 4.521030282530138 1
      vertex 73.42104844604185 4.521030282530138 6
    endloop
  endfacet
  facet normal 0.9700312531945511 0.24298017990323528 2.1373837057586906e-19
    outer loop
      vertex 73.42104844604185 4.521030282530138 1
      vertex 73.38170428733467 4.678100968673388 1
      vertex 73.38170428733467 4.678100968673388 6
    endloop
  endfacet
  facet normal 0.9891765099647748 0.14673047445540352 1.5748756019945507e-19
    outer loop
      vertex 73.38170428733467 4.678100968673388 1
      vertex 73.35794520099087 4.838271718456225 1
      vertex 73.35794520099087 4.838271718456225 6
    endloop
  endfacet
  facet normal 0.9987954562051724 0.049067674327416676 -8.162961837003231e-20
    outer loop
      vertex 73.35794520099087 4.838271718456225 1
      vertex 73.35 5 1
      vertex 73.35 5 6
    endloop
  endfacet
  facet normal 0.33688985339220895 0.9415440651830248 0
    outer loop
      vertex 74.3685723365976 3.4755987713563767 1
      vertex 74.3685723365976 3.4755987713563767 6
      vertex 74.52103028253013 3.4210484460418558 1
    endloop
  endfacet
  facet normal 0.2429801799032572 0.9700312531945456 0
    outer loop
      vertex 74.52103028253013 3.4210484460418558 1
      vertex 74.52103028253013 3.4210484460418558 6
      vertex 74.67810096867339 3.38170428733467 1
    endloop
  endfacet
  facet normal -0.2429801799032572 0.9700312531945456 0
    outer loop
      vertex 75.32189903132661 3.38170428733467 1
      vertex 75.32189903132661 3.38170428733467 6
      vertex 75.47896971746987 3.4210484460418558 1
    endloop
  endfacet
  facet normal -0.33688985339220895 0.9415440651830248 0
    outer loop
      vertex 75.47896971746987 3.4210484460418558 1
      vertex 75.47896971746987 3.4210484460418558 6
      vertex 75.6314276634024 3.4755987713563767 1
    endloop
  endfacet
  facet normal -0.4275550934302823 0.9039892931234431 0
    outer loop
      vertex 75.6314276634024 3.4755987713563767 1
      vertex 75.6314276634024 3.4755987713563767 6
      vertex 75.7778046157629 3.544829913825214 1
    endloop
  endfacet
  facet normal -0.5141027441932251 0.8577286100002701 0
    outer loop
      vertex 75.7778046157629 3.544829913825214 1
      vertex 75.7778046157629 3.544829913825214 6
      vertex 75.91669088448235 3.6280751397008 1
    endloop
  endfacet
  facet normal -0.5956993044924713 0.8032075314806167 0
    outer loop
      vertex 75.91669088448235 3.6280751397008 1
      vertex 75.91669088448235 3.6280751397008 6
      vertex 76.04674891887001 3.724532751951484 1
    endloop
  endfacet
  facet normal -0.6715589548470215 0.7409511253549561 0
    outer loop
      vertex 76.04674891887001 3.724532751951484 1
      vertex 76.04674891887001 3.724532751951484 6
      vertex 76.1667261889578 3.8332738110421967 1
    endloop
  endfacet
  facet normal -0.7409511253549422 0.6715589548470371 0
    outer loop
      vertex 76.1667261889578 3.8332738110421967 1
      vertex 76.1667261889578 3.8332738110421967 6
      vertex 76.27546724804851 3.9532510811299852 1
    endloop
  endfacet
  facet normal -0.8032075314806308 0.5956993044924522 0
    outer loop
      vertex 76.27546724804851 3.9532510811299852 1
      vertex 76.27546724804851 3.9532510811299852 6
      vertex 76.3719248602992 4.083309115517657 1
    endloop
  endfacet
  facet normal -0.8577286100002703 0.5141027441932248 0
    outer loop
      vertex 76.3719248602992 4.083309115517657 1
      vertex 76.3719248602992 4.083309115517657 6
      vertex 76.45517008617479 4.222195384237104 1
    endloop
  endfacet
  facet normal -0.9039892931234443 0.4275550934302801 0
    outer loop
      vertex 76.45517008617479 4.222195384237104 1
      vertex 76.45517008617479 4.222195384237104 6
      vertex 76.52440122864363 4.368572336597602 1
    endloop
  endfacet
  facet normal -0.9415440651830187 0.3368898533922256 0
    outer loop
      vertex 76.52440122864363 4.368572336597602 1
      vertex 76.52440122864363 4.368572336597602 6
      vertex 76.57895155395815 4.521030282530138 1
    endloop
  endfacet
  facet normal -0.9700312531945511 0.24298017990323528 0
    outer loop
      vertex 76.57895155395815 4.521030282530138 1
      vertex 76.57895155395815 4.521030282530138 6
      vertex 76.61829571266533 4.678100968673388 1
    endloop
  endfacet
  facet normal -0.9891765099647748 0.14673047445540352 0
    outer loop
      vertex 76.61829571266533 4.678100968673388 1
      vertex 76.61829571266533 4.678100968673388 6
      vertex 76.64205479900913 4.838271718456225 1
    endloop
  endfacet
  facet normal -0.9987954562051724 0.049067674327416676 0
    outer loop
      vertex 76.64205479900913 4.838271718456225 1
      vertex 76.64205479900913 4.838271718456225 6
      vertex 76.65 5 1
    endloop
  endfacet
  facet normal -0.9987954562051724 -0.049067674327416676 0
    outer loop
      vertex 76.65 5 1
      vertex 76.65 5 6
      vertex 76.64205479900913 5.161728281543775 1
    endloop
  endfacet
  facet normal 0.9987954562051724 -0.049067674327416676 8.162961837003231e-20
    outer loop
      vertex 73.35 5 1
      vertex 73.35794520099087 5.161728281543775 1
      vertex 73.35794520099087 5.161728281543775 6
    endloop
  endfacet
  facet normal 0.9891765099647748 -0.14673047445540352 -1.5748756019945507e-19
    outer loop
      vertex 73.35794520099087 5.161728281543775 1
      vertex 73.38170428733467 5.321899031326612 1
      vertex 73.38170428733467 5.321899031326612 6
    endloop
  endfacet
  facet normal 0.9700312531945511 -0.24298017990323528 -2.1373837057586906e-19
    outer loop
      vertex 73.38170428733467 5.321899031326612 1
      vertex 73.42104844604185 5.478969717469862 1
      vertex 73.42104844604185 5.478969717469862 6
    endloop
  endfacet
  facet normal 0.9415440651830187 -0.3368898533922256 9.617047642348913e-19
    outer loop
      vertex 73.42104844604185 5.478969717469862 1
      vertex 73.47559877135637 5.631427663402398 1
      vertex 73.47559877135637 5.631427663402398 6
    endloop
  endfacet
  facet normal 0.9039892931234443 -0.4275550934302801 1.0941005769197757e-19
    outer loop
      vertex 73.47559877135637 5.631427663402398 1
      vertex 73.54482991382521 5.777804615762896 1
      vertex 73.54482991382521 5.777804615762896 6
    endloop
  endfacet
  facet normal 0.8577286100002703 -0.5141027441932248 6.33145050800143e-19
    outer loop
      vertex 73.54482991382521 5.777804615762896 1
      vertex 73.6280751397008 5.916690884482343 1
      vertex 73.6280751397008 5.916690884482343 6
    endloop
  endfacet
  facet normal 0.8032075314806308 -0.5956993044924522 5.965947069377188e-19
    outer loop
      vertex 73.6280751397008 5.916690884482343 1
      vertex 73.72453275195149 6.046748918870015 1
      vertex 73.72453275195149 6.046748918870015 6
    endloop
  endfacet
  facet normal 0.740951125354941 -0.6715589548470385 8.020235419790829e-19
    outer loop
      vertex 73.72453275195149 6.046748918870015 1
      vertex 73.8332738110422 6.166726188957803 1
      vertex 73.8332738110422 6.166726188957803 6
    endloop
  endfacet
  facet normal 0.6715589548470231 -0.7409511253549548 2.7579783133016515e-19
    outer loop
      vertex 73.8332738110422 6.166726188957803 1
      vertex 73.95325108112999 6.275467248048516 1
      vertex 73.95325108112999 6.275467248048516 6
    endloop
  endfacet
  facet normal 0.5956993044924713 -0.8032075314806167 -1.6775779564194924e-19
    outer loop
      vertex 73.95325108112999 6.275467248048516 1
      vertex 74.08330911551765 6.3719248602992 1
      vertex 74.08330911551765 6.3719248602992 6
    endloop
  endfacet
  facet normal 0.5141027441932231 -0.8577286100002712 -9.338275239863746e-19
    outer loop
      vertex 74.08330911551765 6.3719248602992 1
      vertex 74.2221953842371 6.455170086174785 1
      vertex 74.2221953842371 6.455170086174785 6
    endloop
  endfacet
  facet normal -0.9891765099647748 -0.14673047445540352 0
    outer loop
      vertex 76.64205479900913 5.161728281543775 1
      vertex 76.64205479900913 5.161728281543775 6
      vertex 76.61829571266533 5.321899031326612 1
    endloop
  endfacet
  facet normal -0.9700312531945511 -0.24298017990323528 0
    outer loop
      vertex 76.61829571266533 5.321899031326612 1
      vertex 76.61829571266533 5.321899031326612 6
      vertex 76.57895155395815 5.478969717469862 1
    endloop
  endfacet
  facet normal -0.9039892931234443 -0.4275550934302801 0
    outer loop
      vertex 76.52440122864363 5.631427663402398 1
      vertex 76.52440122864363 5.631427663402398 6
      vertex 76.45517008617479 5.777804615762896 1
    endloop
  endfacet
  facet normal -0.9415440651830187 -0.3368898533922256 0
    outer loop
      vertex 76.57895155395815 5.478969717469862 1
      vertex 76.57895155395815 5.478969717469862 6
      vertex 76.52440122864363 5.631427663402398 1
    endloop
  endfacet
  facet normal -0.8577286100002703 -0.5141027441932248 0
    outer loop
      vertex 76.45517008617479 5.777804615762896 1
      vertex 76.45517008617479 5.777804615762896 6
      vertex 76.3719248602992 5.916690884482343 1
    endloop
  endfacet
  facet normal 0.4275550934302845 -0.903989293123442 -8.436423076081753e-21
    outer loop
      vertex 74.2221953842371 6.455170086174785 1
      vertex 74.3685723365976 6.524401228643623 1
      vertex 74.3685723365976 6.524401228643623 6
    endloop
  endfacet
  facet normal 0.33688985339220895 -0.9415440651830248 1.0920855211373052e-19
    outer loop
      vertex 74.3685723365976 6.524401228643623 1
      vertex 74.52103028253013 6.578951553958144 1
      vertex 74.52103028253013 6.578951553958144 6
    endloop
  endfacet
  facet normal 0.2429801799032572 -0.9700312531945456 -1.4814626050232951e-19
    outer loop
      vertex 74.52103028253013 6.578951553958144 1
      vertex 74.67810096867339 6.61829571266533 1
      vertex 74.67810096867339 6.61829571266533 6
    endloop
  endfacet
  facet normal 0.14673047445536136 -0.989176509964781 -1.0187152756046451e-19
    outer loop
      vertex 74.67810096867339 6.61829571266533 1
      vertex 74.83827171845623 6.6420547990091245 1
      vertex 74.83827171845623 6.6420547990091245 6
    endloop
  endfacet
  facet normal 0.049067674327422685 -0.9987954562051722 -9.19370091776155e-20
    outer loop
      vertex 74.83827171845623 6.6420547990091245 1
      vertex 75 6.65 1
      vertex 75 6.65 6
    endloop
  endfacet
  facet normal -0.14673047445536136 -0.989176509964781 1.0187152756046451e-19
    outer loop
      vertex 75.16172828154377 6.6420547990091245 1
      vertex 75.32189903132661 6.61829571266533 1
      vertex 75.32189903132661 6.61829571266533 6
    endloop
  endfacet
  facet normal -0.049067674327422685 -0.9987954562051722 0
    outer loop
      vertex 75.16172828154377 6.6420547990091245 1
      vertex 75.16172828154377 6.6420547990091245 6
      vertex 75 6.65 1
    endloop
  endfacet
  facet normal -0.2429801799032572 -0.9700312531945456 1.4814626050232951e-19
    outer loop
      vertex 75.32189903132661 6.61829571266533 1
      vertex 75.47896971746987 6.578951553958144 1
      vertex 75.47896971746987 6.578951553958144 6
    endloop
  endfacet
  facet normal -0.33688985339220895 -0.9415440651830248 -1.0920855211373052e-19
    outer loop
      vertex 75.47896971746987 6.578951553958144 1
      vertex 75.6314276634024 6.524401228643623 1
      vertex 75.6314276634024 6.524401228643623 6
    endloop
  endfacet
  facet normal -0.6715589548470231 -0.7409511253549548 0
    outer loop
      vertex 76.1667261889578 6.166726188957803 1
      vertex 76.1667261889578 6.166726188957803 6
      vertex 76.04674891887001 6.275467248048516 1
    endloop
  endfacet
  facet normal -0.5956993044924713 -0.8032075314806167 0
    outer loop
      vertex 76.04674891887001 6.275467248048516 1
      vertex 76.04674891887001 6.275467248048516 6
      vertex 75.91669088448235 6.3719248602992 1
    endloop
  endfacet
  facet normal -0.8032075314806308 -0.5956993044924522 0
    outer loop
      vertex 76.3719248602992 5.916690884482343 1
      vertex 76.3719248602992 5.916690884482343 6
      vertex 76.27546724804851 6.046748918870015 1
    endloop
  endfacet
  facet normal -0.740951125354941 -0.6715589548470385 -8.020235419790829e-19
    outer loop
      vertex 76.1667261889578 6.166726188957803 1
      vertex 76.27546724804851 6.046748918870015 1
      vertex 76.27546724804851 6.046748918870015 6
    endloop
  endfacet
  facet normal -0.5141027441932231 -0.8577286100002712 9.338275239863746e-19
    outer loop
      vertex 75.7778046157629 6.455170086174785 1
      vertex 75.91669088448235 6.3719248602992 1
      vertex 75.91669088448235 6.3719248602992 6
    endloop
  endfacet
  facet normal -0.4275550934302845 -0.903989293123442 8.436423076081753e-21
    outer loop
      vertex 75.6314276634024 6.524401228643623 1
      vertex 75.7778046157629 6.455170086174785 1
      vertex 75.7778046157629 6.455170086174785 6
    endloop
  endfacet
  facet normal 0.14673047445536136 0.989176509964781 0
    outer loop
      vertex 74.83827171845623 3.3579452009908755 1
      vertex 74.67810096867339 3.38170428733467 6
      vertex 74.83827171845623 3.3579452009908755 6
    endloop
  endfacet
  facet normal 0.04906767432741995 0.9987954562051723 0
    outer loop
      vertex 75 3.35 1
      vertex 74.83827171845623 3.3579452009908755 6
      vertex 75 3.35 6
    endloop
  endfacet
  facet normal -0.04906767432741995 0.9987954562051723 0
    outer loop
      vertex 75.16172828154377 3.3579452009908755 1
      vertex 75 3.35 6
      vertex 75.16172828154377 3.3579452009908755 6
    endloop
  endfacet
  facet normal -0.14673047445536136 0.989176509964781 0
    outer loop
      vertex 75.32189903132661 3.38170428733467 1
      vertex 75.16172828154377 3.3579452009908755 6
      vertex 75.32189903132661 3.38170428733467 6
    endloop
  endfacet
  facet normal 0.5141027441932251 0.8577286100002701 0
    outer loop
      vertex 74.2221953842371 3.544829913825214 1
      vertex 74.08330911551765 3.6280751397008 6
      vertex 74.2221953842371 3.544829913825214 6
    endloop
  endfacet
  facet normal 0.6715589548470215 0.7409511253549561 0
    outer loop
      vertex 73.95325108112999 3.724532751951484 1
      vertex 73.8332738110422 3.8332738110421967 6
      vertex 73.95325108112999 3.724532751951484 6
    endloop
  endfacet
  facet normal 0.5956993044924713 0.8032075314806167 0
    outer loop
      vertex 74.08330911551765 3.6280751397008 1
      vertex 73.95325108112999 3.724532751951484 6
      vertex 74.08330911551765 3.6280751397008 6
    endloop
  endfacet
  facet normal 0.8577286100002703 0.5141027441932248 0
    outer loop
      vertex 73.6280751397008 4.083309115517657 1
      vertex 73.54482991382521 4.222195384237104 6
      vertex 73.6280751397008 4.083309115517657 6
    endloop
  endfacet
  facet normal 0.7409511253549422 0.6715589548470371 0
    outer loop
      vertex 73.8332738110422 3.8332738110421967 1
      vertex 73.72453275195149 3.9532510811299852 6
      vertex 73.8332738110422 3.8332738110421967 6
    endloop
  endfacet
  facet normal 0.8032075314806308 0.5956993044924522 0
    outer loop
      vertex 73.72453275195149 3.9532510811299852 1
      vertex 73.6280751397008 4.083309115517657 6
      vertex 73.72453275195149 3.9532510811299852 6
    endloop
  endfacet
  facet normal 0.9039892931234443 0.4275550934302801 0
    outer loop
      vertex 73.54482991382521 4.222195384237104 1
      vertex 73.47559877135637 4.368572336597602 6
      vertex 73.54482991382521 4.222195384237104 6
    endloop
  endfacet
  facet normal 0.9415440651830187 0.3368898533922256 0
    outer loop
      vertex 73.47559877135637 4.368572336597602 1
      vertex 73.42104844604185 4.521030282530138 6
      vertex 73.47559877135637 4.368572336597602 6
    endloop
  endfacet
  facet normal 0.9700312531945511 0.24298017990323528 0
    outer loop
      vertex 73.42104844604185 4.521030282530138 1
      vertex 73.38170428733467 4.678100968673388 6
      vertex 73.42104844604185 4.521030282530138 6
    endloop
  endfacet
  facet normal 0.9891765099647748 0.14673047445540352 0
    outer loop
      vertex 73.38170428733467 4.678100968673388 1
      vertex 73.35794520099087 4.838271718456225 6
      vertex 73.38170428733467 4.678100968673388 6
    endloop
  endfacet
  facet normal 0.9987954562051724 0.049067674327416676 0
    outer loop
      vertex 73.35794520099087 4.838271718456225 1
      vertex 73.35 5 6
      vertex 73.35794520099087 4.838271718456225 6
    endloop
  endfacet
  facet normal 0.9987954562051724 -0.049067674327416676 0
    outer loop
      vertex 73.35 5 1
      vertex 73.35794520099087 5.161728281543775 6
      vertex 73.35 5 6
    endloop
  endfacet
  facet normal 0.33688985339220895 0.9415440651830248 0
    outer loop
      vertex 74.52103028253013 3.4210484460418558 1
      vertex 74.3685723365976 3.4755987713563767 6
      vertex 74.52103028253013 3.4210484460418558 6
    endloop
  endfacet
  facet normal 0.2429801799032572 0.9700312531945456 0
    outer loop
      vertex 74.67810096867339 3.38170428733467 1
      vertex 74.52103028253013 3.4210484460418558 6
      vertex 74.67810096867339 3.38170428733467 6
    endloop
  endfacet
  facet normal 0.4275550934302823 0.9039892931234431 0
    outer loop
      vertex 74.3685723365976 3.4755987713563767 1
      vertex 74.2221953842371 3.544829913825214 6
      vertex 74.3685723365976 3.4755987713563767 6
    endloop
  endfacet
  facet normal -0.2429801799032572 0.9700312531945456 0
    outer loop
      vertex 75.47896971746987 3.4210484460418558 1
      vertex 75.32189903132661 3.38170428733467 6
      vertex 75.47896971746987 3.4210484460418558 6
    endloop
  endfacet
  facet normal -0.33688985339220895 0.9415440651830248 0
    outer loop
      vertex 75.6314276634024 3.4755987713563767 1
      vertex 75.47896971746987 3.4210484460418558 6
      vertex 75.6314276634024 3.4755987713563767 6
    endloop
  endfacet
  facet normal -0.4275550934302823 0.9039892931234431 0
    outer loop
      vertex 75.7778046157629 3.544829913825214 1
      vertex 75.6314276634024 3.4755987713563767 6
      vertex 75.7778046157629 3.544829913825214 6
    endloop
  endfacet
  facet normal -0.5141027441932251 0.8577286100002701 0
    outer loop
      vertex 75.91669088448235 3.6280751397008 1
      vertex 75.7778046157629 3.544829913825214 6
      vertex 75.91669088448235 3.6280751397008 6
    endloop
  endfacet
  facet normal -0.5956993044924713 0.8032075314806167 0
    outer loop
      vertex 76.04674891887001 3.724532751951484 1
      vertex 75.91669088448235 3.6280751397008 6
      vertex 76.04674891887001 3.724532751951484 6
    endloop
  endfacet
  facet normal -0.6715589548470215 0.7409511253549561 0
    outer loop
      vertex 76.1667261889578 3.8332738110421967 1
      vertex 76.04674891887001 3.724532751951484 6
      vertex 76.1667261889578 3.8332738110421967 6
    endloop
  endfacet
  facet normal -0.7409511253549422 0.6715589548470371 0
    outer loop
      vertex 76.27546724804851 3.9532510811299852 1
      vertex 76.1667261889578 3.8332738110421967 6
      vertex 76.27546724804851 3.9532510811299852 6
    endloop
  endfacet
  facet normal -0.8032075314806308 0.5956993044924522 0
    outer loop
      vertex 76.3719248602992 4.083309115517657 1
      vertex 76.27546724804851 3.9532510811299852 6
      vertex 76.3719248602992 4.083309115517657 6
    endloop
  endfacet
  facet normal -0.8577286100002703 0.5141027441932248 0
    outer loop
      vertex 76.45517008617479 4.222195384237104 1
      vertex 76.3719248602992 4.083309115517657 6
      vertex 76.45517008617479 4.222195384237104 6
    endloop
  endfacet
  facet normal -0.9039892931234443 0.4275550934302801 0
    outer loop
      vertex 76.52440122864363 4.368572336597602 1
      vertex 76.45517008617479 4.222195384237104 6
      vertex 76.52440122864363 4.368572336597602 6
    endloop
  endfacet
  facet normal -0.9415440651830187 0.3368898533922256 0
    outer loop
      vertex 76.57895155395815 4.521030282530138 1
      vertex 76.52440122864363 4.368572336597602 6
      vertex 76.57895155395815 4.521030282530138 6
    endloop
  endfacet
  facet normal -0.9700312531945511 0.24298017990323528 0
    outer loop
      vertex 76.61829571266533 4.678100968673388 1
      vertex 76.57895155395815 4.521030282530138 6
      vertex 76.61829571266533 4.678100968673388 6
    endloop
  endfacet
  facet normal -0.9891765099647748 0.14673047445540352 0
    outer loop
      vertex 76.64205479900913 4.838271718456225 1
      vertex 76.61829571266533 4.678100968673388 6
      vertex 76.64205479900913 4.838271718456225 6
    endloop
  endfacet
  facet normal -0.9987954562051724 0.049067674327416676 0
    outer loop
      vertex 76.65 5 1
      vertex 76.64205479900913 4.838271718456225 6
      vertex 76.65 5 6
    endloop
  endfacet
  facet normal 0.9891765099647748 -0.14673047445540352 0
    outer loop
      vertex 73.35794520099087 5.161728281543775 1
      vertex 73.38170428733467 5.321899031326612 6
      vertex 73.35794520099087 5.161728281543775 6
    endloop
  endfacet
  facet normal 0.9700312531945511 -0.24298017990323528 0
    outer loop
      vertex 73.38170428733467 5.321899031326612 1
      vertex 73.42104844604185 5.478969717469862 6
      vertex 73.38170428733467 5.321899031326612 6
    endloop
  endfacet
  facet normal 0.9415440651830187 -0.3368898533922256 0
    outer loop
      vertex 73.42104844604185 5.478969717469862 1
      vertex 73.47559877135637 5.631427663402398 6
      vertex 73.42104844604185 5.478969717469862 6
    endloop
  endfacet
  facet normal 0.9039892931234443 -0.4275550934302801 0
    outer loop
      vertex 73.47559877135637 5.631427663402398 1
      vertex 73.54482991382521 5.777804615762896 6
      vertex 73.47559877135637 5.631427663402398 6
    endloop
  endfacet
  facet normal 0.8577286100002703 -0.5141027441932248 0
    outer loop
      vertex 73.54482991382521 5.777804615762896 1
      vertex 73.6280751397008 5.916690884482343 6
      vertex 73.54482991382521 5.777804615762896 6
    endloop
  endfacet
  facet normal 0.8032075314806308 -0.5956993044924522 0
    outer loop
      vertex 73.6280751397008 5.916690884482343 1
      vertex 73.72453275195149 6.046748918870015 6
      vertex 73.6280751397008 5.916690884482343 6
    endloop
  endfacet
  facet normal 0.740951125354941 -0.6715589548470385 0
    outer loop
      vertex 73.72453275195149 6.046748918870015 1
      vertex 73.8332738110422 6.166726188957803 6
      vertex 73.72453275195149 6.046748918870015 6
    endloop
  endfacet
  facet normal 0.6715589548470231 -0.7409511253549548 0
    outer loop
      vertex 73.8332738110422 6.166726188957803 1
      vertex 73.95325108112999 6.275467248048516 6
      vertex 73.8332738110422 6.166726188957803 6
    endloop
  endfacet
  facet normal 0.5956993044924713 -0.8032075314806167 0
    outer loop
      vertex 73.95325108112999 6.275467248048516 1
      vertex 74.08330911551765 6.3719248602992 6
      vertex 73.95325108112999 6.275467248048516 6
    endloop
  endfacet
  facet normal 0.5141027441932231 -0.8577286100002712 0
    outer loop
      vertex 74.08330911551765 6.3719248602992 1
      vertex 74.2221953842371 6.455170086174785 6
      vertex 74.08330911551765 6.3719248602992 6
    endloop
  endfacet
  facet normal 0.4275550934302845 -0.903989293123442 0
    outer loop
      vertex 74.2221953842371 6.455170086174785 1
      vertex 74.3685723365976 6.524401228643623 6
      vertex 74.2221953842371 6.455170086174785 6
    endloop
  endfacet
  facet normal -0.9987954562051724 -0.049067674327416676 0
    outer loop
      vertex 76.64205479900913 5.161728281543775 1
      vertex 76.65 5 6
      vertex 76.64205479900913 5.161728281543775 6
    endloop
  endfacet
  facet normal -0.9891765099647748 -0.14673047445540352 0
    outer loop
      vertex 76.61829571266533 5.321899031326612 1
      vertex 76.64205479900913 5.161728281543775 6
      vertex 76.61829571266533 5.321899031326612 6
    endloop
  endfacet
  facet normal -0.9700312531945511 -0.24298017990323528 0
    outer loop
      vertex 76.57895155395815 5.478969717469862 1
      vertex 76.61829571266533 5.321899031326612 6
      vertex 76.57895155395815 5.478969717469862 6
    endloop
  endfacet
  facet normal -0.9415440651830187 -0.3368898533922256 0
    outer loop
      vertex 76.52440122864363 5.631427663402398 1
      vertex 76.57895155395815 5.478969717469862 6
      vertex 76.52440122864363 5.631427663402398 6
    endloop
  endfacet
  facet normal -0.9039892931234443 -0.4275550934302801 0
    outer loop
      vertex 76.45517008617479 5.777804615762896 1
      vertex 76.52440122864363 5.631427663402398 6
      vertex 76.45517008617479 5.777804615762896 6
    endloop
  endfacet
  facet normal -0.8577286100002703 -0.5141027441932248 0
    outer loop
      vertex 76.3719248602992 5.916690884482343 1
      vertex 76.45517008617479 5.777804615762896 6
      vertex 76.3719248602992 5.916690884482343 6
    endloop
  endfacet
  facet normal 0.33688985339220895 -0.9415440651830248 0
    outer loop
      vertex 74.3685723365976 6.524401228643623 1
      vertex 74.52103028253013 6.578951553958144 6
      vertex 74.3685723365976 6.524401228643623 6
    endloop
  endfacet
  facet normal 0.2429801799032572 -0.9700312531945456 0
    outer loop
      vertex 74.52103028253013 6.578951553958144 1
      vertex 74.67810096867339 6.61829571266533 6
      vertex 74.52103028253013 6.578951553958144 6
    endloop
  endfacet
  facet normal 0.14673047445536136 -0.989176509964781 0
    outer loop
      vertex 74.67810096867339 6.61829571266533 1
      vertex 74.83827171845623 6.6420547990091245 6
      vertex 74.67810096867339 6.61829571266533 6
    endloop
  endfacet
  facet normal 0.049067674327422685 -0.9987954562051722 0
    outer loop
      vertex 74.83827171845623 6.6420547990091245 1
      vertex 75 6.65 6
      vertex 74.83827171845623 6.6420547990091245 6
    endloop
  endfacet
  facet normal -0.14673047445536136 -0.989176509964781 0
    outer loop
      vertex 75.16172828154377 6.6420547990091245 1
      vertex 75.32189903132661 6.61829571266533 6
      vertex 75.16172828154377 6.6420547990091245 6
    endloop
  endfacet
  facet normal -0.049067674327422685 -0.9987954562051722 0
    outer loop
      vertex 75 6.65 1
      vertex 75.16172828154377 6.6420547990091245 6
      vertex 75 6.65 6
    endloop
  endfacet
  facet normal -0.2429801799032572 -0.9700312531945456 0
    outer loop
      vertex 75.32189903132661 6.61829571266533 1
      vertex 75.47896971746987 6.578951553958144 6
      vertex 75.32189903132661 6.61829571266533 6
    endloop
  endfacet
  facet normal -0.33688985339220895 -0.9415440651830248 0
    outer loop
      vertex 75.47896971746987 6.578951553958144 1
      vertex 75.6314276634024 6.524401228643623 6
      vertex 75.47896971746987 6.578951553958144 6
    endloop
  endfacet
  facet normal -0.740951125354941 -0.6715589548470385 0
    outer loop
      vertex 76.1667261889578 6.166726188957803 1
      vertex 76.27546724804851 6.046748918870015 6
      vertex 76.1667261889578 6.166726188957803 6
    endloop
  endfacet
  facet normal -0.6715589548470231 -0.7409511253549548 0
    outer loop
      vertex 76.04674891887001 6.275467248048516 1
      vertex 76.1667261889578 6.166726188957803 6
      vertex 76.04674891887001 6.275467248048516 6
    endloop
  endfacet
  facet normal -0.8032075314806308 -0.5956993044924522 0
    outer loop
      vertex 76.27546724804851 6.046748918870015 1
      vertex 76.3719248602992 5.916690884482343 6
      vertex 76.27546724804851 6.046748918870015 6
    endloop
  endfacet
  facet normal -0.5141027441932231 -0.8577286100002712 0
    outer loop
      vertex 75.7778046157629 6.455170086174785 1
      vertex 75.91669088448235 6.3719248602992 6
      vertex 75.7778046157629 6.455170086174785 6
    endloop
  endfacet
  facet normal -0.4275550934302845 -0.903989293123442 0
    outer loop
      vertex 75.6314276634024 6.524401228643623 1
      vertex 75.7778046157629 6.455170086174785 6
      vertex 75.6314276634024 6.524401228643623 6
    endloop
  endfacet
  facet normal -0.5956993044924713 -0.8032075314806167 0
    outer loop
      vertex 75.91669088448235 6.3719248602992 1
      vertex 76.04674891887001 6.275467248048516 6
      vertex 75.91669088448235 6.3719248602992 6
    endloop
  endfacet
  facet normal 0 0 1
    outer loop
      vertex 73.79791847198287 11.79791847198287 1
      vertex 73.79791847198287 14.20208152801713 1
      vertex 73.68588222928335 11.921531416921802 1
    endloop
  endfacet
  facet normal 0 0 1
    outer loop
      vertex 73.92153141692181 11.685882229283347 1
      vertex 73.92153141692181 14.314117770716653 1
      vertex 73.79791847198287 11.79791847198287 1
    endloop
  endfacet
  facet normal 0 0 1
    outer loop
      vertex 74.05553060386667 11.586501659085673 1
      vertex 74.1986255473958 11.500733850607796 1
      vertex 74.1986255473958 14.499266149392204 1
    endloop
  endfacet
  facet normal 0 0 1
    outer loop
      vertex 74.1986255473958 11.500733850607796 1
      vertex 74.34943816497935 11.429404794730813 1
      vertex 74.34943816497935 14.570595205269187 1
    endloop
  endfacet
  facet normal 0 0 1
    outer loop
      vertex 74.05553060386667 11.586501659085673 1
      vertex 74.05553060386667 14.413498340914327 1
      vertex 73.92153141692181 11.685882229283347 1
    endloop
  endfacet
  facet normal 0 0 1
    outer loop
      vertex 73.58650165908567 12.055530603866677 1
      vertex 73.68588222928335 11.921531416921802 1
      vertex 73.68588222928335 14.078468583078198 1
    endloop
  endfacet
  facet normal 0 0 1
    outer loop
      vertex 73.58650165908567 12.055530603866677 1
      vertex 73.58650165908567 13.944469396133323 1
      vertex 73.5007338506078 12.198625547395803 1
    endloop
  endfacet
  facet normal 0 0 1
    outer loop
      vertex 73.5007338506078 12.198625547395803 1
      vertex 73.5007338506078 13.801374452604197 1
      vertex 73.42940479473081 12.349438164979347 1
    endloop
  endfacet
  facet normal 0 0 1
    outer loop
      vertex 73.42940479473081 12.349438164979347 1
      vertex 73.42940479473081 13.650561835020653 1
      vertex 73.37320142925525 12.506516048667415 1
    endloop
  endfacet
  facet normal 0 0 1
    outer loop
      vertex 73.3326650233145 12.668346452572582 1
      vertex 73.3326650233145 13.331653547427418 1
      vertex 73.30818596465727 12.833370861439747 1
    endloop
  endfacet
  facet normal 0 0 1
    outer loop
      vertex 73.30818596465727 12.833370861439747 1
      vertex 73.30818596465727 13.166629138560253 1
      vertex 73.3 13 1
    endloop
  endfacet
  facet normal 0 0 1
    outer loop
      vertex 73.37320142925525 12.506516048667415 1
      vertex 73.37320142925525 13.493483951332585 1
      vertex 73.3326650233145 12.668346452572582 1
    endloop
  endfacet
  facet normal 0 0 1
    outer loop
      vertex 73.30818596465727 12.833370861439747 1
      vertex 73.3326650233145 13.331653547427418 1
      vertex 73.30818596465727 13.166629138560253 1
    endloop
  endfacet
  facet normal 0 0 1
    outer loop
      vertex 73.3326650233145 12.668346452572582 1
      vertex 73.37320142925525 13.493483951332585 1
      vertex 73.3326650233145 13.331653547427418 1
    endloop
  endfacet
  facet normal 0 0 1
    outer loop
      vertex 73.37320142925525 12.506516048667415 1
      vertex 73.42940479473081 13.650561835020653 1
      vertex 73.37320142925525 13.493483951332585 1
    endloop
  endfacet
  facet normal 0 0 1
    outer loop
      vertex 73.42940479473081 12.349438164979347 1
      vertex 73.5007338506078 13.801374452604197 1
      vertex 73.42940479473081 13.650561835020653 1
    endloop
  endfacet
  facet normal 0 0 1
    outer loop
      vertex 73.5007338506078 12.198625547395803 1
      vertex 73.58650165908567 13.944469396133323 1
      vertex 73.5007338506078 13.801374452604197 1
    endloop
  endfacet
  facet normal 0 0 1
    outer loop
      vertex 73.58650165908567 12.055530603866677 1
      vertex 73.68588222928335 14.078468583078198 1
      vertex 73.58650165908567 13.944469396133323 1
    endloop
  endfacet
  facet normal 0 0 1
    outer loop
      vertex 73.68588222928335 11.921531416921802 1
      vertex 73.79791847198287 14.20208152801713 1
      vertex 73.68588222928335 14.078468583078198 1
    endloop
  endfacet
  facet normal 0 0 1
    outer loop
      vertex 73.79791847198287 11.79791847198287 1
      vertex 73.92153141692181 14.314117770716653 1
      vertex 73.79791847198287 14.20208152801713 1
    endloop
  endfacet
  facet normal 0 0 1
    outer loop
      vertex 73.92153141692181 11.685882229283347 1
      vertex 74.05553060386667 14.413498340914327 1
      vertex 73.92153141692181 14.314117770716653 1
    endloop
  endfacet
  facet normal 0 0 1
    outer loop
      vertex 74.05553060386667 11.586501659085673 1
      vertex 74.1986255473958 14.499266149392204 1
      vertex 74.05553060386667 14.413498340914327 1
    endloop
  endfacet
  facet normal 0 0 1
    outer loop
      vertex 74.66834645257258 11.332665023314508 1
      vertex 74.83337086143975 11.308185964657266 1
      vertex 74.83337086143975 14.691814035342734 1
    endloop
  endfacet
  facet normal 0 0 1
    outer loop
      vertex 74.83337086143975 11.308185964657266 1
      vertex 75 11.3 1
      vertex 75 14.7 1
    endloop
  endfacet
  facet normal 0 0 1
    outer loop
      vertex 74.50651604866741 11.373201429255245 1
      vertex 74.50651604866741 14.626798570744755 1
      vertex 74.34943816497935 11.429404794730813 1
    endloop
  endfacet
  facet normal 0 0 1
    outer loop
      vertex 74.50651604866741 11.373201429255245 1
      vertex 74.66834645257258 11.332665023314508 1
      vertex 74.66834645257258 14.667334976685492 1
    endloop
  endfacet
  facet normal 0 0 1
    outer loop
      vertex 75 11.3 1
      vertex 75.16662913856025 11.308185964657266 1
      vertex 75.16662913856025 14.691814035342734 1
    endloop
  endfacet
  facet normal 0 0 1
    outer loop
      vertex 75.16662913856025 11.308185964657266 1
      vertex 75.33165354742742 11.332665023314508 1
      vertex 75.33165354742742 14.667334976685492 1
    endloop
  endfacet
  facet normal 0 0 1
    outer loop
      vertex 75.33165354742742 11.332665023314508 1
      vertex 75.49348395133259 11.373201429255245 1
      vertex 75.49348395133259 14.626798570744755 1
    endloop
  endfacet
  facet normal 0 0 1
    outer loop
      vertex 75.49348395133259 11.373201429255245 1
      vertex 75.65056183502065 11.429404794730813 1
      vertex 75.65056183502065 14.570595205269187 1
    endloop
  endfacet
  facet normal 0 0 1
    outer loop
      vertex 75.65056183502065 11.429404794730813 1
      vertex 75.8013744526042 11.500733850607796 1
      vertex 75.8013744526042 14.499266149392204 1
    endloop
  endfacet
  facet normal 0 0 1
    outer loop
      vertex 75.8013744526042 11.500733850607796 1
      vertex 75.94446939613333 11.586501659085673 1
      vertex 75.94446939613333 14.413498340914327 1
    endloop
  endfacet
  facet normal 0 0 1
    outer loop
      vertex 75.94446939613333 11.586501659085673 1
      vertex 76.0784685830782 11.685882229283347 1
      vertex 76.0784685830782 14.314117770716653 1
    endloop
  endfacet
  facet normal 0 0 1
    outer loop
      vertex 76.0784685830782 11.685882229283347 1
      vertex 76.20208152801713 11.79791847198287 1
      vertex 76.20208152801713 14.20208152801713 1
    endloop
  endfacet
  facet normal 0 0 1
    outer loop
      vertex 76.20208152801713 11.79791847198287 1
      vertex 76.31411777071665 11.921531416921802 1
      vertex 76.31411777071665 14.078468583078198 1
    endloop
  endfacet
  facet normal 0 0 1
    outer loop
      vertex 76.31411777071665 11.921531416921802 1
      vertex 76.41349834091433 12.055530603866677 1
      vertex 76.41349834091433 13.944469396133323 1
    endloop
  endfacet
  facet normal 0 0 1
    outer loop
      vertex 76.41349834091433 12.055530603866677 1
      vertex 76.4992661493922 12.198625547395803 1
      vertex 76.4992661493922 13.801374452604197 1
    endloop
  endfacet
  facet normal 0 0 1
    outer loop
      vertex 76.4992661493922 12.198625547395803 1
      vertex 76.57059520526919 12.349438164979347 1
      vertex 76.57059520526919 13.650561835020653 1
    endloop
  endfacet
  facet normal 0 0 1
    outer loop
      vertex 76.57059520526919 12.349438164979347 1
      vertex 76.62679857074475 12.506516048667415 1
      vertex 76.62679857074475 13.493483951332585 1
    endloop
  endfacet
  facet normal 0 0 1
    outer loop
      vertex 76.62679857074475 12.506516048667415 1
      vertex 76.6673349766855 12.668346452572582 1
      vertex 76.6673349766855 13.331653547427418 1
    endloop
  endfacet
  facet normal 0 0 1
    outer loop
      vertex 76.6673349766855 12.668346452572582 1
      vertex 76.69181403534273 12.833370861439747 1
      vertex 76.69181403534273 13.166629138560253 1
    endloop
  endfacet
  facet normal 0 0 1
    outer loop
      vertex 76.69181403534273 12.833370861439747 1
      vertex 76.7 13 1
      vertex 76.69181403534273 13.166629138560253 1
    endloop
  endfacet
  facet normal 0 0 1
    outer loop
      vertex 76.6673349766855 12.668346452572582 1
      vertex 76.69181403534273 13.166629138560253 1
      vertex 76.6673349766855 13.331653547427418 1
    endloop
  endfacet
  facet normal 0 0 1
    outer loop
      vertex 75.65056183502065 11.429404794730813 1
      vertex 75.8013744526042 14.499266149392204 1
      vertex 75.65056183502065 14.570595205269187 1
    endloop
  endfacet
  facet normal 0 0 1
    outer loop
      vertex 75.8013744526042 11.500733850607796 1
      vertex 75.94446939613333 14.413498340914327 1
      vertex 75.8013744526042 14.499266149392204 1
    endloop
  endfacet
  facet normal 0 0 1
    outer loop
      vertex 75.94446939613333 11.586501659085673 1
      vertex 76.0784685830782 14.314117770716653 1
      vertex 75.94446939613333 14.413498340914327 1
    endloop
  endfacet
  facet normal 0 0 1
    outer loop
      vertex 76.0784685830782 11.685882229283347 1
      vertex 76.20208152801713 14.20208152801713 1
      vertex 76.0784685830782 14.314117770716653 1
    endloop
  endfacet
  facet normal 0 0 1
    outer loop
      vertex 76.4992661493922 12.198625547395803 1
      vertex 76.57059520526919 13.650561835020653 1
      vertex 76.4992661493922 13.801374452604197 1
    endloop
  endfacet
  facet normal 0 0 1
    outer loop
      vertex 76.41349834091433 12.055530603866677 1
      vertex 76.4992661493922 13.801374452604197 1
      vertex 76.41349834091433 13.944469396133323 1
    endloop
  endfacet
  facet normal 0 0 1
    outer loop
      vertex 76.62679857074475 12.506516048667415 1
      vertex 76.6673349766855 13.331653547427418 1
      vertex 76.62679857074475 13.493483951332585 1
    endloop
  endfacet
  facet normal 0 0 1
    outer loop
      vertex 76.57059520526919 12.349438164979347 1
      vertex 76.62679857074475 13.493483951332585 1
      vertex 76.57059520526919 13.650561835020653 1
    endloop
  endfacet
  facet normal 0 0 1
    outer loop
      vertex 76.31411777071665 11.921531416921802 1
      vertex 76.41349834091433 13.944469396133323 1
      vertex 76.31411777071665 14.078468583078198 1
    endloop
  endfacet
  facet normal 0 0 1
    outer loop
      vertex 76.20208152801713 11.79791847198287 1
      vertex 76.31411777071665 14.078468583078198 1
      vertex 76.20208152801713 14.20208152801713 1
    endloop
  endfacet
  facet normal 0.4275550934302876 0.9039892931234408 0
    outer loop
      vertex 74.1986255473958 11.500733850607796 1
      vertex 74.1986255473958 11.500733850607796 6
      vertex 74.34943816497935 11.429404794730813 1
    endloop
  endfacet
  facet normal 0.5141027441932043 0.8577286100002823 0
    outer loop
      vertex 74.05553060386667 11.586501659085673 1
      vertex 74.05553060386667 11.586501659085673 6
      vertex 74.1986255473958 11.500733850607796 1
    endloop
  endfacet
  facet normal 0.5956993044924649 0.8032075314806215 5.874693058838576e-19
    outer loop
      vertex 74.05553060386667 11.586501659085673 1
      vertex 73.92153141692181 11.685882229283347 1
      vertex 73.92153141692181 11.685882229283347 6
    endloop
  endfacet
  facet normal 0.6715589548469976 0.7409511253549779 3.6375170369591916e-19
    outer loop
      vertex 73.92153141692181 11.685882229283347 1
      vertex 73.79791847198287 11.79791847198287 1
      vertex 73.79791847198287 11.79791847198287 6
    endloop
  endfacet
  facet normal 0.24298017990325876 0.9700312531945454 0
    outer loop
      vertex 74.50651604866741 11.373201429255245 1
      vertex 74.50651604866741 11.373201429255245 6
      vertex 74.66834645257258 11.332665023314508 1
    endloop
  endfacet
  facet normal 0.14673047445535384 0.9891765099647822 0
    outer loop
      vertex 74.66834645257258 11.332665023314508 1
      vertex 74.66834645257258 11.332665023314508 6
      vertex 74.83337086143975 11.308185964657266 1
    endloop
  endfacet
  facet normal 0.04906767432741787 0.9987954562051725 0
    outer loop
      vertex 74.83337086143975 11.308185964657266 1
      vertex 74.83337086143975 11.308185964657266 6
      vertex 75 11.3 1
    endloop
  endfacet
  facet normal -0.04906767432741787 0.9987954562051725 0
    outer loop
      vertex 75 11.3 1
      vertex 75 11.3 6
      vertex 75.16662913856025 11.308185964657266 1
    endloop
  endfacet
  facet normal -0.14673047445535384 0.9891765099647822 0
    outer loop
      vertex 75.16662913856025 11.308185964657266 1
      vertex 75.16662913856025 11.308185964657266 6
      vertex 75.33165354742742 11.332665023314508 1
    endloop
  endfacet
  facet normal -0.24298017990325876 0.9700312531945454 0
    outer loop
      vertex 75.33165354742742 11.332665023314508 1
      vertex 75.33165354742742 11.332665023314508 6
      vertex 75.49348395133259 11.373201429255245 1
    endloop
  endfacet
  facet normal 0.33688985339223376 0.9415440651830158 1.4412033459220776e-20
    outer loop
      vertex 74.50651604866741 11.373201429255245 1
      vertex 74.34943816497935 11.429404794730813 1
      vertex 74.34943816497935 11.429404794730813 6
    endloop
  endfacet
  facet normal -0.33688985339223376 0.9415440651830158 0
    outer loop
      vertex 75.49348395133259 11.373201429255245 1
      vertex 75.49348395133259 11.373201429255245 6
      vertex 75.65056183502065 11.429404794730813 1
    endloop
  endfacet
  facet normal -0.4275550934302876 0.9039892931234408 -7.600180819629909e-19
    outer loop
      vertex 75.65056183502065 11.429404794730813 1
      vertex 75.8013744526042 11.500733850607796 6
      vertex 75.8013744526042 11.500733850607796 1
    endloop
  endfacet
  facet normal -0.5141027441932043 0.8577286100002823 0
    outer loop
      vertex 75.8013744526042 11.500733850607796 1
      vertex 75.8013744526042 11.500733850607796 6
      vertex 75.94446939613333 11.586501659085673 1
    endloop
  endfacet
  facet normal -0.5956993044924241 0.8032075314806518 0
    outer loop
      vertex 75.94446939613333 11.586501659085673 1
      vertex 75.94446939613333 11.586501659085673 6
      vertex 76.0784685830782 11.685882229283347 1
    endloop
  endfacet
  facet normal -0.67155895484704 0.7409511253549395 0
    outer loop
      vertex 76.0784685830782 11.685882229283347 1
      vertex 76.0784685830782 11.685882229283347 6
      vertex 76.20208152801713 11.79791847198287 1
    endloop
  endfacet
  facet normal 0.8032075314806275 0.5956993044924567 0
    outer loop
      vertex 73.58650165908567 12.055530603866677 1
      vertex 73.58650165908567 12.055530603866677 6
      vertex 73.68588222928335 11.921531416921802 1
    endloop
  endfacet
  facet normal 0.8577286100002918 0.5141027441931887 7.188375466415936e-19
    outer loop
      vertex 73.58650165908567 12.055530603866677 1
      vertex 73.5007338506078 12.198625547395803 1
      vertex 73.5007338506078 12.198625547395803 6
    endloop
  endfacet
  facet normal 0.7409511253549699 0.6715589548470066 -9.577912168819495e-19
    outer loop
      vertex 73.79791847198287 11.79791847198287 1
      vertex 73.68588222928335 11.921531416921802 1
      vertex 73.68588222928335 11.921531416921802 6
    endloop
  endfacet
  facet normal 0.9039892931234365 0.42755509343029674 8.720118273110258e-19
    outer loop
      vertex 73.5007338506078 12.198625547395803 1
      vertex 73.42940479473081 12.349438164979347 1
      vertex 73.42940479473081 12.349438164979347 6
    endloop
  endfacet
  facet normal 0.9700312531945365 0.24298017990329382 2.1716174258892035e-19
    outer loop
      vertex 73.37320142925525 12.506516048667415 1
      vertex 73.3326650233145 12.668346452572582 1
      vertex 73.3326650233145 12.668346452572582 6
    endloop
  endfacet
  facet normal 0.9415440651830207 0.3368898533922202 -4.2019920338317213e-19
    outer loop
      vertex 73.42940479473081 12.349438164979347 1
      vertex 73.37320142925525 12.506516048667415 1
      vertex 73.37320142925525 12.506516048667415 6
    endloop
  endfacet
  facet normal 0.9891765099647879 0.14673047445531526 -5.119678476040478e-19
    outer loop
      vertex 73.3326650233145 12.668346452572582 1
      vertex 73.30818596465727 12.833370861439747 1
      vertex 73.30818596465727 12.833370861439747 6
    endloop
  endfacet
  facet normal 0.9987954562051702 0.04906767432746035 -6.76368157983874e-20
    outer loop
      vertex 73.30818596465727 12.833370861439747 1
      vertex 73.3 13 1
      vertex 73.3 13 6
    endloop
  endfacet
  facet normal 0.9987954562051702 -0.04906767432746035 6.76368157983874e-20
    outer loop
      vertex 73.3 13 1
      vertex 73.30818596465727 13.166629138560253 1
      vertex 73.30818596465727 13.166629138560253 6
    endloop
  endfacet
  facet normal 0.9891765099647879 -0.14673047445531526 5.119678476040478e-19
    outer loop
      vertex 73.30818596465727 13.166629138560253 1
      vertex 73.3326650233145 13.331653547427418 1
      vertex 73.3326650233145 13.331653547427418 6
    endloop
  endfacet
  facet normal 0.9700312531945365 -0.24298017990329382 -2.1716174258892035e-19
    outer loop
      vertex 73.3326650233145 13.331653547427418 1
      vertex 73.37320142925525 13.493483951332585 1
      vertex 73.37320142925525 13.493483951332585 6
    endloop
  endfacet
  facet normal -0.7409511253549699 0.6715589548470066 0
    outer loop
      vertex 76.20208152801713 11.79791847198287 1
      vertex 76.20208152801713 11.79791847198287 6
      vertex 76.31411777071665 11.921531416921802 1
    endloop
  endfacet
  facet normal -0.8032075314806275 0.5956993044924567 0
    outer loop
      vertex 76.31411777071665 11.921531416921802 1
      vertex 76.31411777071665 11.921531416921802 6
      vertex 76.41349834091433 12.055530603866677 1
    endloop
  endfacet
  facet normal -0.8577286100002918 0.5141027441931887 0
    outer loop
      vertex 76.41349834091433 12.055530603866677 1
      vertex 76.41349834091433 12.055530603866677 6
      vertex 76.4992661493922 12.198625547395803 1
    endloop
  endfacet
  facet normal -0.9039892931234365 0.42755509343029674 0
    outer loop
      vertex 76.4992661493922 12.198625547395803 1
      vertex 76.4992661493922 12.198625547395803 6
      vertex 76.57059520526919 12.349438164979347 1
    endloop
  endfacet
  facet normal -0.9415440651830207 0.3368898533922202 0
    outer loop
      vertex 76.57059520526919 12.349438164979347 1
      vertex 76.57059520526919 12.349438164979347 6
      vertex 76.62679857074475 12.506516048667415 1
    endloop
  endfacet
  facet normal -0.9700312531945365 0.24298017990329382 0
    outer loop
      vertex 76.62679857074475 12.506516048667415 1
      vertex 76.62679857074475 12.506516048667415 6
      vertex 76.6673349766855 12.668346452572582 1
    endloop
  endfacet
  facet normal -0.9891765099647879 0.14673047445531526 0
    outer loop
      vertex 76.6673349766855 12.668346452572582 1
      vertex 76.6673349766855 12.668346452572582 6
      vertex 76.69181403534273 12.833370861439747 1
    endloop
  endfacet
  facet normal -0.9987954562051702 0.04906767432746035 0
    outer loop
      vertex 76.69181403534273 12.833370861439747 1
      vertex 76.69181403534273 12.833370861439747 6
      vertex 76.7 13 1
    endloop
  endfacet
  facet normal -0.9987954562051702 -0.04906767432746035 0
    outer loop
      vertex 76.7 13 1
      vertex 76.7 13 6
      vertex 76.69181403534273 13.166629138560253 1
    endloop
  endfacet
  facet normal -0.9891765099647879 -0.14673047445531526 0
    outer loop
      vertex 76.69181403534273 13.166629138560253 1
      vertex 76.69181403534273 13.166629138560253 6
      vertex 76.6673349766855 13.331653547427418 1
    endloop
  endfacet
  facet normal -0.9700312531945365 -0.24298017990329382 0
    outer loop
      vertex 76.6673349766855 13.331653547427418 1
      vertex 76.6673349766855 13.331653547427418 6
      vertex 76.62679857074475 13.493483951332585 1
    endloop
  endfacet
  facet normal 0.4275550934302876 0.9039892931234408 0
    outer loop
      vertex 74.34943816497935 11.429404794730813 1
      vertex 74.1986255473958 11.500733850607796 6
      vertex 74.34943816497935 11.429404794730813 6
    endloop
  endfacet
  facet normal 0.5141027441932043 0.8577286100002823 0
    outer loop
      vertex 74.1986255473958 11.500733850607796 1
      vertex 74.05553060386667 11.586501659085673 6
      vertex 74.1986255473958 11.500733850607796 6
    endloop
  endfacet
  facet normal 0.6715589548469976 0.7409511253549779 0
    outer loop
      vertex 73.92153141692181 11.685882229283347 1
      vertex 73.79791847198287 11.79791847198287 6
      vertex 73.92153141692181 11.685882229283347 6
    endloop
  endfacet
  facet normal 0.5956993044924649 0.8032075314806215 0
    outer loop
      vertex 74.05553060386667 11.586501659085673 1
      vertex 73.92153141692181 11.685882229283347 6
      vertex 74.05553060386667 11.586501659085673 6
    endloop
  endfacet
  facet normal 0.24298017990325876 0.9700312531945454 0
    outer loop
      vertex 74.66834645257258 11.332665023314508 1
      vertex 74.50651604866741 11.373201429255245 6
      vertex 74.66834645257258 11.332665023314508 6
    endloop
  endfacet
  facet normal 0.14673047445535384 0.9891765099647822 0
    outer loop
      vertex 74.83337086143975 11.308185964657266 1
      vertex 74.66834645257258 11.332665023314508 6
      vertex 74.83337086143975 11.308185964657266 6
    endloop
  endfacet
  facet normal 0.04906767432741787 0.9987954562051725 0
    outer loop
      vertex 75 11.3 1
      vertex 74.83337086143975 11.308185964657266 6
      vertex 75 11.3 6
    endloop
  endfacet
  facet normal -0.04906767432741787 0.9987954562051725 0
    outer loop
      vertex 75.16662913856025 11.308185964657266 1
      vertex 75 11.3 6
      vertex 75.16662913856025 11.308185964657266 6
    endloop
  endfacet
  facet normal -0.14673047445535384 0.9891765099647822 0
    outer loop
      vertex 75.33165354742742 11.332665023314508 1
      vertex 75.16662913856025 11.308185964657266 6
      vertex 75.33165354742742 11.332665023314508 6
    endloop
  endfacet
  facet normal -0.24298017990325876 0.9700312531945454 0
    outer loop
      vertex 75.49348395133259 11.373201429255245 1
      vertex 75.33165354742742 11.332665023314508 6
      vertex 75.49348395133259 11.373201429255245 6
    endloop
  endfacet
  facet normal 0.33688985339223376 0.9415440651830158 0
    outer loop
      vertex 74.50651604866741 11.373201429255245 1
      vertex 74.34943816497935 11.429404794730813 6
      vertex 74.50651604866741 11.373201429255245 6
    endloop
  endfacet
  facet normal -0.33688985339223376 0.9415440651830158 0
    outer loop
      vertex 75.65056183502065 11.429404794730813 1
      vertex 75.49348395133259 11.373201429255245 6
      vertex 75.65056183502065 11.429404794730813 6
    endloop
  endfacet
  facet normal -0.4275550934302876 0.9039892931234408 0
    outer loop
      vertex 75.65056183502065 11.429404794730813 1
      vertex 75.65056183502065 11.429404794730813 6
      vertex 75.8013744526042 11.500733850607796 6
    endloop
  endfacet
  facet normal -0.5141027441932043 0.8577286100002823 0
    outer loop
      vertex 75.94446939613333 11.586501659085673 1
      vertex 75.8013744526042 11.500733850607796 6
      vertex 75.94446939613333 11.586501659085673 6
    endloop
  endfacet
  facet normal -0.5956993044924241 0.8032075314806518 0
    outer loop
      vertex 76.0784685830782 11.685882229283347 1
      vertex 75.94446939613333 11.586501659085673 6
      vertex 76.0784685830782 11.685882229283347 6
    endloop
  endfacet
  facet normal -0.67155895484704 0.7409511253549395 0
    outer loop
      vertex 76.20208152801713 11.79791847198287 1
      vertex 76.0784685830782 11.685882229283347 6
      vertex 76.20208152801713 11.79791847198287 6
    endloop
  endfacet
  facet normal 0.8032075314806275 0.5956993044924567 0
    outer loop
      vertex 73.68588222928335 11.921531416921802 1
      vertex 73.58650165908567 12.055530603866677 6
      vertex 73.68588222928335 11.921531416921802 6
    endloop
  endfacet
  facet normal 0.8577286100002918 0.5141027441931887 0
    outer loop
      vertex 73.58650165908567 12.055530603866677 1
      vertex 73.5007338506078 12.198625547395803 6
      vertex 73.58650165908567 12.055530603866677 6
    endloop
  endfacet
  facet normal 0.7409511253549699 0.6715589548470066 0
    outer loop
      vertex 73.79791847198287 11.79791847198287 1
      vertex 73.68588222928335 11.921531416921802 6
      vertex 73.79791847198287 11.79791847198287 6
    endloop
  endfacet
  facet normal 0.9039892931234365 0.42755509343029674 0
    outer loop
      vertex 73.5007338506078 12.198625547395803 1
      vertex 73.42940479473081 12.349438164979347 6
      vertex 73.5007338506078 12.198625547395803 6
    endloop
  endfacet
  facet normal 0.9415440651830207 0.3368898533922202 0
    outer loop
      vertex 73.42940479473081 12.349438164979347 1
      vertex 73.37320142925525 12.506516048667415 6
      vertex 73.42940479473081 12.349438164979347 6
    endloop
  endfacet
  facet normal 0.9700312531945365 0.24298017990329382 0
    outer loop
      vertex 73.37320142925525 12.506516048667415 1
      vertex 73.3326650233145 12.668346452572582 6
      vertex 73.37320142925525 12.506516048667415 6
    endloop
  endfacet
  facet normal 0.9891765099647879 0.14673047445531526 0
    outer loop
      vertex 73.3326650233145 12.668346452572582 1
      vertex 73.30818596465727 12.833370861439747 6
      vertex 73.3326650233145 12.668346452572582 6
    endloop
  endfacet
  facet normal 0.9987954562051702 0.04906767432746035 0
    outer loop
      vertex 73.30818596465727 12.833370861439747 1
      vertex 73.3 13 6
      vertex 73.30818596465727 12.833370861439747 6
    endloop
  endfacet
  facet normal 0.9987954562051702 -0.04906767432746035 0
    outer loop
      vertex 73.3 13 1
      vertex 73.30818596465727 13.166629138560253 6
      vertex 73.3 13 6
    endloop
  endfacet
  facet normal 0.9891765099647879 -0.14673047445531526 0
    outer loop
      vertex 73.30818596465727 13.166629138560253 1
      vertex 73.3326650233145 13.331653547427418 6
      vertex 73.30818596465727 13.166629138560253 6
    endloop
  endfacet
  facet normal 0.9700312531945365 -0.24298017990329382 0
    outer loop
      vertex 73.3326650233145 13.331653547427418 1
      vertex 73.37320142925525 13.493483951332585 6
      vertex 73.3326650233145 13.331653547427418 6
    endloop
  endfacet
  facet normal -0.7409511253549699 0.6715589548470066 0
    outer loop
      vertex 76.31411777071665 11.921531416921802 1
      vertex 76.20208152801713 11.79791847198287 6
      vertex 76.31411777071665 11.921531416921802 6
    endloop
  endfacet
  facet normal -0.8032075314806275 0.5956993044924567 0
    outer loop
      vertex 76.41349834091433 12.055530603866677 1
      vertex 76.31411777071665 11.921531416921802 6
      vertex 76.41349834091433 12.055530603866677 6
    endloop
  endfacet
  facet normal -0.8577286100002918 0.5141027441931887 0
    outer loop
      vertex 76.4992661493922 12.198625547395803 1
      vertex 76.41349834091433 12.055530603866677 6
      vertex 76.4992661493922 12.198625547395803 6
    endloop
  endfacet
  facet normal -0.9039892931234365 0.42755509343029674 0
    outer loop
      vertex 76.57059520526919 12.349438164979347 1
      vertex 76.4992661493922 12.198625547395803 6
      vertex 76.57059520526919 12.349438164979347 6
    endloop
  endfacet
  facet normal -0.9415440651830207 0.3368898533922202 0
    outer loop
      vertex 76.62679857074475 12.506516048667415 1
      vertex 76.57059520526919 12.349438164979347 6
      vertex 76.62679857074475 12.506516048667415 6
    endloop
  endfacet
  facet normal -0.9700312531945365 0.24298017990329382 0
    outer loop
      vertex 76.6673349766855 12.668346452572582 1
      vertex 76.62679857074475 12.506516048667415 6
      vertex 76.6673349766855 12.668346452572582 6
    endloop
  endfacet
  facet normal -0.9891765099647879 0.14673047445531526 0
    outer loop
      vertex 76.69181403534273 12.833370861439747 1
      vertex 76.6673349766855 12.668346452572582 6
      vertex 76.69181403534273 12.833370861439747 6
    endloop
  endfacet
  facet normal -0.9987954562051702 0.04906767432746035 0
    outer loop
      vertex 76.7 13 1
      vertex 76.69181403534273 12.833370861439747 6
      vertex 76.7 13 6
    endloop
  endfacet
  facet normal -0.9987954562051702 -0.04906767432746035 0
    outer loop
      vertex 76.69181403534273 13.166629138560253 1
      vertex 76.7 13 6
      vertex 76.69181403534273 13.166629138560253 6
    endloop
  endfacet
  facet normal -0.9891765099647879 -0.14673047445531526 0
    outer loop
      vertex 76.6673349766855 13.331653547427418 1
      vertex 76.69181403534273 13.166629138560253 6
      vertex 76.6673349766855 13.331653547427418 6
    endloop
  endfacet
  facet normal -0.9700312531945365 -0.24298017990329382 0
    outer loop
      vertex 76.62679857074475 13.493483951332585 1
      vertex 76.6673349766855 13.331653547427418 6
      vertex 76.62679857074475 13.493483951332585 6
    endloop
  endfacet
  facet normal 0 0 1
    outer loop
      vertex 74.1986255473958 11.500733850607796 1
      vertex 74.34943816497935 14.570595205269187 1
      vertex 74.1986255473958 14.499266149392204 1
    endloop
  endfacet
  facet normal 0 0 1
    outer loop
      vertex 74.34943816497935 11.429404794730813 1
      vertex 74.50651604866741 14.626798570744755 1
      vertex 74.34943816497935 14.570595205269187 1
    endloop
  endfacet
  facet normal 0 0 1
    outer loop
      vertex 74.50651604866741 11.373201429255245 1
      vertex 74.66834645257258 14.667334976685492 1
      vertex 74.50651604866741 14.626798570744755 1
    endloop
  endfacet
  facet normal 0 0 1
    outer loop
      vertex 74.66834645257258 11.332665023314508 1
      vertex 74.83337086143975 14.691814035342734 1
      vertex 74.66834645257258 14.667334976685492 1
    endloop
  endfacet
  facet normal 0 0 1
    outer loop
      vertex 74.83337086143975 11.308185964657266 1
      vertex 75 14.7 1
      vertex 74.83337086143975 14.691814035342734 1
    endloop
  endfacet
  facet normal 0 0 1
    outer loop
      vertex 75 11.3 1
      vertex 75.16662913856025 14.691814035342734 1
      vertex 75 14.7 1
    endloop
  endfacet
  facet normal 0 0 1
    outer loop
      vertex 75.16662913856025 11.308185964657266 1
      vertex 75.33165354742742 14.667334976685492 1
      vertex 75.16662913856025 14.691814035342734 1
    endloop
  endfacet
  facet normal 0 0 1
    outer loop
      vertex 75.33165354742742 11.332665023314508 1
      vertex 75.49348395133259 14.626798570744755 1
      vertex 75.33165354742742 14.667334976685492 1
    endloop
  endfacet
  facet normal 0 0 1
    outer loop
      vertex 75.49348395133259 11.373201429255245 1
      vertex 75.65056183502065 14.570595205269187 1
      vertex 75.49348395133259 14.626798570744755 1
    endloop
  endfacet
  facet normal 0.9415440651830207 -0.3368898533922202 4.2019920338317213e-19
    outer loop
      vertex 73.37320142925525 13.493483951332585 1
      vertex 73.42940479473081 13.650561835020653 1
      vertex 73.42940479473081 13.650561835020653 6
    endloop
  endfacet
  facet normal 0.9039892931234365 -0.42755509343029674 -8.720118273110258e-19
    outer loop
      vertex 73.42940479473081 13.650561835020653 1
      vertex 73.5007338506078 13.801374452604197 1
      vertex 73.5007338506078 13.801374452604197 6
    endloop
  endfacet
  facet normal 0.8577286100002918 -0.5141027441931887 -7.188375466415936e-19
    outer loop
      vertex 73.5007338506078 13.801374452604197 1
      vertex 73.58650165908567 13.944469396133323 1
      vertex 73.58650165908567 13.944469396133323 6
    endloop
  endfacet
  facet normal 0.8032075314806275 -0.5956993044924567 -1.287095936856249e-19
    outer loop
      vertex 73.58650165908567 13.944469396133323 1
      vertex 73.68588222928335 14.078468583078198 1
      vertex 73.68588222928335 14.078468583078198 6
    endloop
  endfacet
  facet normal 0.7409511253549699 -0.6715589548470066 9.577912168819495e-19
    outer loop
      vertex 73.68588222928335 14.078468583078198 1
      vertex 73.79791847198287 14.20208152801713 1
      vertex 73.79791847198287 14.20208152801713 6
    endloop
  endfacet
  facet normal 0.6715589548469976 -0.7409511253549779 -3.6375170369591916e-19
    outer loop
      vertex 73.79791847198287 14.20208152801713 1
      vertex 73.92153141692181 14.314117770716653 1
      vertex 73.92153141692181 14.314117770716653 6
    endloop
  endfacet
  facet normal 0.5956993044924649 -0.8032075314806215 -5.874693058838576e-19
    outer loop
      vertex 73.92153141692181 14.314117770716653 1
      vertex 74.05553060386667 14.413498340914327 1
      vertex 74.05553060386667 14.413498340914327 6
    endloop
  endfacet
  facet normal 0.5141027441932043 -0.8577286100002823 8.97637835289227e-19
    outer loop
      vertex 74.05553060386667 14.413498340914327 1
      vertex 74.1986255473958 14.499266149392204 1
      vertex 74.1986255473958 14.499266149392204 6
    endloop
  endfacet
  facet normal 0.4275550934302876 -0.9039892931234408 -7.600180819629909e-19
    outer loop
      vertex 74.1986255473958 14.499266149392204 1
      vertex 74.34943816497935 14.570595205269187 1
      vertex 74.34943816497935 14.570595205269187 6
    endloop
  endfacet
  facet normal -0.9039892931234365 -0.42755509343029674 0
    outer loop
      vertex 76.57059520526919 13.650561835020653 1
      vertex 76.57059520526919 13.650561835020653 6
      vertex 76.4992661493922 13.801374452604197 1
    endloop
  endfacet
  facet normal -0.9415440651830207 -0.3368898533922202 0
    outer loop
      vertex 76.62679857074475 13.493483951332585 1
      vertex 76.62679857074475 13.493483951332585 6
      vertex 76.57059520526919 13.650561835020653 1
    endloop
  endfacet
  facet normal -0.8577286100002918 -0.5141027441931887 0
    outer loop
      vertex 76.4992661493922 13.801374452604197 1
      vertex 76.4992661493922 13.801374452604197 6
      vertex 76.41349834091433 13.944469396133323 1
    endloop
  endfacet
  facet normal -0.67155895484704 -0.7409511253549395 0
    outer loop
      vertex 76.20208152801713 14.20208152801713 1
      vertex 76.20208152801713 14.20208152801713 6
      vertex 76.0784685830782 14.314117770716653 1
    endloop
  endfacet
  facet normal -0.8032075314806275 -0.5956993044924567 0
    outer loop
      vertex 76.41349834091433 13.944469396133323 1
      vertex 76.41349834091433 13.944469396133323 6
      vertex 76.31411777071665 14.078468583078198 1
    endloop
  endfacet
  facet normal -0.7409511253549699 -0.6715589548470066 -9.577912168819495e-19
    outer loop
      vertex 76.20208152801713 14.20208152801713 1
      vertex 76.31411777071665 14.078468583078198 1
      vertex 76.31411777071665 14.078468583078198 6
    endloop
  endfacet
  facet normal 0.33688985339223376 -0.9415440651830158 -1.4412033459220776e-20
    outer loop
      vertex 74.34943816497935 14.570595205269187 1
      vertex 74.50651604866741 14.626798570744755 1
      vertex 74.50651604866741 14.626798570744755 6
    endloop
  endfacet
  facet normal 0.24298017990325876 -0.9700312531945454 -4.759537465650491e-19
    outer loop
      vertex 74.50651604866741 14.626798570744755 1
      vertex 74.66834645257258 14.667334976685492 1
      vertex 74.66834645257258 14.667334976685492 6
    endloop
  endfacet
  facet normal 0.14673047445535384 -0.9891765099647822 -3.758447918015869e-19
    outer loop
      vertex 74.66834645257258 14.667334976685492 1
      vertex 74.83337086143975 14.691814035342734 1
      vertex 74.83337086143975 14.691814035342734 6
    endloop
  endfacet
  facet normal 0.04906767432741787 -0.9987954562051725 4.070241208698084e-20
    outer loop
      vertex 74.83337086143975 14.691814035342734 1
      vertex 75 14.7 1
      vertex 75 14.7 6
    endloop
  endfacet
  facet normal -0.04906767432741787 -0.9987954562051725 -4.070241208698084e-20
    outer loop
      vertex 75 14.7 1
      vertex 75.16662913856025 14.691814035342734 1
      vertex 75.16662913856025 14.691814035342734 6
    endloop
  endfacet
  facet normal -0.24298017990325876 -0.9700312531945454 0
    outer loop
      vertex 75.49348395133259 14.626798570744755 1
      vertex 75.49348395133259 14.626798570744755 6
      vertex 75.33165354742742 14.667334976685492 1
    endloop
  endfacet
  facet normal -0.14673047445535384 -0.9891765099647822 3.758447918015869e-19
    outer loop
      vertex 75.16662913856025 14.691814035342734 1
      vertex 75.33165354742742 14.667334976685492 1
      vertex 75.33165354742742 14.667334976685492 6
    endloop
  endfacet
  facet normal -0.5141027441932043 -0.8577286100002823 -8.97637835289227e-19
    outer loop
      vertex 75.8013744526042 14.499266149392204 1
      vertex 75.94446939613333 14.413498340914327 1
      vertex 75.94446939613333 14.413498340914327 6
    endloop
  endfacet
  facet normal -0.4275550934302876 -0.9039892931234408 0
    outer loop
      vertex 75.8013744526042 14.499266149392204 1
      vertex 75.8013744526042 14.499266149392204 6
      vertex 75.65056183502065 14.570595205269187 1
    endloop
  endfacet
  facet normal -0.5956993044924241 -0.8032075314806518 0
    outer loop
      vertex 76.0784685830782 14.314117770716653 1
      vertex 76.0784685830782 14.314117770716653 6
      vertex 75.94446939613333 14.413498340914327 1
    endloop
  endfacet
  facet normal -0.33688985339223376 -0.9415440651830158 1.4412033459220776e-20
    outer loop
      vertex 75.49348395133259 14.626798570744755 1
      vertex 75.65056183502065 14.570595205269187 1
      vertex 75.65056183502065 14.570595205269187 6
    endloop
  endfacet
  facet normal 0.9415440651830207 -0.3368898533922202 0
    outer loop
      vertex 73.37320142925525 13.493483951332585 1
      vertex 73.42940479473081 13.650561835020653 6
      vertex 73.37320142925525 13.493483951332585 6
    endloop
  endfacet
  facet normal 0.9039892931234365 -0.42755509343029674 0
    outer loop
      vertex 73.42940479473081 13.650561835020653 1
      vertex 73.5007338506078 13.801374452604197 6
      vertex 73.42940479473081 13.650561835020653 6
    endloop
  endfacet
  facet normal 0.8577286100002918 -0.5141027441931887 0
    outer loop
      vertex 73.5007338506078 13.801374452604197 1
      vertex 73.58650165908567 13.944469396133323 6
      vertex 73.5007338506078 13.801374452604197 6
    endloop
  endfacet
  facet normal 0.8032075314806275 -0.5956993044924567 0
    outer loop
      vertex 73.58650165908567 13.944469396133323 1
      vertex 73.68588222928335 14.078468583078198 6
      vertex 73.58650165908567 13.944469396133323 6
    endloop
  endfacet
  facet normal 0.7409511253549699 -0.6715589548470066 0
    outer loop
      vertex 73.68588222928335 14.078468583078198 1
      vertex 73.79791847198287 14.20208152801713 6
      vertex 73.68588222928335 14.078468583078198 6
    endloop
  endfacet
  facet normal 0.6715589548469976 -0.7409511253549779 0
    outer loop
      vertex 73.79791847198287 14.20208152801713 1
      vertex 73.92153141692181 14.314117770716653 6
      vertex 73.79791847198287 14.20208152801713 6
    endloop
  endfacet
  facet normal 0.5956993044924649 -0.8032075314806215 0
    outer loop
      vertex 73.92153141692181 14.314117770716653 1
      vertex 74.05553060386667 14.413498340914327 6
      vertex 73.92153141692181 14.314117770716653 6
    endloop
  endfacet
  facet normal 0.5141027441932043 -0.8577286100002823 0
    outer loop
      vertex 74.05553060386667 14.413498340914327 1
      vertex 74.1986255473958 14.499266149392204 6
      vertex 74.05553060386667 14.413498340914327 6
    endloop
  endfacet
  facet normal 0.4275550934302876 -0.9039892931234408 0
    outer loop
      vertex 74.1986255473958 14.499266149392204 1
      vertex 74.34943816497935 14.570595205269187 6
      vertex 74.1986255473958 14.499266149392204 6
    endloop
  endfacet
  facet normal -0.9415440651830207 -0.3368898533922202 -4.2019920338317213e-19
    outer loop
      vertex 76.62679857074475 13.493483951332585 6
      vertex 76.57059520526919 13.650561835020653 6
      vertex 76.57059520526919 13.650561835020653 1
    endloop
  endfacet
  facet normal -0.9039892931234365 -0.42755509343029674 0
    outer loop
      vertex 76.4992661493922 13.801374452604197 1
      vertex 76.57059520526919 13.650561835020653 6
      vertex 76.4992661493922 13.801374452604197 6
    endloop
  endfacet
  facet normal -0.8577286100002918 -0.5141027441931887 0
    outer loop
      vertex 76.41349834091433 13.944469396133323 1
      vertex 76.4992661493922 13.801374452604197 6
      vertex 76.41349834091433 13.944469396133323 6
    endloop
  endfacet
  facet normal -0.67155895484704 -0.7409511253549395 0
    outer loop
      vertex 76.0784685830782 14.314117770716653 1
      vertex 76.20208152801713 14.20208152801713 6
      vertex 76.0784685830782 14.314117770716653 6
    endloop
  endfacet
  facet normal -0.8032075314806275 -0.5956993044924567 0
    outer loop
      vertex 76.31411777071665 14.078468583078198 1
      vertex 76.41349834091433 13.944469396133323 6
      vertex 76.31411777071665 14.078468583078198 6
    endloop
  endfacet
  facet normal -0.7409511253549699 -0.6715589548470066 0
    outer loop
      vertex 76.20208152801713 14.20208152801713 1
      vertex 76.31411777071665 14.078468583078198 6
      vertex 76.20208152801713 14.20208152801713 6
    endloop
  endfacet
  facet normal 0.33688985339223376 -0.9415440651830158 0
    outer loop
      vertex 74.34943816497935 14.570595205269187 1
      vertex 74.50651604866741 14.626798570744755 6
      vertex 74.34943816497935 14.570595205269187 6
    endloop
  endfacet
  facet normal 0.24298017990325876 -0.9700312531945454 0
    outer loop
      vertex 74.50651604866741 14.626798570744755 1
      vertex 74.66834645257258 14.667334976685492 6
      vertex 74.50651604866741 14.626798570744755 6
    endloop
  endfacet
  facet normal 0.14673047445535384 -0.9891765099647822 0
    outer loop
      vertex 74.66834645257258 14.667334976685492 1
      vertex 74.83337086143975 14.691814035342734 6
      vertex 74.66834645257258 14.667334976685492 6
    endloop
  endfacet
  facet normal 0.04906767432741787 -0.9987954562051725 0
    outer loop
      vertex 74.83337086143975 14.691814035342734 1
      vertex 75 14.7 6
      vertex 74.83337086143975 14.691814035342734 6
    endloop
  endfacet
  facet normal -0.04906767432741787 -0.9987954562051725 0
    outer loop
      vertex 75 14.7 1
      vertex 75.16662913856025 14.691814035342734 6
      vertex 75 14.7 6
    endloop
  endfacet
  facet normal -0.14673047445535384 -0.9891765099647822 0
    outer loop
      vertex 75.16662913856025 14.691814035342734 1
      vertex 75.33165354742742 14.667334976685492 6
      vertex 75.16662913856025 14.691814035342734 6
    endloop
  endfacet
  facet normal -0.24298017990325876 -0.9700312531945454 0
    outer loop
      vertex 75.33165354742742 14.667334976685492 1
      vertex 75.49348395133259 14.626798570744755 6
      vertex 75.33165354742742 14.667334976685492 6
    endloop
  endfacet
  facet normal -0.33688985339223376 -0.9415440651830158 0
    outer loop
      vertex 75.49348395133259 14.626798570744755 1
      vertex 75.65056183502065 14.570595205269187 6
      vertex 75.49348395133259 14.626798570744755 6
    endloop
  endfacet
  facet normal -0.4275550934302876 -0.9039892931234408 0
    outer loop
      vertex 75.65056183502065 14.570595205269187 1
      vertex 75.8013744526042 14.499266149392204 6
      vertex 75.65056183502065 14.570595205269187 6
    endloop
  endfacet
  facet normal -0.5141027441932043 -0.8577286100002823 0
    outer loop
      vertex 75.8013744526042 14.499266149392204 1
      vertex 75.94446939613333 14.413498340914327 6
      vertex 75.8013744526042 14.499266149392204 6
    endloop
  endfacet
  facet normal -0.5956993044924241 -0.8032075314806518 0
    outer loop
      vertex 75.94446939613333 14.413498340914327 1
      vertex 76.0784685830782 14.314117770716653 6
      vertex 75.94446939613333 14.413498340914327 6
    endloop
  endfacet
  facet normal 0.5956993044924555 0.8032075314806284 5.386056419739892e-19
    outer loop
      vertex 74.02775209221569 19.544928178470546 1
      vertex 73.88981175271363 19.64723170661521 1
      vertex 73.88981175271363 19.64723170661521 6
    endloop
  endfacet
  facet normal 0.4275550934302626 0.9039892931234526 0
    outer loop
      vertex 74.1750557105545 19.456637787390378 1
      vertex 74.1750557105545 19.456637787390378 6
      vertex 74.3303039933611 19.383210818105248 1
    endloop
  endfacet
  facet normal 0.5141027441932194 0.8577286100002735 8.198518051074017e-19
    outer loop
      vertex 74.1750557105545 19.456637787390378 1
      vertex 74.02775209221569 19.544928178470546 1
      vertex 74.02775209221569 19.544928178470546 6
    endloop
  endfacet
  facet normal 0.6715589548470204 0.7409511253549573 5.865426668889623e-19
    outer loop
      vertex 73.88981175271363 19.64723170661521 1
      vertex 73.76256313292355 19.762563132923542 1
      vertex 73.76256313292355 19.762563132923542 6
    endloop
  endfacet
  facet normal 0.8032075314806207 0.5956993044924658 4.207812358735392e-19
    outer loop
      vertex 73.64723170661522 19.88981175271362 1
      vertex 73.54492817847054 20.027752092215696 1
      vertex 73.54492817847054 20.027752092215696 6
    endloop
  endfacet
  facet normal 0.8577286100002771 0.5141027441932134 -1.972612244538854e-19
    outer loop
      vertex 73.54492817847054 20.027752092215696 1
      vertex 73.45663778739038 20.175055710554503 1
      vertex 73.45663778739038 20.175055710554503 6
    endloop
  endfacet
  facet normal 0.7409511253549582 0.6715589548470192 1.9044880293407888e-19
    outer loop
      vertex 73.76256313292355 19.762563132923542 1
      vertex 73.64723170661522 19.88981175271362 1
      vertex 73.64723170661522 19.88981175271362 6
    endloop
  endfacet
  facet normal 0.33688985339222177 0.9415440651830203 0
    outer loop
      vertex 74.3303039933611 19.383210818105248 1
      vertex 74.3303039933611 19.383210818105248 6
      vertex 74.4920018148047 19.325354412468634 1
    endloop
  endfacet
  facet normal 0.24298017990326992 0.9700312531945425 0
    outer loop
      vertex 74.4920018148047 19.325354412468634 1
      vertex 74.4920018148047 19.325354412468634 6
      vertex 74.65859193647178 19.283625759294345 1
    endloop
  endfacet
  facet normal 0.14673047445535872 0.9891765099647813 0
    outer loop
      vertex 74.65859193647178 19.283625759294345 1
      vertex 74.65859193647178 19.283625759294345 6
      vertex 74.82847000442327 19.258426728323656 1
    endloop
  endfacet
  facet normal 0.04906767432741849 0.9987954562051724 0
    outer loop
      vertex 74.82847000442327 19.258426728323656 1
      vertex 74.82847000442327 19.258426728323656 6
      vertex 75 19.25 1
    endloop
  endfacet
  facet normal -0.04906767432741849 0.9987954562051724 0
    outer loop
      vertex 75 19.25 1
      vertex 75 19.25 6
      vertex 75.17152999557673 19.258426728323656 1
    endloop
  endfacet
  facet normal -0.14673047445535872 0.9891765099647813 6.143658757789069e-20
    outer loop
      vertex 75.17152999557673 19.258426728323656 1
      vertex 75.34140806352822 19.283625759294345 6
      vertex 75.34140806352822 19.283625759294345 1
    endloop
  endfacet
  facet normal -0.24298017990326992 0.9700312531945425 0
    outer loop
      vertex 75.34140806352822 19.283625759294345 1
      vertex 75.34140806352822 19.283625759294345 6
      vertex 75.5079981851953 19.325354412468634 1
    endloop
  endfacet
  facet normal -0.33688985339222177 0.9415440651830203 0
    outer loop
      vertex 75.5079981851953 19.325354412468634 1
      vertex 75.5079981851953 19.325354412468634 6
      vertex 75.6696960066389 19.383210818105248 1
    endloop
  endfacet
  facet normal -0.4275550934302626 0.9039892931234526 0
    outer loop
      vertex 75.6696960066389 19.383210818105248 1
      vertex 75.6696960066389 19.383210818105248 6
      vertex 75.8249442894455 19.456637787390378 1
    endloop
  endfacet
  facet normal -0.5141027441932194 0.8577286100002735 0
    outer loop
      vertex 75.8249442894455 19.456637787390378 1
      vertex 75.8249442894455 19.456637787390378 6
      vertex 75.97224790778431 19.544928178470546 1
    endloop
  endfacet
  facet normal -0.5956993044924555 0.8032075314806284 0
    outer loop
      vertex 75.97224790778431 19.544928178470546 1
      vertex 75.97224790778431 19.544928178470546 6
      vertex 76.11018824728637 19.64723170661521 1
    endloop
  endfacet
  facet normal -0.6715589548470204 0.7409511253549573 0
    outer loop
      vertex 76.11018824728637 19.64723170661521 1
      vertex 76.11018824728637 19.64723170661521 6
      vertex 76.23743686707645 19.762563132923542 1
    endloop
  endfacet
  facet normal -0.7409511253549582 0.6715589548470192 0
    outer loop
      vertex 76.23743686707645 19.762563132923542 1
      vertex 76.23743686707645 19.762563132923542 6
      vertex 76.35276829338478 19.88981175271362 1
    endloop
  endfacet
  facet normal -0.8032075314806207 0.5956993044924658 0
    outer loop
      vertex 76.35276829338478 19.88981175271362 1
      vertex 76.35276829338478 19.88981175271362 6
      vertex 76.45507182152946 20.027752092215696 1
    endloop
  endfacet
  facet normal -0.8577286100002771 0.5141027441932134 0
    outer loop
      vertex 76.45507182152946 20.027752092215696 1
      vertex 76.45507182152946 20.027752092215696 6
      vertex 76.54336221260962 20.175055710554503 1
    endloop
  endfacet
  facet normal -0.903989293123461 0.4275550934302448 0
    outer loop
      vertex 76.54336221260962 20.175055710554503 1
      vertex 76.54336221260962 20.175055710554503 6
      vertex 76.61678918189475 20.330303993361092 1
    endloop
  endfacet
  facet normal 0 0 1
    outer loop
      vertex 74.02775209221569 19.544928178470546 1
      vertex 74.02775209221569 22.455071821529454 1
      vertex 73.88981175271363 19.64723170661521 1
    endloop
  endfacet
  facet normal 0 0 1
    outer loop
      vertex 73.76256313292355 19.762563132923542 1
      vertex 73.76256313292355 22.237436867076458 1
      vertex 73.64723170661522 19.88981175271362 1
    endloop
  endfacet
  facet normal 0 0 1
    outer loop
      vertex 73.88981175271363 19.64723170661521 1
      vertex 73.88981175271363 22.35276829338479 1
      vertex 73.76256313292355 19.762563132923542 1
    endloop
  endfacet
  facet normal 0 0 1
    outer loop
      vertex 74.1750557105545 19.456637787390378 1
      vertex 74.1750557105545 22.543362212609622 1
      vertex 74.02775209221569 19.544928178470546 1
    endloop
  endfacet
  facet normal 0 0 1
    outer loop
      vertex 74.1750557105545 19.456637787390378 1
      vertex 74.3303039933611 19.383210818105248 1
      vertex 74.3303039933611 22.616789181894752 1
    endloop
  endfacet
  facet normal 0 0 1
    outer loop
      vertex 73.45663778739038 20.175055710554503 1
      vertex 73.45663778739038 21.824944289445497 1
      vertex 73.38321081810525 20.330303993361092 1
    endloop
  endfacet
  facet normal 0 0 1
    outer loop
      vertex 73.64723170661522 19.88981175271362 1
      vertex 73.64723170661522 22.11018824728638 1
      vertex 73.54492817847054 20.027752092215696 1
    endloop
  endfacet
  facet normal 0 0 1
    outer loop
      vertex 73.54492817847054 20.027752092215696 1
      vertex 73.54492817847054 21.972247907784304 1
      vertex 73.45663778739038 20.175055710554503 1
    endloop
  endfacet
  facet normal 0 0 1
    outer loop
      vertex 73.38321081810525 20.330303993361092 1
      vertex 73.38321081810525 21.669696006638908 1
      vertex 73.32535441246864 20.49200181480469 1
    endloop
  endfacet
  facet normal 0 0 1
    outer loop
      vertex 73.32535441246864 20.49200181480469 1
      vertex 73.32535441246864 21.50799818519531 1
      vertex 73.28362575929435 20.658591936471776 1
    endloop
  endfacet
  facet normal 0 0 1
    outer loop
      vertex 73.28362575929435 20.658591936471776 1
      vertex 73.28362575929435 21.341408063528224 1
      vertex 73.25842672832366 20.82847000442327 1
    endloop
  endfacet
  facet normal 0 0 1
    outer loop
      vertex 73.25842672832366 20.82847000442327 1
      vertex 73.25842672832366 21.17152999557673 1
      vertex 73.25 21 1
    endloop
  endfacet
  facet normal 0 0 1
    outer loop
      vertex 73.25842672832366 20.82847000442327 1
      vertex 73.28362575929435 21.341408063528224 1
      vertex 73.25842672832366 21.17152999557673 1
    endloop
  endfacet
  facet normal 0 0 1
    outer loop
      vertex 73.28362575929435 20.658591936471776 1
      vertex 73.32535441246864 21.50799818519531 1
      vertex 73.28362575929435 21.341408063528224 1
    endloop
  endfacet
  facet normal 0 0 1
    outer loop
      vertex 73.32535441246864 20.49200181480469 1
      vertex 73.38321081810525 21.669696006638908 1
      vertex 73.32535441246864 21.50799818519531 1
    endloop
  endfacet
  facet normal 0 0 1
    outer loop
      vertex 73.38321081810525 20.330303993361092 1
      vertex 73.45663778739038 21.824944289445497 1
      vertex 73.38321081810525 21.669696006638908 1
    endloop
  endfacet
  facet normal 0 0 1
    outer loop
      vertex 73.45663778739038 20.175055710554503 1
      vertex 73.54492817847054 21.972247907784304 1
      vertex 73.45663778739038 21.824944289445497 1
    endloop
  endfacet
  facet normal 0 0 1
    outer loop
      vertex 73.54492817847054 20.027752092215696 1
      vertex 73.64723170661522 22.11018824728638 1
      vertex 73.54492817847054 21.972247907784304 1
    endloop
  endfacet
  facet normal 0 0 1
    outer loop
      vertex 73.64723170661522 19.88981175271362 1
      vertex 73.76256313292355 22.237436867076458 1
      vertex 73.64723170661522 22.11018824728638 1
    endloop
  endfacet
  facet normal 0 0 1
    outer loop
      vertex 73.76256313292355 19.762563132923542 1
      vertex 73.88981175271363 22.35276829338479 1
      vertex 73.76256313292355 22.237436867076458 1
    endloop
  endfacet
  facet normal 0 0 1
    outer loop
      vertex 73.88981175271363 19.64723170661521 1
      vertex 74.02775209221569 22.455071821529454 1
      vertex 73.88981175271363 22.35276829338479 1
    endloop
  endfacet
  facet normal 0 0 1
    outer loop
      vertex 74.02775209221569 19.544928178470546 1
      vertex 74.1750557105545 22.543362212609622 1
      vertex 74.02775209221569 22.455071821529454 1
    endloop
  endfacet
  facet normal 0 0 1
    outer loop
      vertex 74.1750557105545 19.456637787390378 1
      vertex 74.3303039933611 22.616789181894752 1
      vertex 74.1750557105545 22.543362212609622 1
    endloop
  endfacet
  facet normal 0 0 1
    outer loop
      vertex 74.4920018148047 19.325354412468634 1
      vertex 74.65859193647178 19.283625759294345 1
      vertex 74.65859193647178 22.716374240705655 1
    endloop
  endfacet
  facet normal 0 0 1
    outer loop
      vertex 74.65859193647178 19.283625759294345 1
      vertex 74.82847000442327 19.258426728323656 1
      vertex 74.82847000442327 22.741573271676344 1
    endloop
  endfacet
  facet normal 0 0 1
    outer loop
      vertex 74.82847000442327 19.258426728323656 1
      vertex 75 19.25 1
      vertex 75 22.75 1
    endloop
  endfacet
  facet normal 0 0 1
    outer loop
      vertex 74.3303039933611 19.383210818105248 1
      vertex 74.4920018148047 19.325354412468634 1
      vertex 74.4920018148047 22.674645587531366 1
    endloop
  endfacet
  facet normal 0 0 1
    outer loop
      vertex 75 19.25 1
      vertex 75.17152999557673 19.258426728323656 1
      vertex 75.17152999557673 22.741573271676344 1
    endloop
  endfacet
  facet normal 0 0 1
    outer loop
      vertex 75.17152999557673 19.258426728323656 1
      vertex 75.34140806352822 19.283625759294345 1
      vertex 75.34140806352822 22.716374240705655 1
    endloop
  endfacet
  facet normal 0 0 1
    outer loop
      vertex 75.34140806352822 19.283625759294345 1
      vertex 75.5079981851953 19.325354412468634 1
      vertex 75.5079981851953 22.674645587531366 1
    endloop
  endfacet
  facet normal 0 0 1
    outer loop
      vertex 75.5079981851953 19.325354412468634 1
      vertex 75.6696960066389 19.383210818105248 1
      vertex 75.6696960066389 22.616789181894752 1
    endloop
  endfacet
  facet normal 0 0 1
    outer loop
      vertex 75.6696960066389 19.383210818105248 1
      vertex 75.8249442894455 19.456637787390378 1
      vertex 75.8249442894455 22.543362212609622 1
    endloop
  endfacet
  facet normal 0 0 1
    outer loop
      vertex 75.8249442894455 19.456637787390378 1
      vertex 75.97224790778431 19.544928178470546 1
      vertex 75.97224790778431 22.455071821529454 1
    endloop
  endfacet
  facet normal 0 0 1
    outer loop
      vertex 75.97224790778431 19.544928178470546 1
      vertex 76.11018824728637 19.64723170661521 1
      vertex 76.11018824728637 22.35276829338479 1
    endloop
  endfacet
  facet normal 0 0 1
    outer loop
      vertex 76.11018824728637 19.64723170661521 1
      vertex 76.23743686707645 19.762563132923542 1
      vertex 76.23743686707645 22.237436867076458 1
    endloop
  endfacet
  facet normal 0 0 1
    outer loop
      vertex 76.23743686707645 19.762563132923542 1
      vertex 76.35276829338478 19.88981175271362 1
      vertex 76.35276829338478 22.11018824728638 1
    endloop
  endfacet
  facet normal 0 0 1
    outer loop
      vertex 76.35276829338478 19.88981175271362 1
      vertex 76.45507182152946 20.027752092215696 1
      vertex 76.45507182152946 21.972247907784304 1
    endloop
  endfacet
  facet normal 0 0 1
    outer loop
      vertex 76.45507182152946 20.027752092215696 1
      vertex 76.54336221260962 20.175055710554503 1
      vertex 76.54336221260962 21.824944289445497 1
    endloop
  endfacet
  facet normal 0 0 1
    outer loop
      vertex 76.54336221260962 20.175055710554503 1
      vertex 76.61678918189475 20.330303993361092 1
      vertex 76.61678918189475 21.669696006638908 1
    endloop
  endfacet
  facet normal 0 0 1
    outer loop
      vertex 76.61678918189475 20.330303993361092 1
      vertex 76.67464558753136 20.49200181480469 1
      vertex 76.67464558753136 21.50799818519531 1
    endloop
  endfacet
  facet normal 0 0 1
    outer loop
      vertex 76.67464558753136 20.49200181480469 1
      vertex 76.71637424070565 20.658591936471776 1
      vertex 76.71637424070565 21.341408063528224 1
    endloop
  endfacet
  facet normal 0 0 1
    outer loop
      vertex 76.71637424070565 20.658591936471776 1
      vertex 76.74157327167634 20.82847000442327 1
      vertex 76.74157327167634 21.17152999557673 1
    endloop
  endfacet
  facet normal 0 0 1
    outer loop
      vertex 76.74157327167634 20.82847000442327 1
      vertex 76.75 21 1
      vertex 76.74157327167634 21.17152999557673 1
    endloop
  endfacet
  facet normal 0 0 1
    outer loop
      vertex 76.71637424070565 20.658591936471776 1
      vertex 76.74157327167634 21.17152999557673 1
      vertex 76.71637424070565 21.341408063528224 1
    endloop
  endfacet
  facet normal 0 0 1
    outer loop
      vertex 74.3303039933611 19.383210818105248 1
      vertex 74.4920018148047 22.674645587531366 1
      vertex 74.3303039933611 22.616789181894752 1
    endloop
  endfacet
  facet normal 0 0 1
    outer loop
      vertex 74.4920018148047 19.325354412468634 1
      vertex 74.65859193647178 22.716374240705655 1
      vertex 74.4920018148047 22.674645587531366 1
    endloop
  endfacet
  facet normal 0 0 1
    outer loop
      vertex 74.65859193647178 19.283625759294345 1
      vertex 74.82847000442327 22.741573271676344 1
      vertex 74.65859193647178 22.716374240705655 1
    endloop
  endfacet
  facet normal 0 0 1
    outer loop
      vertex 74.82847000442327 19.258426728323656 1
      vertex 75 22.75 1
      vertex 74.82847000442327 22.741573271676344 1
    endloop
  endfacet
  facet normal 0 0 1
    outer loop
      vertex 75 19.25 1
      vertex 75.17152999557673 22.741573271676344 1
      vertex 75 22.75 1
    endloop
  endfacet
  facet normal 0 0 1
    outer loop
      vertex 75.17152999557673 19.258426728323656 1
      vertex 75.34140806352822 22.716374240705655 1
      vertex 75.17152999557673 22.741573271676344 1
    endloop
  endfacet
  facet normal 0 0 1
    outer loop
      vertex 75.34140806352822 19.283625759294345 1
      vertex 75.5079981851953 22.674645587531366 1
      vertex 75.34140806352822 22.716374240705655 1
    endloop
  endfacet
  facet normal 0 0 1
    outer loop
      vertex 75.5079981851953 19.325354412468634 1
      vertex 75.6696960066389 22.616789181894752 1
      vertex 75.5079981851953 22.674645587531366 1
    endloop
  endfacet
  facet normal 0 0 1
    outer loop
      vertex 75.6696960066389 19.383210818105248 1
      vertex 75.8249442894455 22.543362212609622 1
      vertex 75.6696960066389 22.616789181894752 1
    endloop
  endfacet
  facet normal 0 0 1
    outer loop
      vertex 75.8249442894455 19.456637787390378 1
      vertex 75.97224790778431 22.455071821529454 1
      vertex 75.8249442894455 22.543362212609622 1
    endloop
  endfacet
  facet normal 0 0 1
    outer loop
      vertex 75.97224790778431 19.544928178470546 1
      vertex 76.11018824728637 22.35276829338479 1
      vertex 75.97224790778431 22.455071821529454 1
    endloop
  endfacet
  facet normal 0 0 1
    outer loop
      vertex 76.11018824728637 19.64723170661521 1
      vertex 76.23743686707645 22.237436867076458 1
      vertex 76.11018824728637 22.35276829338479 1
    endloop
  endfacet
  facet normal 0 0 1
    outer loop
      vertex 76.45507182152946 20.027752092215696 1
      vertex 76.54336221260962 21.824944289445497 1
      vertex 76.45507182152946 21.972247907784304 1
    endloop
  endfacet
  facet normal 0 0 1
    outer loop
      vertex 76.67464558753136 20.49200181480469 1
      vertex 76.71637424070565 21.341408063528224 1
      vertex 76.67464558753136 21.50799818519531 1
    endloop
  endfacet
  facet normal 0 0 1
    outer loop
      vertex 76.61678918189475 20.330303993361092 1
      vertex 76.67464558753136 21.50799818519531 1
      vertex 76.61678918189475 21.669696006638908 1
    endloop
  endfacet
  facet normal 0 0 1
    outer loop
      vertex 76.54336221260962 20.175055710554503 1
      vertex 76.61678918189475 21.669696006638908 1
      vertex 76.54336221260962 21.824944289445497 1
    endloop
  endfacet
  facet normal 0 0 1
    outer loop
      vertex 76.35276829338478 19.88981175271362 1
      vertex 76.45507182152946 21.972247907784304 1
      vertex 76.35276829338478 22.11018824728638 1
    endloop
  endfacet
  facet normal 0 0 1
    outer loop
      vertex 76.23743686707645 19.762563132923542 1
      vertex 76.35276829338478 22.11018824728638 1
      vertex 76.23743686707645 22.237436867076458 1
    endloop
  endfacet
  facet normal 0.9415440651830226 0.33688985339221517 -6.997419662805259e-19
    outer loop
      vertex 73.38321081810525 20.330303993361092 1
      vertex 73.32535441246864 20.49200181480469 1
      vertex 73.32535441246864 20.49200181480469 6
    endloop
  endfacet
  facet normal 0.903989293123461 0.4275550934302448 3.2439784481397478e-19
    outer loop
      vertex 73.45663778739038 20.175055710554503 1
      vertex 73.38321081810525 20.330303993361092 1
      vertex 73.38321081810525 20.330303993361092 6
    endloop
  endfacet
  facet normal 0.9700312531945425 0.24298017990326992 -1.6863241718887762e-19
    outer loop
      vertex 73.32535441246864 20.49200181480469 1
      vertex 73.28362575929435 20.658591936471776 1
      vertex 73.28362575929435 20.658591936471776 6
    endloop
  endfacet
  facet normal 0.9891765099647762 0.1467304744553932 -1.3375445527325408e-19
    outer loop
      vertex 73.28362575929435 20.658591936471776 1
      vertex 73.25842672832366 20.82847000442327 1
      vertex 73.25842672832366 20.82847000442327 6
    endloop
  endfacet
  facet normal 0.9987954562051722 0.04906767432741949 8.296723440747168e-20
    outer loop
      vertex 73.25842672832366 20.82847000442327 1
      vertex 73.25 21 1
      vertex 73.25 21 6
    endloop
  endfacet
  facet normal 0.9987954562051722 -0.04906767432741949 -8.296723440747168e-20
    outer loop
      vertex 73.25 21 1
      vertex 73.25842672832366 21.17152999557673 1
      vertex 73.25842672832366 21.17152999557673 6
    endloop
  endfacet
  facet normal 0.9891765099647762 -0.1467304744553932 1.3375445527325408e-19
    outer loop
      vertex 73.25842672832366 21.17152999557673 1
      vertex 73.28362575929435 21.341408063528224 1
      vertex 73.28362575929435 21.341408063528224 6
    endloop
  endfacet
  facet normal 0.9700312531945425 -0.24298017990326992 1.6863241718887762e-19
    outer loop
      vertex 73.28362575929435 21.341408063528224 1
      vertex 73.32535441246864 21.50799818519531 1
      vertex 73.32535441246864 21.50799818519531 6
    endloop
  endfacet
  facet normal 0.9415440651830226 -0.33688985339221517 6.997419662805259e-19
    outer loop
      vertex 73.32535441246864 21.50799818519531 1
      vertex 73.38321081810525 21.669696006638908 1
      vertex 73.38321081810525 21.669696006638908 6
    endloop
  endfacet
  facet normal 0.903989293123461 -0.4275550934302448 -3.2439784481397478e-19
    outer loop
      vertex 73.38321081810525 21.669696006638908 1
      vertex 73.45663778739038 21.824944289445497 1
      vertex 73.45663778739038 21.824944289445497 6
    endloop
  endfacet
  facet normal 0.8577286100002771 -0.5141027441932134 1.972612244538854e-19
    outer loop
      vertex 73.45663778739038 21.824944289445497 1
      vertex 73.54492817847054 21.972247907784304 1
      vertex 73.54492817847054 21.972247907784304 6
    endloop
  endfacet
  facet normal -0.9415440651830226 0.33688985339221517 0
    outer loop
      vertex 76.61678918189475 20.330303993361092 1
      vertex 76.61678918189475 20.330303993361092 6
      vertex 76.67464558753136 20.49200181480469 1
    endloop
  endfacet
  facet normal -0.9700312531945425 0.24298017990326992 0
    outer loop
      vertex 76.67464558753136 20.49200181480469 1
      vertex 76.67464558753136 20.49200181480469 6
      vertex 76.71637424070565 20.658591936471776 1
    endloop
  endfacet
  facet normal -0.9891765099647762 0.1467304744553932 0
    outer loop
      vertex 76.71637424070565 20.658591936471776 1
      vertex 76.71637424070565 20.658591936471776 6
      vertex 76.74157327167634 20.82847000442327 1
    endloop
  endfacet
  facet normal -0.9987954562051722 0.04906767432741949 0
    outer loop
      vertex 76.74157327167634 20.82847000442327 1
      vertex 76.74157327167634 20.82847000442327 6
      vertex 76.75 21 1
    endloop
  endfacet
  facet normal -0.9987954562051722 -0.04906767432741949 0
    outer loop
      vertex 76.75 21 1
      vertex 76.75 21 6
      vertex 76.74157327167634 21.17152999557673 1
    endloop
  endfacet
  facet normal -0.9891765099647762 -0.1467304744553932 0
    outer loop
      vertex 76.74157327167634 21.17152999557673 1
      vertex 76.74157327167634 21.17152999557673 6
      vertex 76.71637424070565 21.341408063528224 1
    endloop
  endfacet
  facet normal -0.9700312531945425 -0.24298017990326992 0
    outer loop
      vertex 76.71637424070565 21.341408063528224 1
      vertex 76.71637424070565 21.341408063528224 6
      vertex 76.67464558753136 21.50799818519531 1
    endloop
  endfacet
  facet normal -0.9415440651830226 -0.33688985339221517 0
    outer loop
      vertex 76.67464558753136 21.50799818519531 1
      vertex 76.67464558753136 21.50799818519531 6
      vertex 76.61678918189475 21.669696006638908 1
    endloop
  endfacet
  facet normal -0.903989293123461 -0.4275550934302448 0
    outer loop
      vertex 76.61678918189475 21.669696006638908 1
      vertex 76.61678918189475 21.669696006638908 6
      vertex 76.54336221260962 21.824944289445497 1
    endloop
  endfacet
  facet normal -0.8577286100002771 -0.5141027441932134 0
    outer loop
      vertex 76.54336221260962 21.824944289445497 1
      vertex 76.54336221260962 21.824944289445497 6
      vertex 76.45507182152946 21.972247907784304 1
    endloop
  endfacet
  facet normal 0.8032075314806207 -0.5956993044924658 -4.207812358735392e-19
    outer loop
      vertex 73.54492817847054 21.972247907784304 1
      vertex 73.64723170661522 22.11018824728638 1
      vertex 73.64723170661522 22.11018824728638 6
    endloop
  endfacet
  facet normal 0.7409511253549582 -0.6715589548470192 -1.9044880293407888e-19
    outer loop
      vertex 73.64723170661522 22.11018824728638 1
      vertex 73.76256313292355 22.237436867076458 1
      vertex 73.76256313292355 22.237436867076458 6
    endloop
  endfacet
  facet normal 0.6715589548470204 -0.7409511253549573 -5.865426668889623e-19
    outer loop
      vertex 73.76256313292355 22.237436867076458 1
      vertex 73.88981175271363 22.35276829338479 1
      vertex 73.88981175271363 22.35276829338479 6
    endloop
  endfacet
  facet normal 0.5956993044924555 -0.8032075314806284 -5.386056419739892e-19
    outer loop
      vertex 73.88981175271363 22.35276829338479 1
      vertex 74.02775209221569 22.455071821529454 1
      vertex 74.02775209221569 22.455071821529454 6
    endloop
  endfacet
  facet normal 0.5141027441932194 -0.8577286100002735 -8.198518051074017e-19
    outer loop
      vertex 74.02775209221569 22.455071821529454 1
      vertex 74.1750557105545 22.543362212609622 1
      vertex 74.1750557105545 22.543362212609622 6
    endloop
  endfacet
  facet normal 0.4275550934302626 -0.9039892931234526 9.964819052298548e-19
    outer loop
      vertex 74.1750557105545 22.543362212609622 1
      vertex 74.3303039933611 22.616789181894752 1
      vertex 74.3303039933611 22.616789181894752 6
    endloop
  endfacet
  facet normal 0.33688985339222177 -0.9415440651830203 -2.89997272507199e-19
    outer loop
      vertex 74.3303039933611 22.616789181894752 1
      vertex 74.4920018148047 22.674645587531366 1
      vertex 74.4920018148047 22.674645587531366 6
    endloop
  endfacet
  facet normal 0.24298017990326992 -0.9700312531945425 1.6863241718887762e-19
    outer loop
      vertex 74.4920018148047 22.674645587531366 1
      vertex 74.65859193647178 22.716374240705655 1
      vertex 74.65859193647178 22.716374240705655 6
    endloop
  endfacet
  facet normal 0.14673047445535872 -0.9891765099647813 6.143658757789069e-20
    outer loop
      vertex 74.65859193647178 22.716374240705655 1
      vertex 74.82847000442327 22.741573271676344 1
      vertex 74.82847000442327 22.741573271676344 6
    endloop
  endfacet
  facet normal 0.04906767432741849 -0.9987954562051724 -6.692755326339634e-20
    outer loop
      vertex 74.82847000442327 22.741573271676344 1
      vertex 75 22.75 1
      vertex 75 22.75 6
    endloop
  endfacet
  facet normal -0.04906767432741849 -0.9987954562051724 6.692755326339634e-20
    outer loop
      vertex 75 22.75 1
      vertex 75.17152999557673 22.741573271676344 1
      vertex 75.17152999557673 22.741573271676344 6
    endloop
  endfacet
  facet normal -0.14673047445535872 -0.9891765099647813 -6.143658757789069e-20
    outer loop
      vertex 75.17152999557673 22.741573271676344 1
      vertex 75.34140806352822 22.716374240705655 1
      vertex 75.34140806352822 22.716374240705655 6
    endloop
  endfacet
  facet normal -0.24298017990326992 -0.9700312531945425 0
    outer loop
      vertex 75.5079981851953 22.674645587531366 1
      vertex 75.5079981851953 22.674645587531366 6
      vertex 75.34140806352822 22.716374240705655 1
    endloop
  endfacet
  facet normal -0.6715589548470204 -0.7409511253549573 5.865426668889623e-19
    outer loop
      vertex 76.11018824728637 22.35276829338479 1
      vertex 76.23743686707645 22.237436867076458 1
      vertex 76.23743686707645 22.237436867076458 6
    endloop
  endfacet
  facet normal -0.8032075314806207 -0.5956993044924658 0
    outer loop
      vertex 76.45507182152946 21.972247907784304 1
      vertex 76.45507182152946 21.972247907784304 6
      vertex 76.35276829338478 22.11018824728638 1
    endloop
  endfacet
  facet normal -0.7409511253549582 -0.6715589548470192 0
    outer loop
      vertex 76.35276829338478 22.11018824728638 1
      vertex 76.35276829338478 22.11018824728638 6
      vertex 76.23743686707645 22.237436867076458 1
    endloop
  endfacet
  facet normal -0.4275550934302626 -0.9039892931234526 0
    outer loop
      vertex 75.8249442894455 22.543362212609622 1
      vertex 75.8249442894455 22.543362212609622 6
      vertex 75.6696960066389 22.616789181894752 1
    endloop
  endfacet
  facet normal -0.5956993044924555 -0.8032075314806284 0
    outer loop
      vertex 76.11018824728637 22.35276829338479 1
      vertex 76.11018824728637 22.35276829338479 6
      vertex 75.97224790778431 22.455071821529454 1
    endloop
  endfacet
  facet normal -0.5141027441932194 -0.8577286100002735 8.198518051074017e-19
    outer loop
      vertex 75.8249442894455 22.543362212609622 1
      vertex 75.97224790778431 22.455071821529454 1
      vertex 75.97224790778431 22.455071821529454 6
    endloop
  endfacet
  facet normal -0.33688985339222177 -0.9415440651830203 2.89997272507199e-19
    outer loop
      vertex 75.5079981851953 22.674645587531366 1
      vertex 75.6696960066389 22.616789181894752 1
      vertex 75.6696960066389 22.616789181894752 6
    endloop
  endfacet
  facet normal 0.5956993044924555 0.8032075314806284 0
    outer loop
      vertex 74.02775209221569 19.544928178470546 1
      vertex 73.88981175271363 19.64723170661521 6
      vertex 74.02775209221569 19.544928178470546 6
    endloop
  endfacet
  facet normal 0.5141027441932194 0.8577286100002735 0
    outer loop
      vertex 74.1750557105545 19.456637787390378 1
      vertex 74.02775209221569 19.544928178470546 6
      vertex 74.1750557105545 19.456637787390378 6
    endloop
  endfacet
  facet normal 0.4275550934302626 0.9039892931234526 0
    outer loop
      vertex 74.3303039933611 19.383210818105248 1
      vertex 74.1750557105545 19.456637787390378 6
      vertex 74.3303039933611 19.383210818105248 6
    endloop
  endfacet
  facet normal 0.6715589548470204 0.7409511253549573 0
    outer loop
      vertex 73.88981175271363 19.64723170661521 1
      vertex 73.76256313292355 19.762563132923542 6
      vertex 73.88981175271363 19.64723170661521 6
    endloop
  endfacet
  facet normal 0.7409511253549582 0.6715589548470192 0
    outer loop
      vertex 73.76256313292355 19.762563132923542 1
      vertex 73.64723170661522 19.88981175271362 6
      vertex 73.76256313292355 19.762563132923542 6
    endloop
  endfacet
  facet normal 0.8032075314806207 0.5956993044924658 0
    outer loop
      vertex 73.64723170661522 19.88981175271362 1
      vertex 73.54492817847054 20.027752092215696 6
      vertex 73.64723170661522 19.88981175271362 6
    endloop
  endfacet
  facet normal 0.8577286100002771 0.5141027441932134 0
    outer loop
      vertex 73.54492817847054 20.027752092215696 1
      vertex 73.45663778739038 20.175055710554503 6
      vertex 73.54492817847054 20.027752092215696 6
    endloop
  endfacet
  facet normal 0.903989293123461 0.4275550934302448 0
    outer loop
      vertex 73.45663778739038 20.175055710554503 1
      vertex 73.38321081810525 20.330303993361092 6
      vertex 73.45663778739038 20.175055710554503 6
    endloop
  endfacet
  facet normal 0.24298017990326992 0.9700312531945425 0
    outer loop
      vertex 74.65859193647178 19.283625759294345 1
      vertex 74.4920018148047 19.325354412468634 6
      vertex 74.65859193647178 19.283625759294345 6
    endloop
  endfacet
  facet normal 0.33688985339222177 0.9415440651830203 0
    outer loop
      vertex 74.4920018148047 19.325354412468634 1
      vertex 74.3303039933611 19.383210818105248 6
      vertex 74.4920018148047 19.325354412468634 6
    endloop
  endfacet
  facet normal 0.14673047445535872 0.9891765099647813 0
    outer loop
      vertex 74.82847000442327 19.258426728323656 1
      vertex 74.65859193647178 19.283625759294345 6
      vertex 74.82847000442327 19.258426728323656 6
    endloop
  endfacet
  facet normal 0.04906767432741849 0.9987954562051724 0
    outer loop
      vertex 75 19.25 1
      vertex 74.82847000442327 19.258426728323656 6
      vertex 75 19.25 6
    endloop
  endfacet
  facet normal -0.04906767432741849 0.9987954562051724 0
    outer loop
      vertex 75.17152999557673 19.258426728323656 1
      vertex 75 19.25 6
      vertex 75.17152999557673 19.258426728323656 6
    endloop
  endfacet
  facet normal -0.14673047445535872 0.9891765099647813 0
    outer loop
      vertex 75.17152999557673 19.258426728323656 1
      vertex 75.17152999557673 19.258426728323656 6
      vertex 75.34140806352822 19.283625759294345 6
    endloop
  endfacet
  facet normal -0.24298017990326992 0.9700312531945425 0
    outer loop
      vertex 75.5079981851953 19.325354412468634 1
      vertex 75.34140806352822 19.283625759294345 6
      vertex 75.5079981851953 19.325354412468634 6
    endloop
  endfacet
  facet normal -0.33688985339222177 0.9415440651830203 0
    outer loop
      vertex 75.6696960066389 19.383210818105248 1
      vertex 75.5079981851953 19.325354412468634 6
      vertex 75.6696960066389 19.383210818105248 6
    endloop
  endfacet
  facet normal -0.4275550934302626 0.9039892931234526 0
    outer loop
      vertex 75.8249442894455 19.456637787390378 1
      vertex 75.6696960066389 19.383210818105248 6
      vertex 75.8249442894455 19.456637787390378 6
    endloop
  endfacet
  facet normal -0.5141027441932194 0.8577286100002735 0
    outer loop
      vertex 75.97224790778431 19.544928178470546 1
      vertex 75.8249442894455 19.456637787390378 6
      vertex 75.97224790778431 19.544928178470546 6
    endloop
  endfacet
  facet normal -0.5956993044924555 0.8032075314806284 0
    outer loop
      vertex 76.11018824728637 19.64723170661521 1
      vertex 75.97224790778431 19.544928178470546 6
      vertex 76.11018824728637 19.64723170661521 6
    endloop
  endfacet
  facet normal -0.6715589548470204 0.7409511253549573 0
    outer loop
      vertex 76.23743686707645 19.762563132923542 1
      vertex 76.11018824728637 19.64723170661521 6
      vertex 76.23743686707645 19.762563132923542 6
    endloop
  endfacet
  facet normal -0.7409511253549582 0.6715589548470192 0
    outer loop
      vertex 76.35276829338478 19.88981175271362 1
      vertex 76.23743686707645 19.762563132923542 6
      vertex 76.35276829338478 19.88981175271362 6
    endloop
  endfacet
  facet normal -0.8032075314806207 0.5956993044924658 0
    outer loop
      vertex 76.45507182152946 20.027752092215696 1
      vertex 76.35276829338478 19.88981175271362 6
      vertex 76.45507182152946 20.027752092215696 6
    endloop
  endfacet
  facet normal -0.8577286100002771 0.5141027441932134 0
    outer loop
      vertex 76.54336221260962 20.175055710554503 1
      vertex 76.45507182152946 20.027752092215696 6
      vertex 76.54336221260962 20.175055710554503 6
    endloop
  endfacet
  facet normal 0.9415440651830226 0.33688985339221517 0
    outer loop
      vertex 73.38321081810525 20.330303993361092 1
      vertex 73.32535441246864 20.49200181480469 6
      vertex 73.38321081810525 20.330303993361092 6
    endloop
  endfacet
  facet normal 0.9700312531945425 0.24298017990326992 0
    outer loop
      vertex 73.32535441246864 20.49200181480469 1
      vertex 73.28362575929435 20.658591936471776 6
      vertex 73.32535441246864 20.49200181480469 6
    endloop
  endfacet
  facet normal 0.9891765099647762 0.1467304744553932 0
    outer loop
      vertex 73.28362575929435 20.658591936471776 1
      vertex 73.25842672832366 20.82847000442327 6
      vertex 73.28362575929435 20.658591936471776 6
    endloop
  endfacet
  facet normal 0.9987954562051722 0.04906767432741949 0
    outer loop
      vertex 73.25842672832366 20.82847000442327 1
      vertex 73.25 21 6
      vertex 73.25842672832366 20.82847000442327 6
    endloop
  endfacet
  facet normal 0.9987954562051722 -0.04906767432741949 0
    outer loop
      vertex 73.25 21 1
      vertex 73.25842672832366 21.17152999557673 6
      vertex 73.25 21 6
    endloop
  endfacet
  facet normal 0.9891765099647762 -0.1467304744553932 0
    outer loop
      vertex 73.25842672832366 21.17152999557673 1
      vertex 73.28362575929435 21.341408063528224 6
      vertex 73.25842672832366 21.17152999557673 6
    endloop
  endfacet
  facet normal 0.9700312531945425 -0.24298017990326992 0
    outer loop
      vertex 73.28362575929435 21.341408063528224 1
      vertex 73.32535441246864 21.50799818519531 6
      vertex 73.28362575929435 21.341408063528224 6
    endloop
  endfacet
  facet normal 0.9415440651830226 -0.33688985339221517 0
    outer loop
      vertex 73.32535441246864 21.50799818519531 1
      vertex 73.38321081810525 21.669696006638908 6
      vertex 73.32535441246864 21.50799818519531 6
    endloop
  endfacet
  facet normal 0.903989293123461 -0.4275550934302448 0
    outer loop
      vertex 73.38321081810525 21.669696006638908 1
      vertex 73.45663778739038 21.824944289445497 6
      vertex 73.38321081810525 21.669696006638908 6
    endloop
  endfacet
  facet normal 0.8577286100002771 -0.5141027441932134 0
    outer loop
      vertex 73.45663778739038 21.824944289445497 1
      vertex 73.54492817847054 21.972247907784304 6
      vertex 73.45663778739038 21.824944289445497 6
    endloop
  endfacet
  facet normal -0.903989293123461 0.4275550934302448 0
    outer loop
      vertex 76.61678918189475 20.330303993361092 1
      vertex 76.54336221260962 20.175055710554503 6
      vertex 76.61678918189475 20.330303993361092 6
    endloop
  endfacet
  facet normal -0.9415440651830226 0.33688985339221517 0
    outer loop
      vertex 76.67464558753136 20.49200181480469 1
      vertex 76.61678918189475 20.330303993361092 6
      vertex 76.67464558753136 20.49200181480469 6
    endloop
  endfacet
  facet normal -0.9700312531945425 0.24298017990326992 0
    outer loop
      vertex 76.71637424070565 20.658591936471776 1
      vertex 76.67464558753136 20.49200181480469 6
      vertex 76.71637424070565 20.658591936471776 6
    endloop
  endfacet
  facet normal -0.9891765099647762 0.1467304744553932 0
    outer loop
      vertex 76.74157327167634 20.82847000442327 1
      vertex 76.71637424070565 20.658591936471776 6
      vertex 76.74157327167634 20.82847000442327 6
    endloop
  endfacet
  facet normal -0.9987954562051722 0.04906767432741949 0
    outer loop
      vertex 76.75 21 1
      vertex 76.74157327167634 20.82847000442327 6
      vertex 76.75 21 6
    endloop
  endfacet
  facet normal -0.9987954562051722 -0.04906767432741949 0
    outer loop
      vertex 76.74157327167634 21.17152999557673 1
      vertex 76.75 21 6
      vertex 76.74157327167634 21.17152999557673 6
    endloop
  endfacet
  facet normal -0.9891765099647762 -0.1467304744553932 0
    outer loop
      vertex 76.71637424070565 21.341408063528224 1
      vertex 76.74157327167634 21.17152999557673 6
      vertex 76.71637424070565 21.341408063528224 6
    endloop
  endfacet
  facet normal -0.9700312531945425 -0.24298017990326992 0
    outer loop
      vertex 76.67464558753136 21.50799818519531 1
      vertex 76.71637424070565 21.341408063528224 6
      vertex 76.67464558753136 21.50799818519531 6
    endloop
  endfacet
  facet normal -0.9415440651830226 -0.33688985339221517 0
    outer loop
      vertex 76.61678918189475 21.669696006638908 1
      vertex 76.67464558753136 21.50799818519531 6
      vertex 76.61678918189475 21.669696006638908 6
    endloop
  endfacet
  facet normal -0.8577286100002771 -0.5141027441932134 0
    outer loop
      vertex 76.45507182152946 21.972247907784304 1
      vertex 76.54336221260962 21.824944289445497 6
      vertex 76.45507182152946 21.972247907784304 6
    endloop
  endfacet
  facet normal -0.903989293123461 -0.4275550934302448 0
    outer loop
      vertex 76.54336221260962 21.824944289445497 1
      vertex 76.61678918189475 21.669696006638908 6
      vertex 76.54336221260962 21.824944289445497 6
    endloop
  endfacet
  facet normal 0.8032075314806207 -0.5956993044924658 0
    outer loop
      vertex 73.54492817847054 21.972247907784304 1
      vertex 73.64723170661522 22.11018824728638 6
      vertex 73.54492817847054 21.972247907784304 6
    endloop
  endfacet
  facet normal 0.7409511253549582 -0.6715589548470192 0
    outer loop
      vertex 73.64723170661522 22.11018824728638 1
      vertex 73.76256313292355 22.237436867076458 6
      vertex 73.64723170661522 22.11018824728638 6
    endloop
  endfacet
  facet normal 0.6715589548470204 -0.7409511253549573 0
    outer loop
      vertex 73.76256313292355 22.237436867076458 1
      vertex 73.88981175271363 22.35276829338479 6
      vertex 73.76256313292355 22.237436867076458 6
    endloop
  endfacet
  facet normal 0.5956993044924555 -0.8032075314806284 0
    outer loop
      vertex 73.88981175271363 22.35276829338479 1
      vertex 74.02775209221569 22.455071821529454 6
      vertex 73.88981175271363 22.35276829338479 6
    endloop
  endfacet
  facet normal 0.5141027441932194 -0.8577286100002735 0
    outer loop
      vertex 74.02775209221569 22.455071821529454 1
      vertex 74.1750557105545 22.543362212609622 6
      vertex 74.02775209221569 22.455071821529454 6
    endloop
  endfacet
  facet normal 0.4275550934302626 -0.9039892931234526 0
    outer loop
      vertex 74.1750557105545 22.543362212609622 1
      vertex 74.3303039933611 22.616789181894752 6
      vertex 74.1750557105545 22.543362212609622 6
    endloop
  endfacet
  facet normal 0.33688985339222177 -0.9415440651830203 0
    outer loop
      vertex 74.3303039933611 22.616789181894752 1
      vertex 74.4920018148047 22.674645587531366 6
      vertex 74.3303039933611 22.616789181894752 6
    endloop
  endfacet
  facet normal 0.24298017990326992 -0.9700312531945425 0
    outer loop
      vertex 74.4920018148047 22.674645587531366 1
      vertex 74.65859193647178 22.716374240705655 6
      vertex 74.4920018148047 22.674645587531366 6
    endloop
  endfacet
  facet normal 0.14673047445535872 -0.9891765099647813 0
    outer loop
      vertex 74.65859193647178 22.716374240705655 1
      vertex 74.82847000442327 22.741573271676344 6
      vertex 74.65859193647178 22.716374240705655 6
    endloop
  endfacet
  facet normal 0.04906767432741849 -0.9987954562051724 0
    outer loop
      vertex 74.82847000442327 22.741573271676344 1
      vertex 75 22.75 6
      vertex 74.82847000442327 22.741573271676344 6
    endloop
  endfacet
  facet normal -0.04906767432741849 -0.9987954562051724 0
    outer loop
      vertex 75 22.75 1
      vertex 75.17152999557673 22.741573271676344 6
      vertex 75 22.75 6
    endloop
  endfacet
  facet normal -0.14673047445535872 -0.9891765099647813 0
    outer loop
      vertex 75.17152999557673 22.741573271676344 1
      vertex 75.34140806352822 22.716374240705655 6
      vertex 75.17152999557673 22.741573271676344 6
    endloop
  endfacet
  facet normal -0.33688985339222177 -0.9415440651830203 0
    outer loop
      vertex 75.5079981851953 22.674645587531366 1
      vertex 75.6696960066389 22.616789181894752 6
      vertex 75.5079981851953 22.674645587531366 6
    endloop
  endfacet
  facet normal -0.24298017990326992 -0.9700312531945425 0
    outer loop
      vertex 75.34140806352822 22.716374240705655 1
      vertex 75.5079981851953 22.674645587531366 6
      vertex 75.34140806352822 22.716374240705655 6
    endloop
  endfacet
  facet normal -0.6715589548470204 -0.7409511253549573 0
    outer loop
      vertex 76.11018824728637 22.35276829338479 1
      vertex 76.23743686707645 22.237436867076458 6
      vertex 76.11018824728637 22.35276829338479 6
    endloop
  endfacet
  facet normal -0.8032075314806207 -0.5956993044924658 0
    outer loop
      vertex 76.35276829338478 22.11018824728638 1
      vertex 76.45507182152946 21.972247907784304 6
      vertex 76.35276829338478 22.11018824728638 6
    endloop
  endfacet
  facet normal -0.7409511253549582 -0.6715589548470192 0
    outer loop
      vertex 76.23743686707645 22.237436867076458 1
      vertex 76.35276829338478 22.11018824728638 6
      vertex 76.23743686707645 22.237436867076458 6
    endloop
  endfacet
  facet normal -0.5141027441932194 -0.8577286100002735 0
    outer loop
      vertex 75.8249442894455 22.543362212609622 1
      vertex 75.97224790778431 22.455071821529454 6
      vertex 75.8249442894455 22.543362212609622 6
    endloop
  endfacet
  facet normal -0.5956993044924555 -0.8032075314806284 0
    outer loop
      vertex 75.97224790778431 22.455071821529454 1
      vertex 76.11018824728637 22.35276829338479 6
      vertex 75.97224790778431 22.455071821529454 6
    endloop
  endfacet
  facet normal -0.4275550934302626 -0.9039892931234526 0
    outer loop
      vertex 75.6696960066389 22.616789181894752 1
      vertex 75.8249442894455 22.543362212609622 6
      vertex 75.6696960066389 22.616789181894752 6
    endloop
  endfacet
  facet normal -0.42755510310083966 -0.9039892885496101 0
    outer loop
      vertex 69.05720652639866 0.23615746945142746 0
      vertex 69.23463313281536 0.15224093198776245 0
      vertex 69.05720652639866 0.23615746945142746 6
    endloop
  endfacet
  facet normal -0.5956992989376803 -0.8032075356003306 0
    outer loop
      vertex 68.8888595327735 0.337060771882534 0
      vertex 68.73121342808008 0.45397908985614777 6
      vertex 68.73121342808008 0.45397908985614777 0
    endloop
  endfacet
  facet normal -0.5141027351876691 -0.8577286153979926 0
    outer loop
      vertex 69.05720652639866 0.23615746945142746 0
      vertex 68.8888595327735 0.337060771882534 6
      vertex 68.8888595327735 0.337060771882534 0
    endloop
  endfacet
  facet normal -0.7409510994850822 -0.671558983390028 0
    outer loop
      vertex 68.45397908985615 0.7312134280800819 0
      vertex 68.5857864394784 0.5857864394783974 0
      vertex 68.45397908985615 0.7312134280800819 6
    endloop
  endfacet
  facet normal -0.8032075356003306 -0.5956992989376803 0
    outer loop
      vertex 68.45397908985615 0.7312134280800819 0
      vertex 68.33706077188253 0.8888595327734947 6
      vertex 68.33706077188253 0.8888595327734947 0
    endloop
  endfacet
  facet normal -0.671558983390028 -0.7409510994850822 0
    outer loop
      vertex 68.73121342808008 0.45397908985614777 0
      vertex 68.5857864394784 0.5857864394783974 6
      vertex 68.5857864394784 0.5857864394783974 0
    endloop
  endfacet
  facet normal -0.8577286153979926 -0.5141027351876691 0
    outer loop
      vertex 68.33706077188253 0.8888595327734947 0
      vertex 68.23615746945143 1.0572065263986588 6
      vertex 68.23615746945143 1.0572065263986588 0
    endloop
  endfacet
  facet normal -0.9039892885496101 -0.42755510310083966 0
    outer loop
      vertex 68.15224093198776 1.234633132815361 0
      vertex 68.23615746945143 1.0572065263986588 0
      vertex 68.15224093198776 1.234633132815361 6
    endloop
  endfacet
  facet normal -0.941544074839288 -0.33688982640476 0
    outer loop
      vertex 68.15224093198776 1.234633132815361 0
      vertex 68.08611933141947 1.4194306433200836 6
      vertex 68.08611933141947 1.4194306433200836 0
    endloop
  endfacet
  facet normal -0.9700312492284539 -0.24298019573678303 0
    outer loop
      vertex 68.08611933141947 1.4194306433200836 0
      vertex 68.03842943906784 1.6098193526268005 6
      vertex 68.03842943906784 1.6098193526268005 0
    endloop
  endfacet
  facet normal -0.24298019573678303 -0.9700312492284539 0
    outer loop
      vertex 69.41943064332008 0.08611933141946793 0
      vertex 69.6098193526268 0.038429439067840576 0
      vertex 69.41943064332008 0.08611933141946793 6
    endloop
  endfacet
  facet normal -0.33688982640476 -0.941544074839288 0
    outer loop
      vertex 69.41943064332008 0.08611933141946793 0
      vertex 69.23463313281536 0.15224093198776245 6
      vertex 69.23463313281536 0.15224093198776245 0
    endloop
  endfacet
  facet normal -0.14673047607854153 -0.989176509724005 0
    outer loop
      vertex 69.6098193526268 0.038429439067840576 0
      vertex 69.80396571755409 0.009630545973777771 0
      vertex 69.6098193526268 0.038429439067840576 6
    endloop
  endfacet
  facet normal -0.049067670415704694 -0.9987954563973426 0
    outer loop
      vertex 69.80396571755409 0.009630545973777771 0
      vertex 70 0 0
      vertex 69.80396571755409 0.009630545973777771 6
    endloop
  endfacet
  facet normal -0.989176509724005 -0.14673047607854153 0
    outer loop
      vertex 68.03842943906784 1.6098193526268005 0
      vertex 68.00963054597378 1.8039657175540924 6
      vertex 68.00963054597378 1.8039657175540924 0
    endloop
  endfacet
  facet normal -0.9987954563973426 -0.049067670415704694 0
    outer loop
      vertex 68.00963054597378 1.8039657175540924 0
      vertex 68 2 6
      vertex 68 2 0
    endloop
  endfacet
  facet normal 0 -1 0
    outer loop
      vertex 70 0 0
      vertex 80 0 0
      vertex 70 0 6
    endloop
  endfacet
  facet normal 0.049067670415704694 -0.9987954563973426 0
    outer loop
      vertex 80 0 0
      vertex 80.19603428244591 0.009630545973777771 0
      vertex 80 0 6
    endloop
  endfacet
  facet normal 0.14673047607854153 -0.989176509724005 0
    outer loop
      vertex 80.19603428244591 0.009630545973777771 0
      vertex 80.3901806473732 0.038429439067840576 0
      vertex 80.19603428244591 0.009630545973777771 6
    endloop
  endfacet
  facet normal 0.24298019573678303 -0.9700312492284539 0
    outer loop
      vertex 80.3901806473732 0.038429439067840576 0
      vertex 80.58056935667992 0.08611933141946793 0
      vertex 80.3901806473732 0.038429439067840576 6
    endloop
  endfacet
  facet normal 0.33688982640476 -0.941544074839288 0
    outer loop
      vertex 80.58056935667992 0.08611933141946793 0
      vertex 80.76536686718464 0.15224093198776245 0
      vertex 80.58056935667992 0.08611933141946793 6
    endloop
  endfacet
  facet normal 0.42755510310083966 -0.9039892885496101 0
    outer loop
      vertex 80.76536686718464 0.15224093198776245 0
      vertex 80.94279347360134 0.23615746945142746 0
      vertex 80.76536686718464 0.15224093198776245 6
    endloop
  endfacet
  facet normal 0.5141027351876691 -0.8577286153979926 0
    outer loop
      vertex 80.94279347360134 0.23615746945142746 0
      vertex 81.1111404672265 0.337060771882534 0
      vertex 80.94279347360134 0.23615746945142746 6
    endloop
  endfacet
  facet normal 0.5956992989376803 -0.8032075356003306 0
    outer loop
      vertex 81.1111404672265 0.337060771882534 0
      vertex 81.26878657191992 0.45397908985614777 0
      vertex 81.1111404672265 0.337060771882534 6
    endloop
  endfacet
  facet normal 0.671558983390028 -0.7409510994850822 0
    outer loop
      vertex 81.26878657191992 0.45397908985614777 0
      vertex 81.4142135605216 0.5857864394783974 0
      vertex 81.26878657191992 0.45397908985614777 6
    endloop
  endfacet
  facet normal 0.7409510994850822 -0.671558983390028 0
    outer loop
      vertex 81.4142135605216 0.5857864394783974 0
      vertex 81.54602091014385 0.7312134280800819 0
      vertex 81.4142135605216 0.5857864394783974 6
    endloop
  endfacet
  facet normal 0.8032075356003306 -0.5956992989376803 0
    outer loop
      vertex 81.54602091014385 0.7312134280800819 0
      vertex 81.66293922811747 0.8888595327734947 0
      vertex 81.54602091014385 0.7312134280800819 6
    endloop
  endfacet
  facet normal 0.8577286153979926 -0.5141027351876691 0
    outer loop
      vertex 81.66293922811747 0.8888595327734947 0
      vertex 81.76384253054857 1.0572065263986588 0
      vertex 81.66293922811747 0.8888595327734947 6
    endloop
  endfacet
  facet normal 0.9039892885496101 -0.42755510310083966 0
    outer loop
      vertex 81.76384253054857 1.0572065263986588 0
      vertex 81.84775906801224 1.234633132815361 0
      vertex 81.76384253054857 1.0572065263986588 6
    endloop
  endfacet
  facet normal 0.941544074839288 -0.33688982640476 0
    outer loop
      vertex 81.84775906801224 1.234633132815361 0
      vertex 81.91388066858053 1.4194306433200836 0
      vertex 81.84775906801224 1.234633132815361 6
    endloop
  endfacet
  facet normal 0.9700312492284539 -0.24298019573678303 0
    outer loop
      vertex 81.91388066858053 1.4194306433200836 0
      vertex 81.96157056093216 1.6098193526268005 0
      vertex 81.91388066858053 1.4194306433200836 6
    endloop
  endfacet
  facet normal 0.989176509724005 -0.14673047607854153 0
    outer loop
      vertex 81.96157056093216 1.6098193526268005 0
      vertex 81.99036945402622 1.8039657175540924 0
      vertex 81.96157056093216 1.6098193526268005 6
    endloop
  endfacet
  facet normal 0.9987954563973426 -0.049067670415704694 0
    outer loop
      vertex 81.99036945402622 1.8039657175540924 0
      vertex 82 2 0
      vertex 81.99036945402622 1.8039657175540924 6
    endloop
  endfacet
  facet normal 0 0 -1
    outer loop
      vertex 68.45397908985615 0.7312134280800819 0
      vertex 68.33706077188253 0.8888595327734947 0
      vertex 68.33706077188253 26.111140467226505 0
    endloop
  endfacet
  facet normal 0 0 -1
    outer loop
      vertex 68.45397908985615 0.7312134280800819 0
      vertex 68.45397908985615 26.268786571919918 0
      vertex 68.5857864394784 0.5857864394783974 0
    endloop
  endfacet
  facet normal 0 0 -1
    outer loop
      vertex 69.05720652639866 0.23615746945142746 0
      vertex 69.05720652639866 26.763842530548573 0
      vertex 69.23463313281536 0.15224093198776245 0
    endloop
  endfacet
  facet normal 0 0 -1
    outer loop
      vertex 68.73121342808008 0.45397908985614777 0
      vertex 68.5857864394784 0.5857864394783974 0
      vertex 68.5857864394784 26.414213560521603 0
    endloop
  endfacet
  facet normal 0 0 -1
    outer loop
      vertex 68.8888595327735 0.337060771882534 0
      vertex 68.73121342808008 0.45397908985614777 0
      vertex 68.73121342808008 26.546020910143852 0
    endloop
  endfacet
  facet normal 0 0 -1
    outer loop
      vertex 69.05720652639866 0.23615746945142746 0
      vertex 68.8888595327735 0.337060771882534 0
      vertex 68.8888595327735 26.662939228117466 0
    endloop
  endfacet
  facet normal 0 0 -1
    outer loop
      vertex 68.15224093198776 1.234633132815361 0
      vertex 68.15224093198776 25.76536686718464 0
      vertex 68.23615746945143 1.0572065263986588 0
    endloop
  endfacet
  facet normal 0 0 -1
    outer loop
      vertex 68.08611933141947 1.4194306433200836 0
      vertex 68.03842943906784 1.6098193526268005 0
      vertex 68.03842943906784 25.3901806473732 0
    endloop
  endfacet
  facet normal 0 0 -1
    outer loop
      vertex 68.15224093198776 1.234633132815361 0
      vertex 68.08611933141947 1.4194306433200836 0
      vertex 68.08611933141947 25.580569356679916 0
    endloop
  endfacet
  facet normal 0 0 -1
    outer loop
      vertex 68.33706077188253 0.8888595327734947 0
      vertex 68.23615746945143 1.0572065263986588 0
      vertex 68.23615746945143 25.94279347360134 0
    endloop
  endfacet
  facet normal 0 0 -1
    outer loop
      vertex 68.03842943906784 1.6098193526268005 0
      vertex 68.00963054597378 1.8039657175540924 0
      vertex 68.00963054597378 25.196034282445908 0
    endloop
  endfacet
  facet normal 0 0 -1
    outer loop
      vertex 68.00963054597378 1.8039657175540924 0
      vertex 68 2 0
      vertex 68 25 0
    endloop
  endfacet
  facet normal 0 0 -1
    outer loop
      vertex 69.41943064332008 0.08611933141946793 0
      vertex 69.23463313281536 0.15224093198776245 0
      vertex 69.23463313281536 26.847759068012238 0
    endloop
  endfacet
  facet normal 0 0 -1
    outer loop
      vertex 69.41943064332008 0.08611933141946793 0
      vertex 69.41943064332008 26.913880668580532 0
      vertex 69.6098193526268 0.038429439067840576 0
    endloop
  endfacet
  facet normal 0 0 -1
    outer loop
      vertex 69.6098193526268 0.038429439067840576 0
      vertex 69.6098193526268 26.96157056093216 0
      vertex 69.80396571755409 0.009630545973777771 0
    endloop
  endfacet
  facet normal 0 0 -1
    outer loop
      vertex 69.80396571755409 0.009630545973777771 0
      vertex 69.80396571755409 26.990369454026222 0
      vertex 70 0 0
    endloop
  endfacet
  facet normal 0 0 -1
    outer loop
      vertex 70 0 0
      vertex 70 27 0
      vertex 80 0 0
    endloop
  endfacet
  facet normal 0 0 -1
    outer loop
      vertex 80 0 0
      vertex 80 27 0
      vertex 80.19603428244591 0.009630545973777771 0
    endloop
  endfacet
  facet normal 0 0 -1
    outer loop
      vertex 80.19603428244591 0.009630545973777771 0
      vertex 80.19603428244591 26.990369454026222 0
      vertex 80.3901806473732 0.038429439067840576 0
    endloop
  endfacet
  facet normal 0 0 -1
    outer loop
      vertex 80.3901806473732 0.038429439067840576 0
      vertex 80.3901806473732 26.96157056093216 0
      vertex 80.58056935667992 0.08611933141946793 0
    endloop
  endfacet
  facet normal 0 0 -1
    outer loop
      vertex 80.58056935667992 0.08611933141946793 0
      vertex 80.58056935667992 26.913880668580532 0
      vertex 80.76536686718464 0.15224093198776245 0
    endloop
  endfacet
  facet normal 0 0 -1
    outer loop
      vertex 80.76536686718464 0.15224093198776245 0
      vertex 80.76536686718464 26.847759068012238 0
      vertex 80.94279347360134 0.23615746945142746 0
    endloop
  endfacet
  facet normal 0 0 -1
    outer loop
      vertex 80.94279347360134 0.23615746945142746 0
      vertex 80.94279347360134 26.763842530548573 0
      vertex 81.1111404672265 0.337060771882534 0
    endloop
  endfacet
  facet normal 0 0 -1
    outer loop
      vertex 81.1111404672265 0.337060771882534 0
      vertex 81.1111404672265 26.662939228117466 0
      vertex 81.26878657191992 0.45397908985614777 0
    endloop
  endfacet
  facet normal 0 0 -1
    outer loop
      vertex 81.26878657191992 0.45397908985614777 0
      vertex 81.26878657191992 26.546020910143852 0
      vertex 81.4142135605216 0.5857864394783974 0
    endloop
  endfacet
  facet normal 0 0 -1
    outer loop
      vertex 81.4142135605216 0.5857864394783974 0
      vertex 81.4142135605216 26.414213560521603 0
      vertex 81.54602091014385 0.7312134280800819 0
    endloop
  endfacet
  facet normal 0 0 -1
    outer loop
      vertex 81.54602091014385 0.7312134280800819 0
      vertex 81.54602091014385 26.268786571919918 0
      vertex 81.66293922811747 0.8888595327734947 0
    endloop
  endfacet
  facet normal 0 0 -1
    outer loop
      vertex 81.66293922811747 0.8888595327734947 0
      vertex 81.66293922811747 26.111140467226505 0
      vertex 81.76384253054857 1.0572065263986588 0
    endloop
  endfacet
  facet normal 0 0 -1
    outer loop
      vertex 81.76384253054857 1.0572065263986588 0
      vertex 81.76384253054857 25.94279347360134 0
      vertex 81.84775906801224 1.234633132815361 0
    endloop
  endfacet
  facet normal 0 0 -1
    outer loop
      vertex 81.84775906801224 1.234633132815361 0
      vertex 81.84775906801224 25.76536686718464 0
      vertex 81.91388066858053 1.4194306433200836 0
    endloop
  endfacet
  facet normal 0 0 -1
    outer loop
      vertex 81.91388066858053 1.4194306433200836 0
      vertex 81.91388066858053 25.580569356679916 0
      vertex 81.96157056093216 1.6098193526268005 0
    endloop
  endfacet
  facet normal 0 0 -1
    outer loop
      vertex 81.96157056093216 1.6098193526268005 0
      vertex 81.96157056093216 25.3901806473732 0
      vertex 81.99036945402622 1.8039657175540924 0
    endloop
  endfacet
  facet normal 0 0 -1
    outer loop
      vertex 81.99036945402622 1.8039657175540924 0
      vertex 81.99036945402622 25.196034282445908 0
      vertex 82 2 0
    endloop
  endfacet
  facet normal 1 0 0
    outer loop
      vertex 82 2 0
      vertex 82 25 0
      vertex 82 2 6
    endloop
  endfacet
  facet normal -0.42755510310083966 -0.9039892885496101 0
    outer loop
      vertex 69.23463313281536 0.15224093198776245 0
      vertex 69.23463313281536 0.15224093198776245 6
      vertex 69.05720652639866 0.23615746945142746 6
    endloop
  endfacet
  facet normal -0.5956992989376803 -0.8032075356003306 0
    outer loop
      vertex 68.8888595327735 0.337060771882534 0
      vertex 68.8888595327735 0.337060771882534 6
      vertex 68.73121342808008 0.45397908985614777 6
    endloop
  endfacet
  facet normal -0.5141027351876691 -0.8577286153979926 0
    outer loop
      vertex 69.05720652639866 0.23615746945142746 0
      vertex 69.05720652639866 0.23615746945142746 6
      vertex 68.8888595327735 0.337060771882534 6
    endloop
  endfacet
  facet normal -0.7409510994850822 -0.671558983390028 0
    outer loop
      vertex 68.5857864394784 0.5857864394783974 0
      vertex 68.5857864394784 0.5857864394783974 6
      vertex 68.45397908985615 0.7312134280800819 6
    endloop
  endfacet
  facet normal -0.8032075356003306 -0.5956992989376803 0
    outer loop
      vertex 68.45397908985615 0.7312134280800819 0
      vertex 68.45397908985615 0.7312134280800819 6
      vertex 68.33706077188253 0.8888595327734947 6
    endloop
  endfacet
  facet normal -0.671558983390028 -0.7409510994850822 0
    outer loop
      vertex 68.73121342808008 0.45397908985614777 0
      vertex 68.73121342808008 0.45397908985614777 6
      vertex 68.5857864394784 0.5857864394783974 6
    endloop
  endfacet
  facet normal -0.8577286153979926 -0.5141027351876691 0
    outer loop
      vertex 68.33706077188253 0.8888595327734947 0
      vertex 68.33706077188253 0.8888595327734947 6
      vertex 68.23615746945143 1.0572065263986588 6
    endloop
  endfacet
  facet normal -0.9039892885496101 -0.42755510310083966 0
    outer loop
      vertex 68.23615746945143 1.0572065263986588 0
      vertex 68.23615746945143 1.0572065263986588 6
      vertex 68.15224093198776 1.234633132815361 6
    endloop
  endfacet
  facet normal -0.941544074839288 -0.33688982640476 0
    outer loop
      vertex 68.15224093198776 1.234633132815361 0
      vertex 68.15224093198776 1.234633132815361 6
      vertex 68.08611933141947 1.4194306433200836 6
    endloop
  endfacet
  facet normal -0.9700312492284539 -0.24298019573678303 0
    outer loop
      vertex 68.08611933141947 1.4194306433200836 0
      vertex 68.08611933141947 1.4194306433200836 6
      vertex 68.03842943906784 1.6098193526268005 6
    endloop
  endfacet
  facet normal -0.989176509724005 -0.14673047607854153 0
    outer loop
      vertex 68.03842943906784 1.6098193526268005 0
      vertex 68.03842943906784 1.6098193526268005 6
      vertex 68.00963054597378 1.8039657175540924 6
    endloop
  endfacet
  facet normal -0.33688982640476 -0.941544074839288 0
    outer loop
      vertex 69.41943064332008 0.08611933141946793 0
      vertex 69.41943064332008 0.08611933141946793 6
      vertex 69.23463313281536 0.15224093198776245 6
    endloop
  endfacet
  facet normal -0.24298019573678303 -0.9700312492284539 0
    outer loop
      vertex 69.6098193526268 0.038429439067840576 0
      vertex 69.6098193526268 0.038429439067840576 6
      vertex 69.41943064332008 0.08611933141946793 6
    endloop
  endfacet
  facet normal -0.14673047607854153 -0.989176509724005 0
    outer loop
      vertex 69.80396571755409 0.009630545973777771 0
      vertex 69.80396571755409 0.009630545973777771 6
      vertex 69.6098193526268 0.038429439067840576 6
    endloop
  endfacet
  facet normal -0.049067670415704694 -0.9987954563973426 0
    outer loop
      vertex 70 0 0
      vertex 70 0 6
      vertex 69.80396571755409 0.009630545973777771 6
    endloop
  endfacet
  facet normal -0.9987954563973426 -0.049067670415704694 0
    outer loop
      vertex 68.00963054597378 1.8039657175540924 0
      vertex 68.00963054597378 1.8039657175540924 6
      vertex 68 2 6
    endloop
  endfacet
  facet normal 0 -1 0
    outer loop
      vertex 80 0 0
      vertex 80 0 6
      vertex 70 0 6
    endloop
  endfacet
  facet normal 0.049067670415704694 -0.9987954563973426 0
    outer loop
      vertex 80.19603428244591 0.009630545973777771 0
      vertex 80.19603428244591 0.009630545973777771 6
      vertex 80 0 6
    endloop
  endfacet
  facet normal 0.14673047607854153 -0.989176509724005 0
    outer loop
      vertex 80.3901806473732 0.038429439067840576 0
      vertex 80.3901806473732 0.038429439067840576 6
      vertex 80.19603428244591 0.009630545973777771 6
    endloop
  endfacet
  facet normal 0.24298019573678303 -0.9700312492284539 0
    outer loop
      vertex 80.58056935667992 0.08611933141946793 0
      vertex 80.58056935667992 0.08611933141946793 6
      vertex 80.3901806473732 0.038429439067840576 6
    endloop
  endfacet
  facet normal 0.33688982640476 -0.941544074839288 0
    outer loop
      vertex 80.76536686718464 0.15224093198776245 0
      vertex 80.76536686718464 0.15224093198776245 6
      vertex 80.58056935667992 0.08611933141946793 6
    endloop
  endfacet
  facet normal 0.42755510310083966 -0.9039892885496101 0
    outer loop
      vertex 80.94279347360134 0.23615746945142746 0
      vertex 80.94279347360134 0.23615746945142746 6
      vertex 80.76536686718464 0.15224093198776245 6
    endloop
  endfacet
  facet normal 0.5141027351876691 -0.8577286153979926 0
    outer loop
      vertex 81.1111404672265 0.337060771882534 0
      vertex 81.1111404672265 0.337060771882534 6
      vertex 80.94279347360134 0.23615746945142746 6
    endloop
  endfacet
  facet normal 0.5956992989376803 -0.8032075356003306 0
    outer loop
      vertex 81.26878657191992 0.45397908985614777 0
      vertex 81.26878657191992 0.45397908985614777 6
      vertex 81.1111404672265 0.337060771882534 6
    endloop
  endfacet
  facet normal 0.671558983390028 -0.7409510994850822 0
    outer loop
      vertex 81.4142135605216 0.5857864394783974 0
      vertex 81.4142135605216 0.5857864394783974 6
      vertex 81.26878657191992 0.45397908985614777 6
    endloop
  endfacet
  facet normal 0.7409510994850822 -0.671558983390028 0
    outer loop
      vertex 81.54602091014385 0.7312134280800819 0
      vertex 81.54602091014385 0.7312134280800819 6
      vertex 81.4142135605216 0.5857864394783974 6
    endloop
  endfacet
  facet normal 0.8032075356003306 -0.5956992989376803 0
    outer loop
      vertex 81.66293922811747 0.8888595327734947 0
      vertex 81.66293922811747 0.8888595327734947 6
      vertex 81.54602091014385 0.7312134280800819 6
    endloop
  endfacet
  facet normal 0.8577286153979926 -0.5141027351876691 0
    outer loop
      vertex 81.76384253054857 1.0572065263986588 0
      vertex 81.76384253054857 1.0572065263986588 6
      vertex 81.66293922811747 0.8888595327734947 6
    endloop
  endfacet
  facet normal 0.9039892885496101 -0.42755510310083966 0
    outer loop
      vertex 81.84775906801224 1.234633132815361 0
      vertex 81.84775906801224 1.234633132815361 6
      vertex 81.76384253054857 1.0572065263986588 6
    endloop
  endfacet
  facet normal 0.941544074839288 -0.33688982640476 0
    outer loop
      vertex 81.91388066858053 1.4194306433200836 0
      vertex 81.91388066858053 1.4194306433200836 6
      vertex 81.84775906801224 1.234633132815361 6
    endloop
  endfacet
  facet normal 0.9700312492284539 -0.24298019573678303 0
    outer loop
      vertex 81.96157056093216 1.6098193526268005 0
      vertex 81.96157056093216 1.6098193526268005 6
      vertex 81.91388066858053 1.4194306433200836 6
    endloop
  endfacet
  facet normal 0.989176509724005 -0.14673047607854153 0
    outer loop
      vertex 81.99036945402622 1.8039657175540924 0
      vertex 81.99036945402622 1.8039657175540924 6
      vertex 81.96157056093216 1.6098193526268005 6
    endloop
  endfacet
  facet normal 0.9987954563973426 -0.049067670415704694 0
    outer loop
      vertex 82 2 0
      vertex 82 2 6
      vertex 81.99036945402622 1.8039657175540924 6
    endloop
  endfacet
  facet normal 0 0 1
    outer loop
      vertex 70 0 6
      vertex 80 0 6
      vertex 75.6314276634024 3.4755987713563767 6
    endloop
  endfacet
  facet normal 0 0 1
    outer loop
      vertex 70 0 6
      vertex 74.52103028253013 3.4210484460418558 6
      vertex 74.3685723365976 3.4755987713563767 6
    endloop
  endfacet
  facet normal 0 0 1
    outer loop
      vertex 70 0 6
      vertex 74.08330911551765 3.6280751397008 6
      vertex 73.95325108112999 3.724532751951484 6
    endloop
  endfacet
  facet normal 0 0 1
    outer loop
      vertex 70 0 6
      vertex 73.95325108112999 3.724532751951484 6
      vertex 73.8332738110422 3.8332738110421967 6
    endloop
  endfacet
  facet normal 0 0 1
    outer loop
      vertex 70 0 6
      vertex 74.3685723365976 3.4755987713563767 6
      vertex 74.2221953842371 3.544829913825214 6
    endloop
  endfacet
  facet normal 0 0 1
    outer loop
      vertex 70 0 6
      vertex 74.2221953842371 3.544829913825214 6
      vertex 74.08330911551765 3.6280751397008 6
    endloop
  endfacet
  facet normal 0 0 1
    outer loop
      vertex 70 0 6
      vertex 74.83827171845623 3.3579452009908755 6
      vertex 74.67810096867339 3.38170428733467 6
    endloop
  endfacet
  facet normal 0 0 1
    outer loop
      vertex 70 0 6
      vertex 74.67810096867339 3.38170428733467 6
      vertex 74.52103028253013 3.4210484460418558 6
    endloop
  endfacet
  facet normal 0 0 1
    outer loop
      vertex 70 0 6
      vertex 75 3.35 6
      vertex 74.83827171845623 3.3579452009908755 6
    endloop
  endfacet
  facet normal 0 0 1
    outer loop
      vertex 70 0 6
      vertex 75.16172828154377 3.3579452009908755 6
      vertex 75 3.35 6
    endloop
  endfacet
  facet normal 0 0 1
    outer loop
      vertex 70 0 6
      vertex 75.32189903132661 3.38170428733467 6
      vertex 75.16172828154377 3.3579452009908755 6
    endloop
  endfacet
  facet normal 0 0 1
    outer loop
      vertex 70 0 6
      vertex 75.47896971746987 3.4210484460418558 6
      vertex 75.32189903132661 3.38170428733467 6
    endloop
  endfacet
  facet normal 0 0 1
    outer loop
      vertex 70 0 6
      vertex 75.6314276634024 3.4755987713563767 6
      vertex 75.47896971746987 3.4210484460418558 6
    endloop
  endfacet
  facet normal 0 0 1
    outer loop
      vertex 70 0 6
      vertex 73.54482991382521 4.222195384237104 6
      vertex 73.47559877135637 4.368572336597602 6
    endloop
  endfacet
  facet normal 0 0 1
    outer loop
      vertex 70 0 6
      vertex 73.8332738110422 3.8332738110421967 6
      vertex 73.72453275195149 3.9532510811299852 6
    endloop
  endfacet
  facet normal 0 0 1
    outer loop
      vertex 70 0 6
      vertex 73.72453275195149 3.9532510811299852 6
      vertex 73.6280751397008 4.083309115517657 6
    endloop
  endfacet
  facet normal 0 0 1
    outer loop
      vertex 70 0 6
      vertex 73.6280751397008 4.083309115517657 6
      vertex 73.54482991382521 4.222195384237104 6
    endloop
  endfacet
  facet normal 0 0 1
    outer loop
      vertex 70 0 6
      vertex 73.47559877135637 4.368572336597602 6
      vertex 73.42104844604185 4.521030282530138 6
    endloop
  endfacet
  facet normal 0 0 1
    outer loop
      vertex 70 0 6
      vertex 73.42104844604185 4.521030282530138 6
      vertex 73.38170428733467 4.678100968673388 6
    endloop
  endfacet
  facet normal 0 0 1
    outer loop
      vertex 70 0 6
      vertex 73.38170428733467 4.678100968673388 6
      vertex 73.35794520099087 4.838271718456225 6
    endloop
  endfacet
  facet normal 0 0 1
    outer loop
      vertex 70 0 6
      vertex 73.35794520099087 4.838271718456225 6
      vertex 73.35 5 6
    endloop
  endfacet
  facet normal 0 0 1
    outer loop
      vertex 80 0 6
      vertex 75.7778046157629 3.544829913825214 6
      vertex 75.6314276634024 3.4755987713563767 6
    endloop
  endfacet
  facet normal 0 0 1
    outer loop
      vertex 80 0 6
      vertex 75.91669088448235 3.6280751397008 6
      vertex 75.7778046157629 3.544829913825214 6
    endloop
  endfacet
  facet normal 0 0 1
    outer loop
      vertex 80 0 6
      vertex 76.04674891887001 3.724532751951484 6
      vertex 75.91669088448235 3.6280751397008 6
    endloop
  endfacet
  facet normal 0 0 1
    outer loop
      vertex 80 0 6
      vertex 76.1667261889578 3.8332738110421967 6
      vertex 76.04674891887001 3.724532751951484 6
    endloop
  endfacet
  facet normal 0 0 1
    outer loop
      vertex 80 0 6
      vertex 76.27546724804851 3.9532510811299852 6
      vertex 76.1667261889578 3.8332738110421967 6
    endloop
  endfacet
  facet normal 0 0 1
    outer loop
      vertex 80 0 6
      vertex 76.3719248602992 4.083309115517657 6
      vertex 76.27546724804851 3.9532510811299852 6
    endloop
  endfacet
  facet normal 0 0 1
    outer loop
      vertex 80 0 6
      vertex 76.45517008617479 4.222195384237104 6
      vertex 76.3719248602992 4.083309115517657 6
    endloop
  endfacet
  facet normal 0 0 1
    outer loop
      vertex 80 0 6
      vertex 76.52440122864363 4.368572336597602 6
      vertex 76.45517008617479 4.222195384237104 6
    endloop
  endfacet
  facet normal 0 0 1
    outer loop
      vertex 80 0 6
      vertex 76.57895155395815 4.521030282530138 6
      vertex 76.52440122864363 4.368572336597602 6
    endloop
  endfacet
  facet normal 0 0 1
    outer loop
      vertex 80 0 6
      vertex 76.61829571266533 4.678100968673388 6
      vertex 76.57895155395815 4.521030282530138 6
    endloop
  endfacet
  facet normal 0 0 1
    outer loop
      vertex 80 0 6
      vertex 76.64205479900913 4.838271718456225 6
      vertex 76.61829571266533 4.678100968673388 6
    endloop
  endfacet
  facet normal 0 0 1
    outer loop
      vertex 80 0 6
      vertex 76.65 5 6
      vertex 76.64205479900913 4.838271718456225 6
    endloop
  endfacet
  facet normal 0 0 1
    outer loop
      vertex 70 0 6
      vertex 73.35 5 6
      vertex 73.35794520099087 5.161728281543775 6
    endloop
  endfacet
  facet normal 0 0 1
    outer loop
      vertex 70 0 6
      vertex 73.35794520099087 5.161728281543775 6
      vertex 73.3 13 6
    endloop
  endfacet
  facet normal 0 0 1
    outer loop
      vertex 80 0 6
      vertex 76.64205479900913 5.161728281543775 6
      vertex 76.65 5 6
    endloop
  endfacet
  facet normal 0 0 1
    outer loop
      vertex 80 0 6
      vertex 75.8013744526042 11.500733850607796 6
      vertex 76.64205479900913 5.161728281543775 6
    endloop
  endfacet
  facet normal -1 0 0
    outer loop
      vertex 68 2 0
      vertex 68 2 6
      vertex 68 25 6
    endloop
  endfacet
  facet normal 0 0 1
    outer loop
      vertex 68.45397908985615 0.7312134280800819 6
      vertex 68.33706077188253 26.111140467226505 6
      vertex 68.33706077188253 0.8888595327734947 6
    endloop
  endfacet
  facet normal 0 0 1
    outer loop
      vertex 68.45397908985615 0.7312134280800819 6
      vertex 68.5857864394784 0.5857864394783974 6
      vertex 68.45397908985615 26.268786571919918 6
    endloop
  endfacet
  facet normal 0 0 1
    outer loop
      vertex 69.05720652639866 0.23615746945142746 6
      vertex 69.23463313281536 0.15224093198776245 6
      vertex 69.05720652639866 26.763842530548573 6
    endloop
  endfacet
  facet normal 0 0 1
    outer loop
      vertex 68.73121342808008 0.45397908985614777 6
      vertex 68.5857864394784 26.414213560521603 6
      vertex 68.5857864394784 0.5857864394783974 6
    endloop
  endfacet
  facet normal 0 0 1
    outer loop
      vertex 68.8888595327735 0.337060771882534 6
      vertex 68.73121342808008 26.546020910143852 6
      vertex 68.73121342808008 0.45397908985614777 6
    endloop
  endfacet
  facet normal 0 0 1
    outer loop
      vertex 69.05720652639866 0.23615746945142746 6
      vertex 68.8888595327735 26.662939228117466 6
      vertex 68.8888595327735 0.337060771882534 6
    endloop
  endfacet
  facet normal 0 0 1
    outer loop
      vertex 68.15224093198776 1.234633132815361 6
      vertex 68.23615746945143 1.0572065263986588 6
      vertex 68.15224093198776 25.76536686718464 6
    endloop
  endfacet
  facet normal 0 0 1
    outer loop
      vertex 68.08611933141947 1.4194306433200836 6
      vertex 68.03842943906784 25.3901806473732 6
      vertex 68.03842943906784 1.6098193526268005 6
    endloop
  endfacet
  facet normal 0 0 1
    outer loop
      vertex 68.15224093198776 1.234633132815361 6
      vertex 68.08611933141947 25.580569356679916 6
      vertex 68.08611933141947 1.4194306433200836 6
    endloop
  endfacet
  facet normal 0 0 1
    outer loop
      vertex 68.33706077188253 0.8888595327734947 6
      vertex 68.23615746945143 25.94279347360134 6
      vertex 68.23615746945143 1.0572065263986588 6
    endloop
  endfacet
  facet normal 0 0 1
    outer loop
      vertex 68.03842943906784 1.6098193526268005 6
      vertex 68.00963054597378 25.196034282445908 6
      vertex 68.00963054597378 1.8039657175540924 6
    endloop
  endfacet
  facet normal 0 0 1
    outer loop
      vertex 68.00963054597378 1.8039657175540924 6
      vertex 68 25 6
      vertex 68 2 6
    endloop
  endfacet
  facet normal 0 0 1
    outer loop
      vertex 69.41943064332008 0.08611933141946793 6
      vertex 69.23463313281536 26.847759068012238 6
      vertex 69.23463313281536 0.15224093198776245 6
    endloop
  endfacet
  facet normal 0 0 1
    outer loop
      vertex 69.41943064332008 0.08611933141946793 6
      vertex 69.6098193526268 0.038429439067840576 6
      vertex 69.41943064332008 26.913880668580532 6
    endloop
  endfacet
  facet normal 0 0 1
    outer loop
      vertex 69.6098193526268 0.038429439067840576 6
      vertex 69.80396571755409 0.009630545973777771 6
      vertex 69.6098193526268 26.96157056093216 6
    endloop
  endfacet
  facet normal 0 0 1
    outer loop
      vertex 69.80396571755409 0.009630545973777771 6
      vertex 70 0 6
      vertex 69.80396571755409 26.990369454026222 6
    endloop
  endfacet
  facet normal 0 0 1
    outer loop
      vertex 70 0 6
      vertex 73.3326650233145 13.331653547427418 6
      vertex 70 27 6
    endloop
  endfacet
  facet normal 0 0 1
    outer loop
      vertex 73.35794520099087 5.161728281543775 6
      vertex 73.38170428733467 5.321899031326612 6
      vertex 73.30818596465727 12.833370861439747 6
    endloop
  endfacet
  facet normal 0 0 1
    outer loop
      vertex 73.38170428733467 5.321899031326612 6
      vertex 73.42104844604185 5.478969717469862 6
      vertex 73.3326650233145 12.668346452572582 6
    endloop
  endfacet
  facet normal 0 0 1
    outer loop
      vertex 73.42104844604185 5.478969717469862 6
      vertex 73.47559877135637 5.631427663402398 6
      vertex 73.37320142925525 12.506516048667415 6
    endloop
  endfacet
  facet normal 0 0 1
    outer loop
      vertex 73.47559877135637 5.631427663402398 6
      vertex 73.54482991382521 5.777804615762896 6
      vertex 73.5007338506078 12.198625547395803 6
    endloop
  endfacet
  facet normal 0 0 1
    outer loop
      vertex 73.54482991382521 5.777804615762896 6
      vertex 73.6280751397008 5.916690884482343 6
      vertex 73.58650165908567 12.055530603866677 6
    endloop
  endfacet
  facet normal 0 0 1
    outer loop
      vertex 73.6280751397008 5.916690884482343 6
      vertex 73.72453275195149 6.046748918870015 6
      vertex 73.68588222928335 11.921531416921802 6
    endloop
  endfacet
  facet normal 0 0 1
    outer loop
      vertex 73.72453275195149 6.046748918870015 6
      vertex 73.8332738110422 6.166726188957803 6
      vertex 73.79791847198287 11.79791847198287 6
    endloop
  endfacet
  facet normal 0 0 1
    outer loop
      vertex 73.8332738110422 6.166726188957803 6
      vertex 73.95325108112999 6.275467248048516 6
      vertex 73.79791847198287 11.79791847198287 6
    endloop
  endfacet
  facet normal 0 0 1
    outer loop
      vertex 73.95325108112999 6.275467248048516 6
      vertex 74.08330911551765 6.3719248602992 6
      vertex 73.92153141692181 11.685882229283347 6
    endloop
  endfacet
  facet normal 0 0 1
    outer loop
      vertex 74.08330911551765 6.3719248602992 6
      vertex 74.2221953842371 6.455170086174785 6
      vertex 74.05553060386667 11.586501659085673 6
    endloop
  endfacet
  facet normal 0 0 1
    outer loop
      vertex 74.2221953842371 6.455170086174785 6
      vertex 74.3685723365976 6.524401228643623 6
      vertex 74.1986255473958 11.500733850607796 6
    endloop
  endfacet
  facet normal 0 0 1
    outer loop
      vertex 76.64205479900913 5.161728281543775 6
      vertex 75.8013744526042 11.500733850607796 6
      vertex 76.61829571266533 5.321899031326612 6
    endloop
  endfacet
  facet normal 0 0 1
    outer loop
      vertex 76.61829571266533 5.321899031326612 6
      vertex 75.8013744526042 11.500733850607796 6
      vertex 76.57895155395815 5.478969717469862 6
    endloop
  endfacet
  facet normal 0 0 1
    outer loop
      vertex 76.57895155395815 5.478969717469862 6
      vertex 75.8013744526042 11.500733850607796 6
      vertex 76.52440122864363 5.631427663402398 6
    endloop
  endfacet
  facet normal 0 0 1
    outer loop
      vertex 74.3685723365976 6.524401228643623 6
      vertex 74.52103028253013 6.578951553958144 6
      vertex 74.34943816497935 11.429404794730813 6
    endloop
  endfacet
  facet normal 0 0 1
    outer loop
      vertex 74.52103028253013 6.578951553958144 6
      vertex 74.67810096867339 6.61829571266533 6
      vertex 74.50651604866741 11.373201429255245 6
    endloop
  endfacet
  facet normal 0 0 1
    outer loop
      vertex 74.67810096867339 6.61829571266533 6
      vertex 74.83827171845623 6.6420547990091245 6
      vertex 74.66834645257258 11.332665023314508 6
    endloop
  endfacet
  facet normal 0 0 1
    outer loop
      vertex 74.83827171845623 6.6420547990091245 6
      vertex 75 6.65 6
      vertex 74.83337086143975 11.308185964657266 6
    endloop
  endfacet
  facet normal 0 0 1
    outer loop
      vertex 75.16172828154377 6.6420547990091245 6
      vertex 75 11.3 6
      vertex 75 6.65 6
    endloop
  endfacet
  facet normal 0 0 1
    outer loop
      vertex 75.16172828154377 6.6420547990091245 6
      vertex 75.32189903132661 6.61829571266533 6
      vertex 75.16662913856025 11.308185964657266 6
    endloop
  endfacet
  facet normal 0 0 1
    outer loop
      vertex 75.32189903132661 6.61829571266533 6
      vertex 75.47896971746987 6.578951553958144 6
      vertex 75.33165354742742 11.332665023314508 6
    endloop
  endfacet
  facet normal 0 0 1
    outer loop
      vertex 75.47896971746987 6.578951553958144 6
      vertex 75.6314276634024 6.524401228643623 6
      vertex 75.49348395133259 11.373201429255245 6
    endloop
  endfacet
  facet normal 0 0 1
    outer loop
      vertex 76.45517008617479 5.777804615762896 6
      vertex 75.8013744526042 11.500733850607796 6
      vertex 76.3719248602992 5.916690884482343 6
    endloop
  endfacet
  facet normal 0 0 1
    outer loop
      vertex 76.3719248602992 5.916690884482343 6
      vertex 75.8013744526042 11.500733850607796 6
      vertex 76.27546724804851 6.046748918870015 6
    endloop
  endfacet
  facet normal 0 0 1
    outer loop
      vertex 76.1667261889578 6.166726188957803 6
      vertex 76.27546724804851 6.046748918870015 6
      vertex 75.8013744526042 11.500733850607796 6
    endloop
  endfacet
  facet normal 0 0 1
    outer loop
      vertex 76.1667261889578 6.166726188957803 6
      vertex 75.8013744526042 11.500733850607796 6
      vertex 76.04674891887001 6.275467248048516 6
    endloop
  endfacet
  facet normal 0 0 1
    outer loop
      vertex 76.52440122864363 5.631427663402398 6
      vertex 75.8013744526042 11.500733850607796 6
      vertex 76.45517008617479 5.777804615762896 6
    endloop
  endfacet
  facet normal 0 0 1
    outer loop
      vertex 75.7778046157629 6.455170086174785 6
      vertex 75.91669088448235 6.3719248602992 6
      vertex 75.8013744526042 11.500733850607796 6
    endloop
  endfacet
  facet normal 0 0 1
    outer loop
      vertex 75.6314276634024 6.524401228643623 6
      vertex 75.7778046157629 6.455170086174785 6
      vertex 75.65056183502065 11.429404794730813 6
    endloop
  endfacet
  facet normal 0 0 1
    outer loop
      vertex 76.04674891887001 6.275467248048516 6
      vertex 75.8013744526042 11.500733850607796 6
      vertex 75.91669088448235 6.3719248602992 6
    endloop
  endfacet
  facet normal 0 0 1
    outer loop
      vertex 70 0 6
      vertex 73.3 13 6
      vertex 73.30818596465727 13.166629138560253 6
    endloop
  endfacet
  facet normal 0 0 1
    outer loop
      vertex 70 0 6
      vertex 73.30818596465727 13.166629138560253 6
      vertex 73.3326650233145 13.331653547427418 6
    endloop
  endfacet
  facet normal 0 0 1
    outer loop
      vertex 73.6280751397008 5.916690884482343 6
      vertex 73.68588222928335 11.921531416921802 6
      vertex 73.58650165908567 12.055530603866677 6
    endloop
  endfacet
  facet normal 0 0 1
    outer loop
      vertex 73.54482991382521 5.777804615762896 6
      vertex 73.58650165908567 12.055530603866677 6
      vertex 73.5007338506078 12.198625547395803 6
    endloop
  endfacet
  facet normal 0 0 1
    outer loop
      vertex 73.47559877135637 5.631427663402398 6
      vertex 73.5007338506078 12.198625547395803 6
      vertex 73.42940479473081 12.349438164979347 6
    endloop
  endfacet
  facet normal 0 0 1
    outer loop
      vertex 74.08330911551765 6.3719248602992 6
      vertex 74.05553060386667 11.586501659085673 6
      vertex 73.92153141692181 11.685882229283347 6
    endloop
  endfacet
  facet normal 0 0 1
    outer loop
      vertex 74.2221953842371 6.455170086174785 6
      vertex 74.1986255473958 11.500733850607796 6
      vertex 74.05553060386667 11.586501659085673 6
    endloop
  endfacet
  facet normal 0 0 1
    outer loop
      vertex 74.3685723365976 6.524401228643623 6
      vertex 74.34943816497935 11.429404794730813 6
      vertex 74.1986255473958 11.500733850607796 6
    endloop
  endfacet
  facet normal 0 0 1
    outer loop
      vertex 73.72453275195149 6.046748918870015 6
      vertex 73.79791847198287 11.79791847198287 6
      vertex 73.68588222928335 11.921531416921802 6
    endloop
  endfacet
  facet normal 0 0 1
    outer loop
      vertex 73.95325108112999 6.275467248048516 6
      vertex 73.92153141692181 11.685882229283347 6
      vertex 73.79791847198287 11.79791847198287 6
    endloop
  endfacet
  facet normal 0 0 1
    outer loop
      vertex 74.52103028253013 6.578951553958144 6
      vertex 74.50651604866741 11.373201429255245 6
      vertex 74.34943816497935 11.429404794730813 6
    endloop
  endfacet
  facet normal 0 0 1
    outer loop
      vertex 74.67810096867339 6.61829571266533 6
      vertex 74.66834645257258 11.332665023314508 6
      vertex 74.50651604866741 11.373201429255245 6
    endloop
  endfacet
  facet normal 0 0 1
    outer loop
      vertex 74.83827171845623 6.6420547990091245 6
      vertex 74.83337086143975 11.308185964657266 6
      vertex 74.66834645257258 11.332665023314508 6
    endloop
  endfacet
  facet normal 0 0 1
    outer loop
      vertex 75 6.65 6
      vertex 75 11.3 6
      vertex 74.83337086143975 11.308185964657266 6
    endloop
  endfacet
  facet normal 0 0 1
    outer loop
      vertex 75.16172828154377 6.6420547990091245 6
      vertex 75.16662913856025 11.308185964657266 6
      vertex 75 11.3 6
    endloop
  endfacet
  facet normal 0 0 1
    outer loop
      vertex 75.32189903132661 6.61829571266533 6
      vertex 75.33165354742742 11.332665023314508 6
      vertex 75.16662913856025 11.308185964657266 6
    endloop
  endfacet
  facet normal 0 0 1
    outer loop
      vertex 75.47896971746987 6.578951553958144 6
      vertex 75.49348395133259 11.373201429255245 6
      vertex 75.33165354742742 11.332665023314508 6
    endloop
  endfacet
  facet normal 0 0 1
    outer loop
      vertex 75.6314276634024 6.524401228643623 6
      vertex 75.65056183502065 11.429404794730813 6
      vertex 75.49348395133259 11.373201429255245 6
    endloop
  endfacet
  facet normal 0 0 1
    outer loop
      vertex 75.7778046157629 6.455170086174785 6
      vertex 75.8013744526042 11.500733850607796 6
      vertex 75.65056183502065 11.429404794730813 6
    endloop
  endfacet
  facet normal 0 0 1
    outer loop
      vertex 80 0 6
      vertex 75.94446939613333 11.586501659085673 6
      vertex 75.8013744526042 11.500733850607796 6
    endloop
  endfacet
  facet normal 0 0 1
    outer loop
      vertex 80 0 6
      vertex 76.0784685830782 11.685882229283347 6
      vertex 75.94446939613333 11.586501659085673 6
    endloop
  endfacet
  facet normal 0 0 1
    outer loop
      vertex 80 0 6
      vertex 76.20208152801713 11.79791847198287 6
      vertex 76.0784685830782 11.685882229283347 6
    endloop
  endfacet
  facet normal 0 0 1
    outer loop
      vertex 80 0 6
      vertex 76.31411777071665 11.921531416921802 6
      vertex 76.20208152801713 11.79791847198287 6
    endloop
  endfacet
  facet normal 0 0 1
    outer loop
      vertex 80 0 6
      vertex 76.41349834091433 12.055530603866677 6
      vertex 76.31411777071665 11.921531416921802 6
    endloop
  endfacet
  facet normal 0 0 1
    outer loop
      vertex 80 0 6
      vertex 76.4992661493922 12.198625547395803 6
      vertex 76.41349834091433 12.055530603866677 6
    endloop
  endfacet
  facet normal 0 0 1
    outer loop
      vertex 80 0 6
      vertex 76.57059520526919 12.349438164979347 6
      vertex 76.4992661493922 12.198625547395803 6
    endloop
  endfacet
  facet normal 0 0 1
    outer loop
      vertex 80 0 6
      vertex 76.62679857074475 12.506516048667415 6
      vertex 76.57059520526919 12.349438164979347 6
    endloop
  endfacet
  facet normal 0 0 1
    outer loop
      vertex 80 0 6
      vertex 76.6673349766855 12.668346452572582 6
      vertex 76.62679857074475 12.506516048667415 6
    endloop
  endfacet
  facet normal 0 0 1
    outer loop
      vertex 80 0 6
      vertex 76.69181403534273 12.833370861439747 6
      vertex 76.6673349766855 12.668346452572582 6
    endloop
  endfacet
  facet normal 0 0 1
    outer loop
      vertex 80 0 6
      vertex 76.7 13 6
      vertex 76.69181403534273 12.833370861439747 6
    endloop
  endfacet
  facet normal 0 0 1
    outer loop
      vertex 80 0 6
      vertex 76.69181403534273 13.166629138560253 6
      vertex 76.7 13 6
    endloop
  endfacet
  facet normal 0 0 1
    outer loop
      vertex 80 0 6
      vertex 76.6673349766855 13.331653547427418 6
      vertex 76.69181403534273 13.166629138560253 6
    endloop
  endfacet
  facet normal 0 0 1
    outer loop
      vertex 80 0 6
      vertex 80.19603428244591 0.009630545973777771 6
      vertex 80 27 6
    endloop
  endfacet
  facet normal 0 0 1
    outer loop
      vertex 80.19603428244591 0.009630545973777771 6
      vertex 80.3901806473732 0.038429439067840576 6
      vertex 80.19603428244591 26.990369454026222 6
    endloop
  endfacet
  facet normal 0 0 1
    outer loop
      vertex 80.3901806473732 0.038429439067840576 6
      vertex 80.58056935667992 0.08611933141946793 6
      vertex 80.3901806473732 26.96157056093216 6
    endloop
  endfacet
  facet normal 0 0 1
    outer loop
      vertex 80.58056935667992 0.08611933141946793 6
      vertex 80.76536686718464 0.15224093198776245 6
      vertex 80.58056935667992 26.913880668580532 6
    endloop
  endfacet
  facet normal 0 0 1
    outer loop
      vertex 80.76536686718464 0.15224093198776245 6
      vertex 80.94279347360134 0.23615746945142746 6
      vertex 80.76536686718464 26.847759068012238 6
    endloop
  endfacet
  facet normal 0 0 1
    outer loop
      vertex 80.94279347360134 0.23615746945142746 6
      vertex 81.1111404672265 0.337060771882534 6
      vertex 80.94279347360134 26.763842530548573 6
    endloop
  endfacet
  facet normal 0 0 1
    outer loop
      vertex 81.1111404672265 0.337060771882534 6
      vertex 81.26878657191992 0.45397908985614777 6
      vertex 81.1111404672265 26.662939228117466 6
    endloop
  endfacet
  facet normal 0 0 1
    outer loop
      vertex 81.26878657191992 0.45397908985614777 6
      vertex 81.4142135605216 0.5857864394783974 6
      vertex 81.26878657191992 26.546020910143852 6
    endloop
  endfacet
  facet normal 0 0 1
    outer loop
      vertex 81.4142135605216 0.5857864394783974 6
      vertex 81.54602091014385 0.7312134280800819 6
      vertex 81.4142135605216 26.414213560521603 6
    endloop
  endfacet
  facet normal 0 0 1
    outer loop
      vertex 81.54602091014385 0.7312134280800819 6
      vertex 81.66293922811747 0.8888595327734947 6
      vertex 81.54602091014385 26.268786571919918 6
    endloop
  endfacet
  facet normal 0 0 1
    outer loop
      vertex 81.66293922811747 0.8888595327734947 6
      vertex 81.76384253054857 1.0572065263986588 6
      vertex 81.66293922811747 26.111140467226505 6
    endloop
  endfacet
  facet normal 0 0 1
    outer loop
      vertex 81.76384253054857 1.0572065263986588 6
      vertex 81.84775906801224 1.234633132815361 6
      vertex 81.76384253054857 25.94279347360134 6
    endloop
  endfacet
  facet normal 0 0 1
    outer loop
      vertex 81.84775906801224 1.234633132815361 6
      vertex 81.91388066858053 1.4194306433200836 6
      vertex 81.84775906801224 25.76536686718464 6
    endloop
  endfacet
  facet normal 0 0 1
    outer loop
      vertex 81.91388066858053 1.4194306433200836 6
      vertex 81.96157056093216 1.6098193526268005 6
      vertex 81.91388066858053 25.580569356679916 6
    endloop
  endfacet
  facet normal 0 0 1
    outer loop
      vertex 81.96157056093216 1.6098193526268005 6
      vertex 81.99036945402622 1.8039657175540924 6
      vertex 81.96157056093216 25.3901806473732 6
    endloop
  endfacet
  facet normal 0 0 1
    outer loop
      vertex 81.99036945402622 1.8039657175540924 6
      vertex 82 2 6
      vertex 81.99036945402622 25.196034282445908 6
    endloop
  endfacet
  facet normal 0 0 1
    outer loop
      vertex 73.38170428733467 5.321899031326612 6
      vertex 73.3326650233145 12.668346452572582 6
      vertex 73.30818596465727 12.833370861439747 6
    endloop
  endfacet
  facet normal 0 0 1
    outer loop
      vertex 73.35794520099087 5.161728281543775 6
      vertex 73.30818596465727 12.833370861439747 6
      vertex 73.3 13 6
    endloop
  endfacet
  facet normal 0 0 1
    outer loop
      vertex 73.47559877135637 5.631427663402398 6
      vertex 73.42940479473081 12.349438164979347 6
      vertex 73.37320142925525 12.506516048667415 6
    endloop
  endfacet
  facet normal 0 0 1
    outer loop
      vertex 73.42104844604185 5.478969717469862 6
      vertex 73.37320142925525 12.506516048667415 6
      vertex 73.3326650233145 12.668346452572582 6
    endloop
  endfacet
  facet normal 0 0 1
    outer loop
      vertex 80 0 6
      vertex 75.34140806352822 19.283625759294345 6
      vertex 76.6673349766855 13.331653547427418 6
    endloop
  endfacet
  facet normal 0 0 1
    outer loop
      vertex 80 0 6
      vertex 75.5079981851953 19.325354412468634 6
      vertex 75.34140806352822 19.283625759294345 6
    endloop
  endfacet
  facet normal 0 0 1
    outer loop
      vertex 80 0 6
      vertex 75.6696960066389 19.383210818105248 6
      vertex 75.5079981851953 19.325354412468634 6
    endloop
  endfacet
  facet normal 0 0 1
    outer loop
      vertex 80 0 6
      vertex 75.8249442894455 19.456637787390378 6
      vertex 75.6696960066389 19.383210818105248 6
    endloop
  endfacet
  facet normal 0 0 1
    outer loop
      vertex 80 0 6
      vertex 75.97224790778431 19.544928178470546 6
      vertex 75.8249442894455 19.456637787390378 6
    endloop
  endfacet
  facet normal 0 0 1
    outer loop
      vertex 80 0 6
      vertex 76.11018824728637 19.64723170661521 6
      vertex 75.97224790778431 19.544928178470546 6
    endloop
  endfacet
  facet normal 0 0 1
    outer loop
      vertex 80 0 6
      vertex 76.23743686707645 19.762563132923542 6
      vertex 76.11018824728637 19.64723170661521 6
    endloop
  endfacet
  facet normal 0 0 1
    outer loop
      vertex 80 0 6
      vertex 76.35276829338478 19.88981175271362 6
      vertex 76.23743686707645 19.762563132923542 6
    endloop
  endfacet
  facet normal 0 0 1
    outer loop
      vertex 80 0 6
      vertex 76.45507182152946 20.027752092215696 6
      vertex 76.35276829338478 19.88981175271362 6
    endloop
  endfacet
  facet normal 0 0 1
    outer loop
      vertex 80 0 6
      vertex 76.54336221260962 20.175055710554503 6
      vertex 76.45507182152946 20.027752092215696 6
    endloop
  endfacet
  facet normal 0 0 -1
    outer loop
      vertex 68.00963054597378 1.8039657175540924 0
      vertex 68 25 0
      vertex 68.00963054597378 25.196034282445908 0
    endloop
  endfacet
  facet normal 0 0 -1
    outer loop
      vertex 68.03842943906784 1.6098193526268005 0
      vertex 68.00963054597378 25.196034282445908 0
      vertex 68.03842943906784 25.3901806473732 0
    endloop
  endfacet
  facet normal 0 0 -1
    outer loop
      vertex 68.08611933141947 1.4194306433200836 0
      vertex 68.03842943906784 25.3901806473732 0
      vertex 68.08611933141947 25.580569356679916 0
    endloop
  endfacet
  facet normal 0 0 -1
    outer loop
      vertex 68.15224093198776 1.234633132815361 0
      vertex 68.08611933141947 25.580569356679916 0
      vertex 68.15224093198776 25.76536686718464 0
    endloop
  endfacet
  facet normal 0 0 -1
    outer loop
      vertex 68.23615746945143 1.0572065263986588 0
      vertex 68.15224093198776 25.76536686718464 0
      vertex 68.23615746945143 25.94279347360134 0
    endloop
  endfacet
  facet normal 0 0 -1
    outer loop
      vertex 68.33706077188253 0.8888595327734947 0
      vertex 68.23615746945143 25.94279347360134 0
      vertex 68.33706077188253 26.111140467226505 0
    endloop
  endfacet
  facet normal 0 0 -1
    outer loop
      vertex 68.45397908985615 0.7312134280800819 0
      vertex 68.33706077188253 26.111140467226505 0
      vertex 68.45397908985615 26.268786571919918 0
    endloop
  endfacet
  facet normal 0 0 -1
    outer loop
      vertex 68.5857864394784 0.5857864394783974 0
      vertex 68.45397908985615 26.268786571919918 0
      vertex 68.5857864394784 26.414213560521603 0
    endloop
  endfacet
  facet normal 0 0 -1
    outer loop
      vertex 68.73121342808008 0.45397908985614777 0
      vertex 68.5857864394784 26.414213560521603 0
      vertex 68.73121342808008 26.546020910143852 0
    endloop
  endfacet
  facet normal 0 0 -1
    outer loop
      vertex 68.8888595327735 0.337060771882534 0
      vertex 68.73121342808008 26.546020910143852 0
      vertex 68.8888595327735 26.662939228117466 0
    endloop
  endfacet
  facet normal 0 0 -1
    outer loop
      vertex 69.05720652639866 0.23615746945142746 0
      vertex 68.8888595327735 26.662939228117466 0
      vertex 69.05720652639866 26.763842530548573 0
    endloop
  endfacet
  facet normal 0 0 -1
    outer loop
      vertex 69.23463313281536 0.15224093198776245 0
      vertex 69.05720652639866 26.763842530548573 0
      vertex 69.23463313281536 26.847759068012238 0
    endloop
  endfacet
  facet normal 0 0 -1
    outer loop
      vertex 69.41943064332008 0.08611933141946793 0
      vertex 69.23463313281536 26.847759068012238 0
      vertex 69.41943064332008 26.913880668580532 0
    endloop
  endfacet
  facet normal 0 0 -1
    outer loop
      vertex 69.6098193526268 0.038429439067840576 0
      vertex 69.41943064332008 26.913880668580532 0
      vertex 69.6098193526268 26.96157056093216 0
    endloop
  endfacet
  facet normal 0 0 -1
    outer loop
      vertex 69.80396571755409 0.009630545973777771 0
      vertex 69.6098193526268 26.96157056093216 0
      vertex 69.80396571755409 26.990369454026222 0
    endloop
  endfacet
  facet normal 0 0 -1
    outer loop
      vertex 70 0 0
      vertex 69.80396571755409 26.990369454026222 0
      vertex 70 27 0
    endloop
  endfacet
  facet normal 0 0 -1
    outer loop
      vertex 80 0 0
      vertex 70 27 0
      vertex 80 27 0
    endloop
  endfacet
  facet normal 0 0 -1
    outer loop
      vertex 82 2 0
      vertex 81.99036945402622 25.196034282445908 0
      vertex 82 25 0
    endloop
  endfacet
  facet normal 0 0 -1
    outer loop
      vertex 81.99036945402622 1.8039657175540924 0
      vertex 81.96157056093216 25.3901806473732 0
      vertex 81.99036945402622 25.196034282445908 0
    endloop
  endfacet
  facet normal 0 0 -1
    outer loop
      vertex 81.96157056093216 1.6098193526268005 0
      vertex 81.91388066858053 25.580569356679916 0
      vertex 81.96157056093216 25.3901806473732 0
    endloop
  endfacet
  facet normal 0 0 -1
    outer loop
      vertex 81.91388066858053 1.4194306433200836 0
      vertex 81.84775906801224 25.76536686718464 0
      vertex 81.91388066858053 25.580569356679916 0
    endloop
  endfacet
  facet normal 0 0 -1
    outer loop
      vertex 81.84775906801224 1.234633132815361 0
      vertex 81.76384253054857 25.94279347360134 0
      vertex 81.84775906801224 25.76536686718464 0
    endloop
  endfacet
  facet normal 0 0 -1
    outer loop
      vertex 81.76384253054857 1.0572065263986588 0
      vertex 81.66293922811747 26.111140467226505 0
      vertex 81.76384253054857 25.94279347360134 0
    endloop
  endfacet
  facet normal 0 0 -1
    outer loop
      vertex 80.19603428244591 0.009630545973777771 0
      vertex 80 27 0
      vertex 80.19603428244591 26.990369454026222 0
    endloop
  endfacet
  facet normal 0 0 -1
    outer loop
      vertex 80.3901806473732 0.038429439067840576 0
      vertex 80.19603428244591 26.990369454026222 0
      vertex 80.3901806473732 26.96157056093216 0
    endloop
  endfacet
  facet normal 0 0 -1
    outer loop
      vertex 80.58056935667992 0.08611933141946793 0
      vertex 80.3901806473732 26.96157056093216 0
      vertex 80.58056935667992 26.913880668580532 0
    endloop
  endfacet
  facet normal 0 0 -1
    outer loop
      vertex 80.76536686718464 0.15224093198776245 0
      vertex 80.58056935667992 26.913880668580532 0
      vertex 80.76536686718464 26.847759068012238 0
    endloop
  endfacet
  facet normal 0 0 -1
    outer loop
      vertex 81.1111404672265 0.337060771882534 0
      vertex 80.94279347360134 26.763842530548573 0
      vertex 81.1111404672265 26.662939228117466 0
    endloop
  endfacet
  facet normal 0 0 -1
    outer loop
      vertex 81.26878657191992 0.45397908985614777 0
      vertex 81.1111404672265 26.662939228117466 0
      vertex 81.26878657191992 26.546020910143852 0
    endloop
  endfacet
  facet normal 0 0 -1
    outer loop
      vertex 80.94279347360134 0.23615746945142746 0
      vertex 80.76536686718464 26.847759068012238 0
      vertex 80.94279347360134 26.763842530548573 0
    endloop
  endfacet
  facet normal 0 0 -1
    outer loop
      vertex 81.54602091014385 0.7312134280800819 0
      vertex 81.4142135605216 26.414213560521603 0
      vertex 81.54602091014385 26.268786571919918 0
    endloop
  endfacet
  facet normal 0 0 -1
    outer loop
      vertex 81.66293922811747 0.8888595327734947 0
      vertex 81.54602091014385 26.268786571919918 0
      vertex 81.66293922811747 26.111140467226505 0
    endloop
  endfacet
  facet normal 0 0 -1
    outer loop
      vertex 81.4142135605216 0.5857864394783974 0
      vertex 81.26878657191992 26.546020910143852 0
      vertex 81.4142135605216 26.414213560521603 0
    endloop
  endfacet
  facet normal -1 0 0
    outer loop
      vertex 68 2 0
      vertex 68 25 6
      vertex 68 25 0
    endloop
  endfacet
  facet normal -0.9987954563973426 0.049067670415704694 0
    outer loop
      vertex 68 25 0
      vertex 68.00963054597378 25.196034282445908 6
      vertex 68.00963054597378 25.196034282445908 0
    endloop
  endfacet
  facet normal -0.989176509724005 0.14673047607854153 0
    outer loop
      vertex 68.00963054597378 25.196034282445908 0
      vertex 68.03842943906784 25.3901806473732 6
      vertex 68.03842943906784 25.3901806473732 0
    endloop
  endfacet
  facet normal -0.9700312492284539 0.24298019573678303 0
    outer loop
      vertex 68.03842943906784 25.3901806473732 0
      vertex 68.08611933141947 25.580569356679916 6
      vertex 68.08611933141947 25.580569356679916 0
    endloop
  endfacet
  facet normal -0.941544074839288 0.33688982640476 0
    outer loop
      vertex 68.08611933141947 25.580569356679916 0
      vertex 68.15224093198776 25.76536686718464 6
      vertex 68.15224093198776 25.76536686718464 0
    endloop
  endfacet
  facet normal -0.9039892885496101 0.42755510310083966 0
    outer loop
      vertex 68.15224093198776 25.76536686718464 0
      vertex 68.23615746945143 25.94279347360134 6
      vertex 68.23615746945143 25.94279347360134 0
    endloop
  endfacet
  facet normal -0.8577286153979926 0.5141027351876691 0
    outer loop
      vertex 68.23615746945143 25.94279347360134 0
      vertex 68.33706077188253 26.111140467226505 6
      vertex 68.33706077188253 26.111140467226505 0
    endloop
  endfacet
  facet normal -0.8032075356003306 0.5956992989376803 0
    outer loop
      vertex 68.33706077188253 26.111140467226505 0
      vertex 68.45397908985615 26.268786571919918 6
      vertex 68.45397908985615 26.268786571919918 0
    endloop
  endfacet
  facet normal -0.7409510994850822 0.671558983390028 0
    outer loop
      vertex 68.45397908985615 26.268786571919918 0
      vertex 68.5857864394784 26.414213560521603 6
      vertex 68.5857864394784 26.414213560521603 0
    endloop
  endfacet
  facet normal -0.671558983390028 0.7409510994850822 0
    outer loop
      vertex 68.5857864394784 26.414213560521603 0
      vertex 68.73121342808008 26.546020910143852 6
      vertex 68.73121342808008 26.546020910143852 0
    endloop
  endfacet
  facet normal -0.5956992989376803 0.8032075356003306 0
    outer loop
      vertex 68.73121342808008 26.546020910143852 0
      vertex 68.8888595327735 26.662939228117466 6
      vertex 68.8888595327735 26.662939228117466 0
    endloop
  endfacet
  facet normal -0.5141027351876691 0.8577286153979926 0
    outer loop
      vertex 68.8888595327735 26.662939228117466 0
      vertex 69.05720652639866 26.763842530548573 6
      vertex 69.05720652639866 26.763842530548573 0
    endloop
  endfacet
  facet normal -0.42755510310083966 0.9039892885496101 0
    outer loop
      vertex 69.05720652639866 26.763842530548573 0
      vertex 69.23463313281536 26.847759068012238 6
      vertex 69.23463313281536 26.847759068012238 0
    endloop
  endfacet
  facet normal -0.33688982640476 0.941544074839288 0
    outer loop
      vertex 69.23463313281536 26.847759068012238 0
      vertex 69.41943064332008 26.913880668580532 6
      vertex 69.41943064332008 26.913880668580532 0
    endloop
  endfacet
  facet normal -0.24298019573678303 0.9700312492284539 0
    outer loop
      vertex 69.41943064332008 26.913880668580532 0
      vertex 69.6098193526268 26.96157056093216 6
      vertex 69.6098193526268 26.96157056093216 0
    endloop
  endfacet
  facet normal -0.14673047607854153 0.989176509724005 0
    outer loop
      vertex 69.6098193526268 26.96157056093216 0
      vertex 69.80396571755409 26.990369454026222 6
      vertex 69.80396571755409 26.990369454026222 0
    endloop
  endfacet
  facet normal -0.049067670415704694 0.9987954563973426 0
    outer loop
      vertex 69.80396571755409 26.990369454026222 0
      vertex 70 27 6
      vertex 70 27 0
    endloop
  endfacet
  facet normal 0 1 0
    outer loop
      vertex 70 27 0
      vertex 80 27 6
      vertex 80 27 0
    endloop
  endfacet
  facet normal 0.9987954563973426 0.049067670415704694 0
    outer loop
      vertex 82 25 0
      vertex 81.99036945402622 25.196034282445908 0
      vertex 82 25 6
    endloop
  endfacet
  facet normal 0.989176509724005 0.14673047607854153 0
    outer loop
      vertex 81.99036945402622 25.196034282445908 0
      vertex 81.96157056093216 25.3901806473732 0
      vertex 81.99036945402622 25.196034282445908 6
    endloop
  endfacet
  facet normal 0.9700312492284539 0.24298019573678303 0
    outer loop
      vertex 81.96157056093216 25.3901806473732 0
      vertex 81.91388066858053 25.580569356679916 0
      vertex 81.96157056093216 25.3901806473732 6
    endloop
  endfacet
  facet normal 0.941544074839288 0.33688982640476 0
    outer loop
      vertex 81.91388066858053 25.580569356679916 0
      vertex 81.84775906801224 25.76536686718464 0
      vertex 81.91388066858053 25.580569356679916 6
    endloop
  endfacet
  facet normal 0.9039892885496101 0.42755510310083966 0
    outer loop
      vertex 81.84775906801224 25.76536686718464 0
      vertex 81.76384253054857 25.94279347360134 0
      vertex 81.84775906801224 25.76536686718464 6
    endloop
  endfacet
  facet normal 0.8577286153979926 0.5141027351876691 0
    outer loop
      vertex 81.76384253054857 25.94279347360134 0
      vertex 81.66293922811747 26.111140467226505 0
      vertex 81.76384253054857 25.94279347360134 6
    endloop
  endfacet
  facet normal 0.049067670415704694 0.9987954563973426 0
    outer loop
      vertex 80 27 0
      vertex 80.19603428244591 26.990369454026222 6
      vertex 80.19603428244591 26.990369454026222 0
    endloop
  endfacet
  facet normal 0.14673047607854153 0.989176509724005 0
    outer loop
      vertex 80.19603428244591 26.990369454026222 0
      vertex 80.3901806473732 26.96157056093216 6
      vertex 80.3901806473732 26.96157056093216 0
    endloop
  endfacet
  facet normal 0.33688982640476 0.941544074839288 0
    outer loop
      vertex 80.58056935667992 26.913880668580532 0
      vertex 80.76536686718464 26.847759068012238 6
      vertex 80.76536686718464 26.847759068012238 0
    endloop
  endfacet
  facet normal 0.24298019573678303 0.9700312492284539 0
    outer loop
      vertex 80.3901806473732 26.96157056093216 0
      vertex 80.58056935667992 26.913880668580532 6
      vertex 80.58056935667992 26.913880668580532 0
    endloop
  endfacet
  facet normal 0.8032075356003306 0.5956992989376803 0
    outer loop
      vertex 81.66293922811747 26.111140467226505 0
      vertex 81.54602091014385 26.268786571919918 0
      vertex 81.66293922811747 26.111140467226505 6
    endloop
  endfacet
  facet normal 0.7409510994850822 0.671558983390028 0
    outer loop
      vertex 81.54602091014385 26.268786571919918 0
      vertex 81.4142135605216 26.414213560521603 0
      vertex 81.54602091014385 26.268786571919918 6
    endloop
  endfacet
  facet normal 0.671558983390028 0.7409510994850822 0
    outer loop
      vertex 81.26878657191992 26.546020910143852 0
      vertex 81.4142135605216 26.414213560521603 6
      vertex 81.4142135605216 26.414213560521603 0
    endloop
  endfacet
  facet normal 0.5956992989376803 0.8032075356003306 0
    outer loop
      vertex 81.26878657191992 26.546020910143852 0
      vertex 81.1111404672265 26.662939228117466 0
      vertex 81.26878657191992 26.546020910143852 6
    endloop
  endfacet
  facet normal 0.5141027351876691 0.8577286153979926 0
    outer loop
      vertex 80.94279347360134 26.763842530548573 0
      vertex 81.1111404672265 26.662939228117466 6
      vertex 81.1111404672265 26.662939228117466 0
    endloop
  endfacet
  facet normal 0.42755510310083966 0.9039892885496101 0
    outer loop
      vertex 80.94279347360134 26.763842530548573 0
      vertex 80.76536686718464 26.847759068012238 0
      vertex 80.94279347360134 26.763842530548573 6
    endloop
  endfacet
  facet normal 1 0 0
    outer loop
      vertex 82 2 6
      vertex 82 25 0
      vertex 82 25 6
    endloop
  endfacet
  facet normal 0 0 1
    outer loop
      vertex 68.00963054597378 1.8039657175540924 6
      vertex 68.00963054597378 25.196034282445908 6
      vertex 68 25 6
    endloop
  endfacet
  facet normal 0 0 1
    outer loop
      vertex 68.03842943906784 1.6098193526268005 6
      vertex 68.03842943906784 25.3901806473732 6
      vertex 68.00963054597378 25.196034282445908 6
    endloop
  endfacet
  facet normal 0 0 1
    outer loop
      vertex 68.08611933141947 1.4194306433200836 6
      vertex 68.08611933141947 25.580569356679916 6
      vertex 68.03842943906784 25.3901806473732 6
    endloop
  endfacet
  facet normal 0 0 1
    outer loop
      vertex 68.15224093198776 1.234633132815361 6
      vertex 68.15224093198776 25.76536686718464 6
      vertex 68.08611933141947 25.580569356679916 6
    endloop
  endfacet
  facet normal 0 0 1
    outer loop
      vertex 68.23615746945143 1.0572065263986588 6
      vertex 68.23615746945143 25.94279347360134 6
      vertex 68.15224093198776 25.76536686718464 6
    endloop
  endfacet
  facet normal 0 0 1
    outer loop
      vertex 68.33706077188253 0.8888595327734947 6
      vertex 68.33706077188253 26.111140467226505 6
      vertex 68.23615746945143 25.94279347360134 6
    endloop
  endfacet
  facet normal 0 0 1
    outer loop
      vertex 68.45397908985615 0.7312134280800819 6
      vertex 68.45397908985615 26.268786571919918 6
      vertex 68.33706077188253 26.111140467226505 6
    endloop
  endfacet
  facet normal 0 0 1
    outer loop
      vertex 68.5857864394784 0.5857864394783974 6
      vertex 68.5857864394784 26.414213560521603 6
      vertex 68.45397908985615 26.268786571919918 6
    endloop
  endfacet
  facet normal 0 0 1
    outer loop
      vertex 68.73121342808008 0.45397908985614777 6
      vertex 68.73121342808008 26.546020910143852 6
      vertex 68.5857864394784 26.414213560521603 6
    endloop
  endfacet
  facet normal 0 0 1
    outer loop
      vertex 68.8888595327735 0.337060771882534 6
      vertex 68.8888595327735 26.662939228117466 6
      vertex 68.73121342808008 26.546020910143852 6
    endloop
  endfacet
  facet normal 0 0 1
    outer loop
      vertex 69.05720652639866 0.23615746945142746 6
      vertex 69.05720652639866 26.763842530548573 6
      vertex 68.8888595327735 26.662939228117466 6
    endloop
  endfacet
  facet normal 0 0 1
    outer loop
      vertex 69.23463313281536 0.15224093198776245 6
      vertex 69.23463313281536 26.847759068012238 6
      vertex 69.05720652639866 26.763842530548573 6
    endloop
  endfacet
  facet normal 0 0 1
    outer loop
      vertex 69.41943064332008 0.08611933141946793 6
      vertex 69.41943064332008 26.913880668580532 6
      vertex 69.23463313281536 26.847759068012238 6
    endloop
  endfacet
  facet normal 0 0 1
    outer loop
      vertex 69.6098193526268 0.038429439067840576 6
      vertex 69.6098193526268 26.96157056093216 6
      vertex 69.41943064332008 26.913880668580532 6
    endloop
  endfacet
  facet normal 0 0 1
    outer loop
      vertex 69.80396571755409 0.009630545973777771 6
      vertex 69.80396571755409 26.990369454026222 6
      vertex 69.6098193526268 26.96157056093216 6
    endloop
  endfacet
  facet normal 0 0 1
    outer loop
      vertex 70 0 6
      vertex 70 27 6
      vertex 69.80396571755409 26.990369454026222 6
    endloop
  endfacet
  facet normal 0 0 1
    outer loop
      vertex 76.6673349766855 13.331653547427418 6
      vertex 75.34140806352822 19.283625759294345 6
      vertex 76.62679857074475 13.493483951332585 6
    endloop
  endfacet
  facet normal 0 0 1
    outer loop
      vertex 76.62679857074475 13.493483951332585 6
      vertex 75.34140806352822 19.283625759294345 6
      vertex 76.57059520526919 13.650561835020653 6
    endloop
  endfacet
  facet normal 0 0 1
    outer loop
      vertex 76.57059520526919 13.650561835020653 6
      vertex 75.34140806352822 19.283625759294345 6
      vertex 76.4992661493922 13.801374452604197 6
    endloop
  endfacet
  facet normal 0 0 1
    outer loop
      vertex 76.4992661493922 13.801374452604197 6
      vertex 75.34140806352822 19.283625759294345 6
      vertex 76.41349834091433 13.944469396133323 6
    endloop
  endfacet
  facet normal 0 0 1
    outer loop
      vertex 76.41349834091433 13.944469396133323 6
      vertex 75.34140806352822 19.283625759294345 6
      vertex 76.31411777071665 14.078468583078198 6
    endloop
  endfacet
  facet normal 0 0 1
    outer loop
      vertex 76.20208152801713 14.20208152801713 6
      vertex 75.34140806352822 19.283625759294345 6
      vertex 76.0784685830782 14.314117770716653 6
    endloop
  endfacet
  facet normal 0 0 1
    outer loop
      vertex 76.0784685830782 14.314117770716653 6
      vertex 75.34140806352822 19.283625759294345 6
      vertex 75.94446939613333 14.413498340914327 6
    endloop
  endfacet
  facet normal 0 0 1
    outer loop
      vertex 76.20208152801713 14.20208152801713 6
      vertex 76.31411777071665 14.078468583078198 6
      vertex 75.34140806352822 19.283625759294345 6
    endloop
  endfacet
  facet normal 0 0 1
    outer loop
      vertex 74.66834645257258 14.667334976685492 6
      vertex 74.83337086143975 14.691814035342734 6
      vertex 74.65859193647178 19.283625759294345 6
    endloop
  endfacet
  facet normal 0 0 1
    outer loop
      vertex 74.83337086143975 14.691814035342734 6
      vertex 75 14.7 6
      vertex 74.82847000442327 19.258426728323656 6
    endloop
  endfacet
  facet normal 0 0 1
    outer loop
      vertex 75 14.7 6
      vertex 75.16662913856025 14.691814035342734 6
      vertex 75 19.25 6
    endloop
  endfacet
  facet normal 0 0 1
    outer loop
      vertex 75.16662913856025 14.691814035342734 6
      vertex 75.33165354742742 14.667334976685492 6
      vertex 75.17152999557673 19.258426728323656 6
    endloop
  endfacet
  facet normal 0 0 1
    outer loop
      vertex 75.49348395133259 14.626798570744755 6
      vertex 75.34140806352822 19.283625759294345 6
      vertex 75.33165354742742 14.667334976685492 6
    endloop
  endfacet
  facet normal 0 0 1
    outer loop
      vertex 75.49348395133259 14.626798570744755 6
      vertex 75.65056183502065 14.570595205269187 6
      vertex 75.34140806352822 19.283625759294345 6
    endloop
  endfacet
  facet normal 0 0 1
    outer loop
      vertex 75.8013744526042 14.499266149392204 6
      vertex 75.94446939613333 14.413498340914327 6
      vertex 75.34140806352822 19.283625759294345 6
    endloop
  endfacet
  facet normal 0 0 1
    outer loop
      vertex 75.8013744526042 14.499266149392204 6
      vertex 75.34140806352822 19.283625759294345 6
      vertex 75.65056183502065 14.570595205269187 6
    endloop
  endfacet
  facet normal 0 0 1
    outer loop
      vertex 80 0 6
      vertex 76.61678918189475 20.330303993361092 6
      vertex 76.54336221260962 20.175055710554503 6
    endloop
  endfacet
  facet normal 0 0 1
    outer loop
      vertex 80 0 6
      vertex 76.67464558753136 20.49200181480469 6
      vertex 76.61678918189475 20.330303993361092 6
    endloop
  endfacet
  facet normal 0 0 1
    outer loop
      vertex 80 0 6
      vertex 76.71637424070565 20.658591936471776 6
      vertex 76.67464558753136 20.49200181480469 6
    endloop
  endfacet
  facet normal 0 0 1
    outer loop
      vertex 80 0 6
      vertex 76.74157327167634 20.82847000442327 6
      vertex 76.71637424070565 20.658591936471776 6
    endloop
  endfacet
  facet normal 0 0 1
    outer loop
      vertex 80 0 6
      vertex 80 27 6
      vertex 76.74157327167634 20.82847000442327 6
    endloop
  endfacet
  facet normal 0 0 1
    outer loop
      vertex 73.3326650233145 13.331653547427418 6
      vertex 73.37320142925525 13.493483951332585 6
      vertex 70 27 6
    endloop
  endfacet
  facet normal 0 0 1
    outer loop
      vertex 73.37320142925525 13.493483951332585 6
      vertex 73.42940479473081 13.650561835020653 6
      vertex 70 27 6
    endloop
  endfacet
  facet normal 0 0 1
    outer loop
      vertex 73.42940479473081 13.650561835020653 6
      vertex 73.5007338506078 13.801374452604197 6
      vertex 70 27 6
    endloop
  endfacet
  facet normal 0 0 1
    outer loop
      vertex 73.5007338506078 13.801374452604197 6
      vertex 73.58650165908567 13.944469396133323 6
      vertex 70 27 6
    endloop
  endfacet
  facet normal 0 0 1
    outer loop
      vertex 73.58650165908567 13.944469396133323 6
      vertex 73.68588222928335 14.078468583078198 6
      vertex 70 27 6
    endloop
  endfacet
  facet normal 0 0 1
    outer loop
      vertex 73.68588222928335 14.078468583078198 6
      vertex 73.79791847198287 14.20208152801713 6
      vertex 70 27 6
    endloop
  endfacet
  facet normal 0 0 1
    outer loop
      vertex 73.79791847198287 14.20208152801713 6
      vertex 73.92153141692181 14.314117770716653 6
      vertex 70 27 6
    endloop
  endfacet
  facet normal 0 0 1
    outer loop
      vertex 74.66834645257258 14.667334976685492 6
      vertex 74.1750557105545 19.456637787390378 6
      vertex 74.02775209221569 19.544928178470546 6
    endloop
  endfacet
  facet normal 0 0 1
    outer loop
      vertex 74.66834645257258 14.667334976685492 6
      vertex 73.88981175271363 19.64723170661521 6
      vertex 73.76256313292355 19.762563132923542 6
    endloop
  endfacet
  facet normal 0 0 1
    outer loop
      vertex 74.66834645257258 14.667334976685492 6
      vertex 74.02775209221569 19.544928178470546 6
      vertex 73.88981175271363 19.64723170661521 6
    endloop
  endfacet
  facet normal 0 0 1
    outer loop
      vertex 74.66834645257258 14.667334976685492 6
      vertex 73.76256313292355 19.762563132923542 6
      vertex 73.64723170661522 19.88981175271362 6
    endloop
  endfacet
  facet normal 0 0 1
    outer loop
      vertex 74.66834645257258 14.667334976685492 6
      vertex 73.64723170661522 19.88981175271362 6
      vertex 73.54492817847054 20.027752092215696 6
    endloop
  endfacet
  facet normal 0 0 1
    outer loop
      vertex 74.66834645257258 14.667334976685492 6
      vertex 73.54492817847054 20.027752092215696 6
      vertex 73.45663778739038 20.175055710554503 6
    endloop
  endfacet
  facet normal 0 0 1
    outer loop
      vertex 74.66834645257258 14.667334976685492 6
      vertex 73.45663778739038 20.175055710554503 6
      vertex 73.38321081810525 20.330303993361092 6
    endloop
  endfacet
  facet normal 0 0 1
    outer loop
      vertex 74.66834645257258 14.667334976685492 6
      vertex 73.38321081810525 20.330303993361092 6
      vertex 73.32535441246864 20.49200181480469 6
    endloop
  endfacet
  facet normal 0 0 1
    outer loop
      vertex 74.66834645257258 14.667334976685492 6
      vertex 74.65859193647178 19.283625759294345 6
      vertex 74.4920018148047 19.325354412468634 6
    endloop
  endfacet
  facet normal 0 0 1
    outer loop
      vertex 74.66834645257258 14.667334976685492 6
      vertex 74.4920018148047 19.325354412468634 6
      vertex 74.3303039933611 19.383210818105248 6
    endloop
  endfacet
  facet normal 0 0 1
    outer loop
      vertex 74.66834645257258 14.667334976685492 6
      vertex 74.3303039933611 19.383210818105248 6
      vertex 74.1750557105545 19.456637787390378 6
    endloop
  endfacet
  facet normal 0 0 1
    outer loop
      vertex 74.83337086143975 14.691814035342734 6
      vertex 74.82847000442327 19.258426728323656 6
      vertex 74.65859193647178 19.283625759294345 6
    endloop
  endfacet
  facet normal 0 0 1
    outer loop
      vertex 75 14.7 6
      vertex 75 19.25 6
      vertex 74.82847000442327 19.258426728323656 6
    endloop
  endfacet
  facet normal 0 0 1
    outer loop
      vertex 75.16662913856025 14.691814035342734 6
      vertex 75.17152999557673 19.258426728323656 6
      vertex 75 19.25 6
    endloop
  endfacet
  facet normal 0 0 1
    outer loop
      vertex 75.33165354742742 14.667334976685492 6
      vertex 75.34140806352822 19.283625759294345 6
      vertex 75.17152999557673 19.258426728323656 6
    endloop
  endfacet
  facet normal 0 0 1
    outer loop
      vertex 73.92153141692181 14.314117770716653 6
      vertex 74.05553060386667 14.413498340914327 6
      vertex 70 27 6
    endloop
  endfacet
  facet normal 0 0 1
    outer loop
      vertex 74.05553060386667 14.413498340914327 6
      vertex 74.1986255473958 14.499266149392204 6
      vertex 70 27 6
    endloop
  endfacet
  facet normal 0 0 1
    outer loop
      vertex 74.1986255473958 14.499266149392204 6
      vertex 74.34943816497935 14.570595205269187 6
      vertex 70 27 6
    endloop
  endfacet
  facet normal 0 0 1
    outer loop
      vertex 74.34943816497935 14.570595205269187 6
      vertex 74.50651604866741 14.626798570744755 6
      vertex 70 27 6
    endloop
  endfacet
  facet normal 0 0 1
    outer loop
      vertex 74.50651604866741 14.626798570744755 6
      vertex 74.66834645257258 14.667334976685492 6
      vertex 70 27 6
    endloop
  endfacet
  facet normal 0 0 1
    outer loop
      vertex 74.66834645257258 14.667334976685492 6
      vertex 73.32535441246864 20.49200181480469 6
      vertex 73.28362575929435 20.658591936471776 6
    endloop
  endfacet
  facet normal 0 0 1
    outer loop
      vertex 82 2 6
      vertex 82 25 6
      vertex 81.99036945402622 25.196034282445908 6
    endloop
  endfacet
  facet normal 0 0 1
    outer loop
      vertex 81.99036945402622 1.8039657175540924 6
      vertex 81.99036945402622 25.196034282445908 6
      vertex 81.96157056093216 25.3901806473732 6
    endloop
  endfacet
  facet normal 0 0 1
    outer loop
      vertex 81.96157056093216 1.6098193526268005 6
      vertex 81.96157056093216 25.3901806473732 6
      vertex 81.91388066858053 25.580569356679916 6
    endloop
  endfacet
  facet normal 0 0 1
    outer loop
      vertex 81.91388066858053 1.4194306433200836 6
      vertex 81.91388066858053 25.580569356679916 6
      vertex 81.84775906801224 25.76536686718464 6
    endloop
  endfacet
  facet normal 0 0 1
    outer loop
      vertex 81.84775906801224 1.234633132815361 6
      vertex 81.84775906801224 25.76536686718464 6
      vertex 81.76384253054857 25.94279347360134 6
    endloop
  endfacet
  facet normal 0 0 1
    outer loop
      vertex 81.76384253054857 1.0572065263986588 6
      vertex 81.76384253054857 25.94279347360134 6
      vertex 81.66293922811747 26.111140467226505 6
    endloop
  endfacet
  facet normal 0 0 1
    outer loop
      vertex 80.19603428244591 0.009630545973777771 6
      vertex 80.19603428244591 26.990369454026222 6
      vertex 80 27 6
    endloop
  endfacet
  facet normal 0 0 1
    outer loop
      vertex 80.3901806473732 0.038429439067840576 6
      vertex 80.3901806473732 26.96157056093216 6
      vertex 80.19603428244591 26.990369454026222 6
    endloop
  endfacet
  facet normal 0 0 1
    outer loop
      vertex 80.58056935667992 0.08611933141946793 6
      vertex 80.58056935667992 26.913880668580532 6
      vertex 80.3901806473732 26.96157056093216 6
    endloop
  endfacet
  facet normal 0 0 1
    outer loop
      vertex 80.76536686718464 0.15224093198776245 6
      vertex 80.76536686718464 26.847759068012238 6
      vertex 80.58056935667992 26.913880668580532 6
    endloop
  endfacet
  facet normal 0 0 1
    outer loop
      vertex 81.1111404672265 0.337060771882534 6
      vertex 81.1111404672265 26.662939228117466 6
      vertex 80.94279347360134 26.763842530548573 6
    endloop
  endfacet
  facet normal 0 0 1
    outer loop
      vertex 81.26878657191992 0.45397908985614777 6
      vertex 81.26878657191992 26.546020910143852 6
      vertex 81.1111404672265 26.662939228117466 6
    endloop
  endfacet
  facet normal 0 0 1
    outer loop
      vertex 80.94279347360134 0.23615746945142746 6
      vertex 80.94279347360134 26.763842530548573 6
      vertex 80.76536686718464 26.847759068012238 6
    endloop
  endfacet
  facet normal 0 0 1
    outer loop
      vertex 81.54602091014385 0.7312134280800819 6
      vertex 81.54602091014385 26.268786571919918 6
      vertex 81.4142135605216 26.414213560521603 6
    endloop
  endfacet
  facet normal 0 0 1
    outer loop
      vertex 81.66293922811747 0.8888595327734947 6
      vertex 81.66293922811747 26.111140467226505 6
      vertex 81.54602091014385 26.268786571919918 6
    endloop
  endfacet
  facet normal 0 0 1
    outer loop
      vertex 81.4142135605216 0.5857864394783974 6
      vertex 81.4142135605216 26.414213560521603 6
      vertex 81.26878657191992 26.546020910143852 6
    endloop
  endfacet
  facet normal -0.9987954563973426 0.049067670415704694 0
    outer loop
      vertex 68 25 0
      vertex 68 25 6
      vertex 68.00963054597378 25.196034282445908 6
    endloop
  endfacet
  facet normal -0.989176509724005 0.14673047607854153 0
    outer loop
      vertex 68.00963054597378 25.196034282445908 0
      vertex 68.00963054597378 25.196034282445908 6
      vertex 68.03842943906784 25.3901806473732 6
    endloop
  endfacet
  facet normal -0.9700312492284539 0.24298019573678303 0
    outer loop
      vertex 68.03842943906784 25.3901806473732 0
      vertex 68.03842943906784 25.3901806473732 6
      vertex 68.08611933141947 25.580569356679916 6
    endloop
  endfacet
  facet normal -0.941544074839288 0.33688982640476 0
    outer loop
      vertex 68.08611933141947 25.580569356679916 0
      vertex 68.08611933141947 25.580569356679916 6
      vertex 68.15224093198776 25.76536686718464 6
    endloop
  endfacet
  facet normal -0.9039892885496101 0.42755510310083966 0
    outer loop
      vertex 68.15224093198776 25.76536686718464 0
      vertex 68.15224093198776 25.76536686718464 6
      vertex 68.23615746945143 25.94279347360134 6
    endloop
  endfacet
  facet normal -0.8577286153979926 0.5141027351876691 0
    outer loop
      vertex 68.23615746945143 25.94279347360134 0
      vertex 68.23615746945143 25.94279347360134 6
      vertex 68.33706077188253 26.111140467226505 6
    endloop
  endfacet
  facet normal -0.8032075356003306 0.5956992989376803 0
    outer loop
      vertex 68.33706077188253 26.111140467226505 0
      vertex 68.33706077188253 26.111140467226505 6
      vertex 68.45397908985615 26.268786571919918 6
    endloop
  endfacet
  facet normal -0.7409510994850822 0.671558983390028 0
    outer loop
      vertex 68.45397908985615 26.268786571919918 0
      vertex 68.45397908985615 26.268786571919918 6
      vertex 68.5857864394784 26.414213560521603 6
    endloop
  endfacet
  facet normal -0.671558983390028 0.7409510994850822 0
    outer loop
      vertex 68.5857864394784 26.414213560521603 0
      vertex 68.5857864394784 26.414213560521603 6
      vertex 68.73121342808008 26.546020910143852 6
    endloop
  endfacet
  facet normal -0.5956992989376803 0.8032075356003306 0
    outer loop
      vertex 68.73121342808008 26.546020910143852 0
      vertex 68.73121342808008 26.546020910143852 6
      vertex 68.8888595327735 26.662939228117466 6
    endloop
  endfacet
  facet normal -0.5141027351876691 0.8577286153979926 0
    outer loop
      vertex 68.8888595327735 26.662939228117466 0
      vertex 68.8888595327735 26.662939228117466 6
      vertex 69.05720652639866 26.763842530548573 6
    endloop
  endfacet
  facet normal -0.42755510310083966 0.9039892885496101 0
    outer loop
      vertex 69.05720652639866 26.763842530548573 0
      vertex 69.05720652639866 26.763842530548573 6
      vertex 69.23463313281536 26.847759068012238 6
    endloop
  endfacet
  facet normal -0.33688982640476 0.941544074839288 0
    outer loop
      vertex 69.23463313281536 26.847759068012238 0
      vertex 69.23463313281536 26.847759068012238 6
      vertex 69.41943064332008 26.913880668580532 6
    endloop
  endfacet
  facet normal -0.24298019573678303 0.9700312492284539 0
    outer loop
      vertex 69.41943064332008 26.913880668580532 0
      vertex 69.41943064332008 26.913880668580532 6
      vertex 69.6098193526268 26.96157056093216 6
    endloop
  endfacet
  facet normal -0.14673047607854153 0.989176509724005 0
    outer loop
      vertex 69.6098193526268 26.96157056093216 0
      vertex 69.6098193526268 26.96157056093216 6
      vertex 69.80396571755409 26.990369454026222 6
    endloop
  endfacet
  facet normal -0.049067670415704694 0.9987954563973426 0
    outer loop
      vertex 69.80396571755409 26.990369454026222 0
      vertex 69.80396571755409 26.990369454026222 6
      vertex 70 27 6
    endloop
  endfacet
  facet normal 0 1 0
    outer loop
      vertex 70 27 0
      vertex 70 27 6
      vertex 80 27 6
    endloop
  endfacet
  facet normal 0.9987954563973426 0.049067670415704694 0
    outer loop
      vertex 81.99036945402622 25.196034282445908 0
      vertex 81.99036945402622 25.196034282445908 6
      vertex 82 25 6
    endloop
  endfacet
  facet normal 0.989176509724005 0.14673047607854153 0
    outer loop
      vertex 81.96157056093216 25.3901806473732 0
      vertex 81.96157056093216 25.3901806473732 6
      vertex 81.99036945402622 25.196034282445908 6
    endloop
  endfacet
  facet normal 0.9700312492284539 0.24298019573678303 0
    outer loop
      vertex 81.91388066858053 25.580569356679916 0
      vertex 81.91388066858053 25.580569356679916 6
      vertex 81.96157056093216 25.3901806473732 6
    endloop
  endfacet
  facet normal 0.941544074839288 0.33688982640476 0
    outer loop
      vertex 81.84775906801224 25.76536686718464 0
      vertex 81.84775906801224 25.76536686718464 6
      vertex 81.91388066858053 25.580569356679916 6
    endloop
  endfacet
  facet normal 0.9039892885496101 0.42755510310083966 0
    outer loop
      vertex 81.76384253054857 25.94279347360134 0
      vertex 81.76384253054857 25.94279347360134 6
      vertex 81.84775906801224 25.76536686718464 6
    endloop
  endfacet
  facet normal 0.8577286153979926 0.5141027351876691 0
    outer loop
      vertex 81.66293922811747 26.111140467226505 0
      vertex 81.66293922811747 26.111140467226505 6
      vertex 81.76384253054857 25.94279347360134 6
    endloop
  endfacet
  facet normal 0.049067670415704694 0.9987954563973426 0
    outer loop
      vertex 80 27 0
      vertex 80 27 6
      vertex 80.19603428244591 26.990369454026222 6
    endloop
  endfacet
  facet normal 0.14673047607854153 0.989176509724005 0
    outer loop
      vertex 80.19603428244591 26.990369454026222 0
      vertex 80.19603428244591 26.990369454026222 6
      vertex 80.3901806473732 26.96157056093216 6
    endloop
  endfacet
  facet normal 0.33688982640476 0.941544074839288 0
    outer loop
      vertex 80.58056935667992 26.913880668580532 0
      vertex 80.58056935667992 26.913880668580532 6
      vertex 80.76536686718464 26.847759068012238 6
    endloop
  endfacet
  facet normal 0.24298019573678303 0.9700312492284539 0
    outer loop
      vertex 80.3901806473732 26.96157056093216 0
      vertex 80.3901806473732 26.96157056093216 6
      vertex 80.58056935667992 26.913880668580532 6
    endloop
  endfacet
  facet normal 0.671558983390028 0.7409510994850822 0
    outer loop
      vertex 81.26878657191992 26.546020910143852 0
      vertex 81.26878657191992 26.546020910143852 6
      vertex 81.4142135605216 26.414213560521603 6
    endloop
  endfacet
  facet normal 0.8032075356003306 0.5956992989376803 0
    outer loop
      vertex 81.54602091014385 26.268786571919918 0
      vertex 81.54602091014385 26.268786571919918 6
      vertex 81.66293922811747 26.111140467226505 6
    endloop
  endfacet
  facet normal 0.7409510994850822 0.671558983390028 0
    outer loop
      vertex 81.4142135605216 26.414213560521603 0
      vertex 81.4142135605216 26.414213560521603 6
      vertex 81.54602091014385 26.268786571919918 6
    endloop
  endfacet
  facet normal 0.5141027351876691 0.8577286153979926 0
    outer loop
      vertex 80.94279347360134 26.763842530548573 0
      vertex 80.94279347360134 26.763842530548573 6
      vertex 81.1111404672265 26.662939228117466 6
    endloop
  endfacet
  facet normal 0.5956992989376803 0.8032075356003306 0
    outer loop
      vertex 81.1111404672265 26.662939228117466 0
      vertex 81.1111404672265 26.662939228117466 6
      vertex 81.26878657191992 26.546020910143852 6
    endloop
  endfacet
  facet normal 0.42755510310083966 0.9039892885496101 0
    outer loop
      vertex 80.76536686718464 26.847759068012238 0
      vertex 80.76536686718464 26.847759068012238 6
      vertex 80.94279347360134 26.763842530548573 6
    endloop
  endfacet
  facet normal 0 0 1
    outer loop
      vertex 74.66834645257258 14.667334976685492 6
      vertex 73.28362575929435 20.658591936471776 6
      vertex 70 27 6
    endloop
  endfacet
  facet normal 0 0 1
    outer loop
      vertex 70 27 6
      vertex 73.28362575929435 20.658591936471776 6
      vertex 73.25842672832366 20.82847000442327 6
    endloop
  endfacet
  facet normal 0 0 1
    outer loop
      vertex 70 27 6
      vertex 73.25842672832366 20.82847000442327 6
      vertex 73.25 21 6
    endloop
  endfacet
  facet normal 0 0 1
    outer loop
      vertex 70 27 6
      vertex 73.25 21 6
      vertex 73.25842672832366 21.17152999557673 6
    endloop
  endfacet
  facet normal 0 0 1
    outer loop
      vertex 70 27 6
      vertex 73.25842672832366 21.17152999557673 6
      vertex 73.28362575929435 21.341408063528224 6
    endloop
  endfacet
  facet normal 0 0 1
    outer loop
      vertex 70 27 6
      vertex 73.28362575929435 21.341408063528224 6
      vertex 73.32535441246864 21.50799818519531 6
    endloop
  endfacet
  facet normal 0 0 1
    outer loop
      vertex 70 27 6
      vertex 73.32535441246864 21.50799818519531 6
      vertex 73.38321081810525 21.669696006638908 6
    endloop
  endfacet
  facet normal 0 0 1
    outer loop
      vertex 70 27 6
      vertex 73.38321081810525 21.669696006638908 6
      vertex 73.45663778739038 21.824944289445497 6
    endloop
  endfacet
  facet normal 0 0 1
    outer loop
      vertex 70 27 6
      vertex 73.45663778739038 21.824944289445497 6
      vertex 73.54492817847054 21.972247907784304 6
    endloop
  endfacet
  facet normal 0 0 1
    outer loop
      vertex 76.74157327167634 20.82847000442327 6
      vertex 80 27 6
      vertex 76.75 21 6
    endloop
  endfacet
  facet normal 0 0 1
    outer loop
      vertex 76.75 21 6
      vertex 80 27 6
      vertex 76.74157327167634 21.17152999557673 6
    endloop
  endfacet
  facet normal 0 0 1
    outer loop
      vertex 76.74157327167634 21.17152999557673 6
      vertex 80 27 6
      vertex 76.71637424070565 21.341408063528224 6
    endloop
  endfacet
  facet normal 0 0 1
    outer loop
      vertex 76.71637424070565 21.341408063528224 6
      vertex 80 27 6
      vertex 76.67464558753136 21.50799818519531 6
    endloop
  endfacet
  facet normal 0 0 1
    outer loop
      vertex 76.67464558753136 21.50799818519531 6
      vertex 80 27 6
      vertex 76.61678918189475 21.669696006638908 6
    endloop
  endfacet
  facet normal 0 0 1
    outer loop
      vertex 76.61678918189475 21.669696006638908 6
      vertex 80 27 6
      vertex 76.54336221260962 21.824944289445497 6
    endloop
  endfacet
  facet normal 0 0 1
    outer loop
      vertex 76.54336221260962 21.824944289445497 6
      vertex 80 27 6
      vertex 76.45507182152946 21.972247907784304 6
    endloop
  endfacet
  facet normal 0 0 1
    outer loop
      vertex 70 27 6
      vertex 73.54492817847054 21.972247907784304 6
      vertex 73.64723170661522 22.11018824728638 6
    endloop
  endfacet
  facet normal 0 0 1
    outer loop
      vertex 70 27 6
      vertex 73.64723170661522 22.11018824728638 6
      vertex 73.76256313292355 22.237436867076458 6
    endloop
  endfacet
  facet normal 0 0 1
    outer loop
      vertex 70 27 6
      vertex 73.76256313292355 22.237436867076458 6
      vertex 73.88981175271363 22.35276829338479 6
    endloop
  endfacet
  facet normal 0 0 1
    outer loop
      vertex 70 27 6
      vertex 73.88981175271363 22.35276829338479 6
      vertex 74.02775209221569 22.455071821529454 6
    endloop
  endfacet
  facet normal 0 0 1
    outer loop
      vertex 70 27 6
      vertex 74.02775209221569 22.455071821529454 6
      vertex 74.1750557105545 22.543362212609622 6
    endloop
  endfacet
  facet normal 0 0 1
    outer loop
      vertex 70 27 6
      vertex 74.1750557105545 22.543362212609622 6
      vertex 74.3303039933611 22.616789181894752 6
    endloop
  endfacet
  facet normal 0 0 1
    outer loop
      vertex 70 27 6
      vertex 74.3303039933611 22.616789181894752 6
      vertex 74.4920018148047 22.674645587531366 6
    endloop
  endfacet
  facet normal 0 0 1
    outer loop
      vertex 70 27 6
      vertex 74.4920018148047 22.674645587531366 6
      vertex 74.65859193647178 22.716374240705655 6
    endloop
  endfacet
  facet normal 0 0 1
    outer loop
      vertex 70 27 6
      vertex 74.65859193647178 22.716374240705655 6
      vertex 74.82847000442327 22.741573271676344 6
    endloop
  endfacet
  facet normal 0 0 1
    outer loop
      vertex 70 27 6
      vertex 74.82847000442327 22.741573271676344 6
      vertex 75 22.75 6
    endloop
  endfacet
  facet normal 0 0 1
    outer loop
      vertex 70 27 6
      vertex 75.34140806352822 22.716374240705655 6
      vertex 75.5079981851953 22.674645587531366 6
    endloop
  endfacet
  facet normal 0 0 1
    outer loop
      vertex 70 27 6
      vertex 75 22.75 6
      vertex 75.17152999557673 22.741573271676344 6
    endloop
  endfacet
  facet normal 0 0 1
    outer loop
      vertex 70 27 6
      vertex 75.17152999557673 22.741573271676344 6
      vertex 75.34140806352822 22.716374240705655 6
    endloop
  endfacet
  facet normal 0 0 1
    outer loop
      vertex 70 27 6
      vertex 75.5079981851953 22.674645587531366 6
      vertex 75.6696960066389 22.616789181894752 6
    endloop
  endfacet
  facet normal 0 0 1
    outer loop
      vertex 70 27 6
      vertex 75.6696960066389 22.616789181894752 6
      vertex 80 27 6
    endloop
  endfacet
  facet normal 0 0 1
    outer loop
      vertex 76.11018824728637 22.35276829338479 6
      vertex 76.23743686707645 22.237436867076458 6
      vertex 80 27 6
    endloop
  endfacet
  facet normal 0 0 1
    outer loop
      vertex 76.11018824728637 22.35276829338479 6
      vertex 80 27 6
      vertex 75.97224790778431 22.455071821529454 6
    endloop
  endfacet
  facet normal 0 0 1
    outer loop
      vertex 75.8249442894455 22.543362212609622 6
      vertex 75.97224790778431 22.455071821529454 6
      vertex 80 27 6
    endloop
  endfacet
  facet normal 0 0 1
    outer loop
      vertex 76.45507182152946 21.972247907784304 6
      vertex 80 27 6
      vertex 76.35276829338478 22.11018824728638 6
    endloop
  endfacet
  facet normal 0 0 1
    outer loop
      vertex 76.35276829338478 22.11018824728638 6
      vertex 80 27 6
      vertex 76.23743686707645 22.237436867076458 6
    endloop
  endfacet
  facet normal 0 0 1
    outer loop
      vertex 75.8249442894455 22.543362212609622 6
      vertex 80 27 6
      vertex 75.6696960066389 22.616789181894752 6
    endloop
  endfacet
endsolid OpenSCAD_Model
